date_utc,body,stellarium_frame,ty_ra_deg,ty_dec_deg,stellarium_ra_deg,stellarium_dec_deg,dra_deg,ddec_deg,separation_deg
2025-06-21T00:00:00,moon,j2000,27.612500000000004,14.540833333333333,25.389374791812713,13.752927471367174,2.223125208187298,0.7879058619661592,2.295153446563018
2025-06-21T00:00:00,moon,of_date,27.612500000000004,14.540833333333333,25.73073358791646,13.882044851015351,1.8817664120835502,0.6587884823179824,1.9394752057483358
2025-06-21T06:00:00,moon,j2000,30.974999999999998,15.995555555555555,28.790739534536783,15.267681497547306,2.184260465463211,0.7278740580082488,2.2258231706181406
2025-06-21T06:00:00,moon,of_date,30.974999999999998,15.995555555555555,29.135839371412715,15.393059305712601,1.8391606285872797,0.6024962498429538,1.8702807555460268
2025-06-21T12:00:00,moon,j2000,34.3875,17.39638888888889,32.25314327967834,16.73540818088923,2.134356720321648,0.6609807079996592,2.1447449041618545
2025-06-21T12:00:00,moon,of_date,34.3875,17.39638888888889,32.602352906771614,16.85652809587804,1.7851470932283746,0.539860793010849,1.789357009485095
2025-06-21T18:00:00,moon,j2000,37.85416666666667,18.73611111111111,35.77979014710411,18.148910766572378,2.074376519562577,0.5872003445387328,2.053560331585252
2025-06-21T18:00:00,moon,of_date,37.85416666666667,18.73611111111111,36.13342727662712,18.265238162379465,1.7207393900395687,0.4708729487316461,1.6983785592561302
2025-06-22T00:00:00,moon,j2000,41.375,20.009444444444444,39.37314591667166,19.500813283216246,2.0018540833283396,0.5086311612281982,1.9514675394953984
2025-06-22T00:00:00,moon,of_date,41.375,20.009444444444444,39.73147594405816,19.611803259234154,1.643524055941839,0.3976411852102899,1.5965578028798424
2025-06-22T06:00:00,moon,j2000,44.94583333333333,21.209444444444443,43.034789063400126,20.783622659381592,1.9110442699331998,0.4258217850628512,1.8342502774680007
2025-06-22T06:00:00,moon,of_date,44.94583333333333,21.209444444444443,43.39801384377631,20.888723770536437,1.547819489557014,0.3207206739080064,1.4797054739617368
2025-06-22T12:00:00,moon,j2000,48.57083333333333,22.330555555555556,46.765257254414394,21.989809070420634,1.8055760789189321,0.3407464851349218,1.7065542454039562
2025-06-22T12:00:00,moon,of_date,48.57083333333333,22.330555555555556,47.13350354231909,22.088468299307554,1.4373297910142355,0.2420872562480021,1.3525265539493934
2025-06-22T18:00:00,moon,j2000,52.25,23.366944444444446,50.56389818456853,23.111904888641057,1.6861018154314706,0.2550395558033891,1.5701393010140536
2025-06-22T18:00:00,moon,of_date,52.25,23.366944444444446,50.93720634483219,23.203573915834912,1.312793655167809,0.1633705286095335,1.2168758251933365
2025-06-23T00:00:00,moon,j2000,55.97916666666667,24.31277777777778,54.42873498129143,24.142621609702566,1.5504316853752584,0.17015616807521283,1.4240665964260228
2025-06-23T00:00:00,moon,of_date,55.97916666666667,24.31277777777778,54.80704875437152,24.226764362918615,1.172117912295164,0.08601341485916336,1.0719794705288894
2025-06-23T06:00:00,moon,j2000,59.75,25.16333333333333,58.35635856304202,25.074982796934574,1.393641436957978,0.08835053639875667,1.2649239055891328
2025-06-23T06:00:00,moon,of_date,59.75,25.16333333333333,58.73951681139283,25.1510841606147,1.010483188607168,0.012249172718629353,0.9147134707998733
2025-06-23T12:00:00,moon,j2000,63.56666666666666,25.913888888888888,62.341860269218955,25.902469383383423,1.2248063974477077,0.01141950550546511,1.1017629127179631
2025-06-23T12:00:00,moon,of_date,63.56666666666666,25.913888888888888,62.72959170665098,25.970044833186194,0.8370749600156842,-0.05615594429730564,0.7548197448456676
2025-06-23T18:00:00,moon,j2000,67.42083333333333,26.560000000000002,66.37881815053515,26.61917198475927,1.0420151827981954,-0.059171984759267104,0.9336813298788559
2025-06-23T18:00:00,moon,of_date,67.42083333333333,26.560000000000002,66.77074002789237,26.67777778568094,0.6500933054409757,-0.11777778568093922,0.5930006748223471
2025-06-24T00:00:00,moon,j2000,71.30416666666666,27.09861111111111,70.4593481104331,27.219943145407996,0.8448185562335766,-0.12133203429688422,0.7613976218173344
2025-06-24T00:00:00,moon,of_date,71.30416666666666,27.09861111111111,70.85496966822268,27.269186634357045,0.44919699844399474,-0.17057552324593317,0.4344657442024878
2025-06-24T06:00:00,moon,j2000,75.2125,27.526944444444442,74.57422739186057,27.70054118271801,0.638272608139431,-0.1735967382735666,0.5916100306876995
2025-06-24T06:00:00,moon,of_date,75.2125,27.526944444444442,74.97295858266767,27.740090564605445,0.23954141733233314,-0.21314612016100298,0.30077803881526116
2025-06-24T12:00:00,moon,j2000,79.13333333333333,27.842777777777776,78.71309194342143,28.057756587526153,0.42024138991189375,-0.21497880974837713,0.42897715674091136
2025-06-24T12:00:00,moon,of_date,79.13333333333333,27.842777777777776,79.11425748916486,28.087349629011996,0.019075844168469303,-0.24457185123421965,0.24515150245230294
2025-06-24T18:00:00,moon,j2000,83.05833333333332,28.04527777777778,82.86470242564201,28.2895121787209,0.19363090769132896,-0.244234400943121,0.29797435768829933
2025-06-24T18:00:00,moon,of_date,83.05833333333332,28.04527777777778,83.26756075460094,28.308963200505747,-0.20922742126759886,-0.263685422727967,0.32178433911721677
2025-06-25T00:00:00,moon,j2000,86.98333333333333,28.134166666666665,87.01726594562678,28.394929369426837,-0.0339326122934267,-0.26076270276017155,0.26246982257660295
2025-06-25T00:00:00,moon,of_date,86.98333333333333,28.134166666666665,87.42103202583252,28.404134025040232,-0.4376986924991684,-0.26996735837356667,0.4706255917218892
2025-06-25T06:00:00,moon,j2000,90.89583333333333,28.109722222222224,91.15879427182006,28.374355092405278,-0.2629609384867422,-0.26463287018305337,0.3517035554572695
2025-06-25T06:00:00,moon,of_date,90.89583333333333,28.109722222222224,91.56266490970546,28.373292573148575,-0.6668315763721466,-0.2635703509263507,0.6438694003072293
2025-06-25T12:00:00,moon,j2000,94.78750000000001,27.973611111111108,95.27747455301267,28.229346836465638,-0.4899745530126438,-0.2557357253545298,0.5022038103299593
2025-06-25T12:00:00,moon,of_date,94.78750000000001,27.973611111111108,95.68065444059766,28.218079342369933,-0.893154440597641,-0.2444682312588249,0.8249582383262953
2025-06-25T18:00:00,moon,j2000,98.64999999999999,27.727777777777778,99.36202724613611,27.962616548280522,-0.712027246136131,-0.23483877050274415,0.6719543345752108
2025-06-25T18:00:00,moon,of_date,98.64999999999999,27.727777777777778,99.76375397030057,27.94128608535249,-1.1137539703005928,-0.21350830757471329,1.0077648428044947
2025-06-26T00:00:00,moon,j2000,102.475,27.37527777777778,103.40202731402462,27.57793736589715,-0.9270273140246275,-0.20265958811937068,0.8470558389534485
2025-06-26T00:00:00,moon,of_date,102.475,27.37527777777778,103.80159369842863,27.546760140523915,-1.3265936984286384,-0.17148236274613637,1.1895383067485408
2025-06-26T06:00:00,moon,j2000,106.25833333333333,26.92,107.38816951022335,27.080019849040358,-1.1298361768900236,-0.16001984904035638,1.0193261584850601
2025-06-26T06:00:00,moon,of_date,106.25833333333333,26.92,107.78494200998682,27.039278701159088,-1.5266086766534954,-0.1192787011590859,1.3656746754811602
2025-06-26T12:00:00,moon,j2000,109.99583333333332,26.365555555555556,111.31246492536462,26.474366228739438,-1.3166315920312854,-0.10881067318388205,1.1841229129138682
2025-06-26T12:00:00,moon,of_date,109.99583333333332,26.365555555555556,111.70589726757083,26.424401657037034,-1.7100639342374961,-0.058846101481478286,1.5329095772834445
2025-06-26T18:00:00,moon,j2000,113.675,25.716666666666665,115.1683636472689,25.767111994367767,-1.4933636472688931,-0.05044532770110166,1.346100134082259
2025-06-26T18:00:00,moon,of_date,113.675,25.716666666666665,115.55800542147813,25.708312369949326,-1.8830054214781171,0.008354296717339338,1.6965610688511379
2025-06-27T00:00:00,moon,j2000,117.29583333333332,24.978055555555553,118.95080515628104,24.964863980174616,-1.654971822947715,0.013191575380936627,1.5003107545043648
2025-06-27T00:00:00,moon,of_date,117.29583333333332,24.978055555555553,119.33630552899979,24.897655525038267,-2.0404721956664673,0.08040003051728561,1.8519584819130548
2025-06-27T06:00:00,moon,j2000,120.85416666666669,24.155555555555555,122.65620402406375,24.074543075583975,-1.8020373573970687,0.08101247997158012,1.6467503490000188
2025-06-27T06:00:00,moon,of_date,120.85416666666669,24.155555555555555,123.03731112075292,23.999380110932396,-2.183144454086232,0.1561754446231589,1.9992874290916607
2025-06-27T12:00:00,moon,j2000,124.35,23.254166666666666,126.28238217002189,23.103238145457407,-1.9323821700218957,0.15092852120925926,1.7827899313642157
2025-06-27T12:00:00,moon,of_date,124.35,23.254166666666666,126.6589389085766,23.020594011580016,-2.308938908576607,0.23357265508665037,2.1360047445925865
2025-06-27T18:00:00,moon,j2000,127.78333333333335,22.279166666666665,129.8284611080718,22.058075849306487,-2.0451277747384324,0.221090817360178,1.9067915010266951
2025-06-27T18:00:00,moon,of_date,127.78333333333335,22.279166666666665,130.20039837668133,21.96843478129996,-2.417065043347975,0.3107318853667067,2.2605327517902345
2025-06-28T00:00:00,moon,j2000,131.15416666666667,21.23638888888889,133.29472754277435,20.946109252650007,-2.140560876107685,0.290279636238882,2.018128819189879
2025-06-28T00:00:00,moon,of_date,131.15416666666667,21.23638888888889,133.662055612352,20.8499593817854,-2.5078889456853233,0.38642950710348956,2.3722925303979423
2025-06-28T06:00:00,moon,j2000,134.45833333333331,20.13111111111111,136.6824847313527,19.774226418220326,-2.224151398019387,0.35688469289078384,2.120868974018839
2025-06-28T06:00:00,moon,of_date,134.45833333333331,20.13111111111111,137.04528370817462,19.672053967722153,-2.586950374841308,0.4590571433889572,2.4753600299917307
2025-06-28T12:00:00,moon,j2000,137.70416666666665,18.968888888888888,139.993899888363,18.549078864717757,-2.2897332216963378,0.4198100241711309,2.208350850851801
2025-06-28T12:00:00,moon,of_date,137.70416666666665,18.968888888888888,140.35230987940486,18.441363528209333,-2.648143212738205,0.5275253606795545,2.5631111920100196
2025-06-28T18:00:00,moon,j2000,140.8875,17.754722222222224,143.23185581398957,17.277028706994265,-2.34435581398958,0.47769351522795844,2.2860993270624457
2025-06-28T18:00:00,moon,of_date,140.8875,17.754722222222224,143.58606732417093,17.16424013905844,-2.698567324170938,0.5904820831637849,2.6410618701169883
2025-06-29T00:00:00,moon,j2000,144.0125,16.49361111111111,146.3998123670293,15.964112706384766,-2.387312367029324,0.5294984047263451,2.352525290301333
2025-06-29T00:00:00,moon,of_date,144.0125,16.49361111111111,146.7500572967033,15.84670801721255,-2.737557296703301,0.6469030938985618,2.707633443412131
2025-06-29T06:00:00,moon,j2000,147.0875,15.19111111111111,149.50168147015643,14.616021041061119,-2.4141814701564215,0.5750900700499919,2.402782203433401
2025-06-29T06:00:00,moon,of_date,147.0875,15.19111111111111,149.8482249463329,14.49444316714282,-2.7607249463328856,0.6966679439682899,2.7580080763840984
2025-06-29T12:00:00,moon,j2000,150.1125,13.851111111111111,152.54171742260212,13.238088546752428,-2.4292174226021075,0.6130225643586833,2.4398988716131593
2025-06-29T12:00:00,moon,of_date,150.1125,13.851111111111111,152.88485058621677,13.112765363618822,-2.77235058621676,0.7383457474922892,2.7951973969871453
2025-06-29T18:00:00,moon,j2000,153.08749999999998,12.47861111111111,155.52442315326573,11.835296139700404,-2.4369231532657523,0.6433149714107067,2.467585066213006
2025-06-29T18:00:00,moon,of_date,153.08749999999998,12.47861111111111,155.86445693880682,11.706640186313008,-2.7769569388068476,0.7719709247981026,2.822906837450271
2025-06-30T00:00:00,moon,j2000,156.02083333333331,11.077777777777778,158.45447186594788,10.412280382803855,-2.433638532614566,0.6654973949739222,2.481837250819476
2025-06-30T00:00:00,moon,of_date,156.02083333333331,11.077777777777778,158.79173174797552,10.280689077417787,-2.770898414642204,0.7970887003599909,2.8371444041432405
2025-06-30T06:00:00,moon,j2000,158.91250000000002,9.653055555555556,161.33664304818535,8.973349313420348,-2.4241430481853286,0.6797062421352074,2.4868603366171973
2025-06-30T06:00:00,moon,of_date,158.91250000000002,9.653055555555556,161.67146468788644,8.839205554236338,-2.7589646878864187,0.8138500013192171,2.842103487113771
2025-06-30T12:00:00,moon,j2000,161.775,8.208055555555555,164.17577128257392,7.522502978849429,-2.4007712825739134,0.6855525767061259,2.475008099019346
2025-06-30T12:00:00,moon,of_date,161.775,8.208055555555555,164.50849698272907,7.386176037801039,-2.733496982729065,0.8218795177545166,2.8301607048493223
2025-06-30T18:00:00,moon,j2000,164.6,6.746944444444445,166.97670631782466,6.063457288149317,-2.37670631782467,0.6834871562951275,2.458761482368552
2025-06-30T18:00:00,moon,of_date,164.6,6.746944444444445,167.30768218198068,5.925303920892638,-2.7076821819806867,0.8216405235518067,2.813751229086878
2025-07-01T00:00:00,moon,j2000,167.4041666666667,5.273055555555556,169.74428262382787,4.599670126566887,-2.3401159571611743,0.6733854289886683,2.4267206518398
2025-07-01T00:00:00,moon,of_date,167.4041666666667,5.273055555555556,170.07385631180296,4.460035835605974,-2.669689645136259,0.8130197199495814,2.781513714222344
2025-07-01T06:00:00,moon,j2000,170.18333333333334,3.79,172.48329685939302,3.134368823257542,-2.2999635260596847,0.6556311767424581,2.3875368332874176
2025-07-01T06:00:00,moon,of_date,170.18333333333334,3.79,172.81181583318767,2.9935892232895736,-2.6284824998543286,0.7964107767104265,2.742059585059883
2025-07-01T12:00:00,moon,j2000,172.94583333333333,2.301111111111111,175.19849164417337,1.6705783270453656,-2.2526583108400473,0.6305327840657455,2.337925469882667
2025-07-01T12:00:00,moon,of_date,172.94583333333333,2.301111111111111,175.52630180379583,1.5289805720325094,-2.580468470462506,0.7721305390786017,2.6921115655553383
2025-07-01T18:00:00,moon,j2000,175.69166666666666,0.81,177.89454434527977,0.2111495061597639,-2.202877678613106,0.5988504938402361,2.282731348632295
2025-07-01T18:00:00,moon,of_date,175.69166666666666,0.81,178.22198896103146,0.06905374608793637,-2.530322294364794,0.7409462539120637,2.636487473652706
2025-07-02T00:00:00,moon,j2000,178.43333333333334,-0.6802777777777778,180.57605954496495,-1.2412127855961166,-2.1427262116316115,0.5609350078183388,2.214632258984611
2025-07-02T00:00:00,moon,of_date,178.43333333333334,-0.6802777777777778,180.9034784003612,-1.3834919435635504,-2.4701450670278575,0.7032141657857727,2.5678923268134555
2025-07-02T06:00:00,moon,j2000,181.16666666666666,-2.1663888888888887,183.24756413492045,-2.683922208721448,-2.080897468253795,0.5175333198325593,2.1424732210752375
2025-07-02T06:00:00,moon,of_date,181.16666666666666,-2.1663888888888887,183.5752928017268,-2.8260742549719127,-2.408626135060132,0.659685366083024,2.4951139709911554
2025-07-02T12:00:00,moon,j2000,183.89583333333334,-3.6455555555555557,185.91350396131844,-4.114484183559268,-2.0176706279850976,0.4689286280037126,2.0669357513154063
2025-07-02T12:00:00,moon,of_date,183.89583333333334,-3.6455555555555557,186.24187313478475,-4.256201293393565,-2.346039801451411,0.6106457378380097,2.4188025227031034
2025-07-02T18:00:00,moon,j2000,186.63333333333333,-5.114444444444444,188.57824123151502,-5.530470105159079,-1.9449078981816967,0.4160256607146353,1.980700843645035
2025-07-02T18:00:00,moon,of_date,186.63333333333333,-5.114444444444444,188.90757605957413,-5.6714457733869645,-2.2742427262408,0.5570013289425209,2.331672264939009
2025-07-03T00:00:00,moon,j2000,189.375,-6.570277777777777,191.24605179776384,-6.929492618407646,-1.8710517977638403,0.3592148406298685,1.8924829123441496
2025-07-03T00:00:00,moon,of_date,189.375,-6.570277777777777,191.57667114271538,-7.069420354819097,-2.2016711427153837,0.4991425770413196,2.24234394763536
2025-07-03T06:00:00,moon,j2000,192.1291666666667,-8.009444444444444,193.92112164330186,-8.309182101871817,-1.791954976635168,0.29973765742737335,1.7989583855055458
2025-07-03T06:00:00,moon,of_date,192.1291666666667,-8.009444444444444,194.25333721847863,-8.447754201339484,-2.124170551811943,0.43830975689503937,2.147499942923665
2025-07-03T12:00:00,moon,j2000,194.89583333333334,-9.429444444444444,196.60754181310799,-9.66716443372513,-1.711708479774643,0.23771998928068605,1.7046484861141724
2025-07-03T12:00:00,moon,of_date,194.89583333333334,-9.429444444444444,196.94165714041193,-9.804070835798333,-2.045823807078591,0.374626391353889,2.0515618022919497
2025-07-03T18:00:00,moon,j2000,197.68333333333334,-10.826944444444445,199.30930125277786,-11.001040216535003,-1.6259679194445198,0.17409577209055804,1.606019679399296
2025-07-03T18:00:00,moon,of_date,197.68333333333334,-10.826944444444445,199.64561039027805,-11.135967471259892,-1.962277056944714,0.30902302681544747,1.95096882576722
2025-07-04T00:00:00,moon,j2000,200.49166666666667,-12.198333333333334,202.03027688131402,-12.308365567826039,-1.538610214647349,0.11003223449270472,1.5075771523689252
2025-07-04T00:00:00,moon,of_date,200.49166666666667,-12.198333333333334,202.36906287361558,-12.440995927193187,-1.8773962069489016,0.242662593859853,1.8501416961460415
2025-07-04T06:00:00,moon,j2000,203.32500000000002,-13.54111111111111,204.77422040166317,-13.586634687247447,-1.4492204016631547,0.045523576136336175,1.4095335193218221
2025-07-04T06:00:00,moon,of_date,203.32500000000002,-13.54111111111111,205.11575341021774,-13.716645344854472,-1.790753410217718,0.1755342337433614,1.749155331731202
2025-07-04T12:00:00,moon,j2000,206.19166666666666,-14.851666666666667,207.54474125935508,-14.833264383747773,-1.3530745926884151,-0.018402282918893675,1.308055080668178
2025-07-04T12:00:00,moon,of_date,206.19166666666666,-14.851666666666667,207.88927633575886,-14.960326888983598,-1.697609669092202,0.10866022231693151,1.644074129562422
2025-07-04T18:00:00,moon,j2000,209.0875,-16.12666666666667,210.3452854033895,-16.045580881241968,-1.257785403389505,-0.08108578542470113,1.2112535848092048
2025-07-04T18:00:00,moon,of_date,209.0875,-16.12666666666667,210.69305987702967,-16.169360758086423,-1.6055598770296626,0.04269409141975444,1.5428017085181966
2025-07-05T00:00:00,moon,j2000,212.02083333333331,-17.3625,213.17910940873935,-17.22080918603616,-1.158276075406036,-0.14169081396384087,1.1149644737977968
2025-07-05T00:00:00,moon,of_date,212.02083333333331,-17.3625,213.53033987137684,-17.340965790459542,-1.5095065380435244,-0.021534209540458704,1.4409689731756585
2025-07-05T06:00:00,moon,j2000,214.99166666666667,-18.55611111111111,216.04924978404338,-18.356065418115843,-1.0575831173767085,-0.20004569299526764,1.0229370335450394
2025-07-05T06:00:00,moon,of_date,214.99166666666667,-18.55611111111111,216.4041286691854,-18.472252071414744,-1.4124620025187369,-0.08385903969636743,1.3419792763307479
2025-07-05T12:00:00,moon,j2000,218.0,-19.703611111111112,218.95848730632568,-19.448352494719376,-0.9584873063256794,-0.2552586163917354,0.9384642485915695
2025-07-05T12:00:00,moon,of_date,218.0,-19.703611111111112,219.3171790809827,-19.560216932801648,-1.3171790809826973,-0.14339417830946388,1.2488680571496114
2025-07-05T18:00:00,moon,j2000,221.05416666666665,-20.80138888888889,221.909306633958,-20.494559674180753,-0.8551399672913647,-0.30682921470813795,0.8570158084522193
2025-07-05T18:00:00,moon,of_date,221.05416666666665,-20.80138888888889,222.2719436455633,-20.60174485385122,-1.2177769788966657,-0.19964403503767159,1.1565091747010736
2025-07-06T00:00:00,moon,j2000,224.15416666666667,-21.84583333333333,224.90385153588295,-21.491466414149613,-0.7496848692162814,-0.3543669191837182,0.7816488979574127
2025-07-06T00:00:00,moon,of_date,224.15416666666667,-21.84583333333333,225.2705295875415,-21.59361171670239,-1.1163629208748205,-0.25222161663094056,1.0673328715555173
2025-07-06T06:00:00,moon,j2000,227.3,-22.833055555555557,227.94387656753102,-22.43575105975354,-0.6438765675310094,-0.3973044958020182,0.7148583882049658
2025-07-06T06:00:00,moon,of_date,227.3,-22.833055555555557,228.31465033046538,-22.532493928486343,-1.014650330465372,-0.3005616270692144,0.9832331547071854
2025-07-06T12:00:00,moon,j2000,230.49166666666667,-23.759444444444444,231.03069626955428,-23.324004793715922,-0.5390296028876094,-0.4354396507285223,0.658639102011368
2025-07-06T12:00:00,moon,of_date,230.49166666666667,-23.759444444444444,231.40557468118473,-23.41498283508314,-0.9139080145180571,-0.34446160936130354,0.905617421262991
2025-07-06T18:00:00,moon,j2000,233.72916666666666,-24.62138888888889,234.1651336169238,-24.152751278431,-0.4359669502571535,-0.46863761045788976,0.6142337839247587
2025-07-06T18:00:00,moon,of_date,233.72916666666666,-24.62138888888889,234.544075454901,-24.23760484519969,-0.8149087882343338,-0.38378404368920016,0.8353299526378152
2025-07-07T00:00:00,moon,j2000,237.01666666666668,-25.41472222222222,237.34746971656102,-24.918472235296658,-0.3308030498943424,-0.4962499869255623,0.5795725991617572
2025-07-07T00:00:00,moon,of_date,237.01666666666668,-25.41472222222222,237.7303795795795,-24.996847494465772,-0.7137129129128255,-0.4178747277564483,0.7691658666649063
2025-07-07T06:00:00,moon,j2000,240.35,-26.13611111111111,240.57739737431714,-25.61763908448094,-0.22739737431714957,-0.518472026630171,0.5573802456442195
2025-07-07T06:00:00,moon,of_date,240.35,-26.13611111111111,240.9641223358432,-25.68919155207628,-0.6141223358432057,-0.4469195590348285,0.7105327298166147
2025-07-07T12:00:00,moon,j2000,243.72500000000002,-26.78222222222222,243.85398139082906,-26.246750497508618,-0.1289813908290398,-0.5354717247136023,0.5477686505397563
2025-07-07T12:00:00,moon,of_date,243.72500000000002,-26.78222222222222,244.24430861624518,-26.311148997580826,-0.519308616245155,-0.471073224641394,0.6616055102439358
2025-07-07T18:00:00,moon,j2000,247.14166666666665,-27.349166666666665,247.17562893861168,-26.80237548466839,-0.03396227194502899,-0.5467911819982767,0.5476267463883945
2025-07-07T18:00:00,moon,of_date,247.14166666666665,-27.349166666666665,247.5692845642675,-26.85930646106685,-0.42761789760083957,-0.4898602055998147,0.6203714158914284
2025-07-08T00:00:00,moon,j2000,250.6,-27.833888888888886,250.54007325862722,-27.281201264442835,0.059926741372777315,-0.552687624446051,0.5552352104216065
2025-07-08T00:00:00,moon,of_date,250.6,-27.833888888888886,250.9367228165817,-27.330373343697936,-0.3367228165816982,-0.5035155451909503,0.5853215868634097
2025-07-08T06:00:00,moon,j2000,254.09166666666667,-28.233888888888888,253.94437392121748,-27.680084848162483,0.14729274544919235,-0.5538040407264049,0.5688810334398817
2025-07-08T06:00:00,moon,of_date,254.09166666666667,-28.233888888888888,254.3436245518443,-27.72123352166937,-0.2519578851776316,-0.5126553672195193,0.5588617456969951
2025-07-08T12:00:00,moon,j2000,257.6166666666667,-28.546111111111113,257.38493627345105,-27.99610689844545,0.23173039321562783,-0.5500042126656624,0.5866483061694038
2025-07-08T12:00:00,moon,of_date,257.6166666666667,-28.546111111111113,257.7863408968395,-28.028999165785173,-0.16967423017280225,-0.5171119453259401,0.5382642091167874
2025-07-08T18:00:00,moon,j2000,261.1666666666667,-28.76833333333333,260.8575521336444,-28.226626139476863,0.30911453302229575,-0.5417071938564675,0.6060079603320497
2025-07-08T18:00:00,moon,of_date,261.1666666666667,-28.76833333333333,261.2606156512712,-28.251064934569726,-0.0939489846045376,-0.5172683987636049,0.5238149153455328
2025-07-09T00:00:00,moon,j2000,264.7375,-28.898611111111112,264.35746248325444,-28.369332326831515,0.38003751674557407,-0.5292787842795974,0.6256162907203568
2025-07-09T00:00:00,moon,of_date,264.7375,-28.898611111111112,264.7616499586136,-28.38516053895959,-0.024149958613577382,-0.5134505721515232,0.513887831835844
2025-07-09T06:00:00,moon,j2000,268.325,-28.935555555555556,267.8794417444478,-28.422295674922005,0.4455582555522142,-0.5132598806335515,0.645162878090448
2025-07-09T06:00:00,moon,of_date,268.325,-28.935555555555556,268.284188375196,-28.429399579234268,0.04081162480400735,-0.5061559763212884,0.5074206984378633
2025-07-09T12:00:00,moon,j2000,271.925,-28.878333333333334,271.4179015798479,-28.384010637466208,0.5070984201520901,-0.49432269586712607,0.6651758252041269
2025-07-09T12:00:00,moon,of_date,271.925,-28.878333333333334,271.82262413770786,-28.382322566784033,0.10237586229214912,-0.49601076654930054,0.5040844181747156
2025-07-09T18:00:00,moon,j2000,275.525,-28.72611111111111,274.9670109222087,-28.253432110389234,0.5579890777912624,-0.4726790007218753,0.6811256315316507
2025-07-09T18:00:00,moon,of_date,275.525,-28.72611111111111,275.37112021593833,-28.242932230952256,0.15387978406164393,-0.483178880158853,0.5017516636685837
2025-07-10T00:00:00,moon,j2000,279.125,-28.478888888888886,278.5208274188968,-28.03000243721168,0.6041725811032279,-0.448886451677204,0.6962181068673126
2025-07-10T00:00:00,moon,of_date,279.125,-28.478888888888886,278.92374124508115,-28.010719534821828,0.2012587549188538,-0.46816935406705795,0.5006155652818155
2025-07-10T06:00:00,moon,j2000,282.71666666666664,-28.1375,282.07343471214233,-27.713668055934722,0.6432319545243104,-0.42383194406527736,0.7089648347791312
2025-07-10T06:00:00,moon,of_date,282.71666666666664,-28.1375,282.4745907107119,-27.685679291248274,0.2420759559547605,-0.4518207087517254,0.4999013293643858
2025-07-10T12:00:00,moon,j2000,286.2958333333333,-27.702222222222222,285.6190792982054,-27.304885188181252,0.6767540351278853,-0.39733703404096943,0.7198581889037731
2025-07-10T12:00:00,moon,of_date,286.2958333333333,-27.702222222222222,286.01794713141777,-27.268314836807615,0.27788620191552127,-0.4339073854146065,0.49904678909956335
2025-07-10T18:00:00,moon,j2000,289.85416666666663,-27.175,289.152300984026,-26.804614558895636,0.70186568264063,-0.37038544110436433,0.726867660995209
2025-07-10T18:00:00,moon,of_date,289.85416666666663,-27.175,289.5483933093768,-26.759631807025073,0.3057733572898087,-0.41536819297492755,0.4967898008880776
2025-07-11T00:00:00,moon,j2000,293.39166666666665,-26.5575,292.66805128036214,-26.214305742610613,0.723615386304516,-0.34319425738938847,0.7334719386965374
2025-07-11T00:00:00,moon,of_date,293.39166666666665,-26.5575,293.06093308319583,-26.16112165804903,0.33073358347081694,-0.396378341950971,0.49491036986376596
2025-07-11T06:00:00,moon,j2000,296.90000000000003,-25.851944444444445,296.16179525568975,-25.535872244534588,0.7382047443102806,-0.3160721999098577,0.7364831317830977
2025-07-11T06:00:00,moon,of_date,296.90000000000003,-25.851944444444445,296.55109123391037,-25.474736080946844,0.34890876608966437,-0.37720836349760134,0.4911106912391903
2025-07-11T12:00:00,moon,j2000,300.3833333333333,-25.060833333333335,299.629593512175,-24.771658869969716,0.7537398211583195,-0.28917446336361863,0.7422315946703233
2025-07-11T12:00:00,moon,of_date,300.3833333333333,-25.060833333333335,300.01499334817544,-24.70285388691233,0.36833998515788835,-0.3579794464210053,0.4896985242929431
2025-07-11T18:00:00,moon,j2000,303.82916666666665,-24.18722222222222,303.0681626515286,-23.92440317748048,0.7610040151380417,-0.26281904474173956,0.7429475810059449
2025-07-11T18:00:00,moon,of_date,303.82916666666665,-24.18722222222222,303.44942414876374,-23.848242168468218,0.3797425179029119,-0.3389800537540033,0.48499653686991245
2025-07-12T00:00:00,moon,j2000,307.2416666666667,-23.234166666666667,306.4749138210246,-22.997192984382107,0.7667528456420882,-0.23697368228456028,0.7439435566930891
2025-07-12T00:00:00,moon,of_date,307.2416666666667,-23.234166666666667,306.85186401070047,-22.914013701621958,0.3898026559662071,-0.32015296504470925,0.48073296837334095
2025-07-12T06:00:00,moon,j2000,310.6208333333333,-22.205277777777777,309.847970416928,-21.993421849914732,0.7728629164053018,-0.21185592786304497,0.7467634885974015
2025-07-12T06:00:00,moon,of_date,310.6208333333333,-22.205277777777777,310.2205048431197,-21.903582498635604,0.4003284902135533,-0.301695279142173,0.47821210274095105
2025-07-12T12:00:00,moon,j2000,313.95833333333337,-21.104444444444447,313.18616688542727,-20.916744378534222,0.7721664479061019,-0.18770006591022437,0.7448644670556017
2025-07-12T12:00:00,moon,of_date,313.95833333333337,-21.104444444444447,313.5542473490673,-20.820619329892583,0.4040859842660893,-0.2838251145518633,0.4721681058400065
2025-07-12T18:00:00,moon,j2000,317.2625,-19.935,316.48903152162933,-19.77103290563362,0.7734684783706598,-0.16396709436637735,0.7457468641195896
2025-07-12T18:00:00,moon,of_date,317.2625,-19.935,316.85268260343406,-19.669008747525755,0.4098173965659271,-0.2659912524742438,0.4684295799065453
2025-07-13T00:00:00,moon,j2000,320.53333333333336,-18.70138888888889,319.75675634148297,-18.56033691707452,0.7765769918503906,-0.14105197181437035,0.7492771115552858
2025-07-13T00:00:00,moon,of_date,320.53333333333336,-18.70138888888889,320.11606103412885,-18.45280893105076,0.41727229920451236,-0.24857995783812825,0.4671574755008814
2025-07-13T06:00:00,moon,j2000,323.76666666666665,-17.4075,322.99015738449384,-17.288846204084695,0.7765092821728103,-0.11865379591530356,0.7506228908586524
2025-07-13T06:00:00,moon,of_date,323.76666666666665,-17.4075,323.34525214984734,-17.17621532588296,0.4214145168193113,-0.23128467411703824,0.4641036002849028
2025-07-13T12:00:00,moon,j2000,326.97083333333336,-16.0575,326.19062849593547,-15.960858519272982,0.7802048373978892,-0.09664148072701906,0.7561472043345002
2025-07-13T12:00:00,moon,of_date,326.97083333333336,-16.0575,326.54169803080146,-15.843528812980018,0.429135302531904,-0.21397118701998252,0.4647936401946045
2025-07-13T18:00:00,moon,j2000,330.14166666666665,-14.655833333333334,329.3600915382943,-14.580752145936755,0.7815751283723671,-0.0750811873965791,0.7599918499953066
2025-07-13T18:00:00,moon,of_date,330.14166666666665,-14.655833333333334,329.70736348808396,-14.459128798072259,0.4343031785826952,-0.196704535261075,0.4641068717571006
2025-07-14T00:00:00,moon,j2000,333.2875,-13.206666666666665,332.5009453274129,-13.152963638482792,0.7865546725871013,-0.053703028183873514,0.7677165284746377
2025-07-14T00:00:00,moon,of_date,333.2875,-13.206666666666665,332.84468513789807,-13.027451459721691,0.44281486210195453,-0.17921520694497417,0.46701609245791514
2025-07-14T06:00:00,moon,j2000,336.40833333333336,-11.714444444444444,335.6160152681865,-11.681970731020527,0.7923180651468442,-0.032473713423916806,0.7765399804076163
2025-07-14T06:00:00,moon,of_date,336.40833333333336,-11.714444444444444,335.9565213153666,-11.552973139204198,0.45181201796674486,-0.1614713052402461,0.4710688916432259
2025-07-14T12:00:00,moon,j2000,339.5083333333333,-10.18388888888889,338.7085049984823,-10.172280330861174,0.7998283348510427,-0.011608558027715432,0.7873270357970827
2025-07-14T12:00:00,moon,of_date,339.5083333333333,-10.18388888888889,339.0461040894001,-10.040198779495196,0.46222924393322273,-0.14369010939369353,0.47719638283733823
2025-07-14T18:00:00,moon,j2000,342.59166666666664,-8.619444444444445,341.781951079558,-8.628421306010578,0.8097155871086557,0.008976861566132754,0.800610984767506
2025-07-14T18:00:00,moon,of_date,342.59166666666664,-8.619444444444445,342.1169943743367,-8.493655116461774,0.4746722923299558,-0.1257893279826714,0.4859514582787546
2025-07-15T00:00:00,moon,j2000,345.6625,-7.025555555555555,344.8401811280454,-7.054941790718268,0.8223188719546215,0.029386235162712993,0.8166476054662003
2025-07-15T00:00:00,moon,of_date,345.6625,-7.025555555555555,345.1730404969643,-6.9178883435286735,0.48945950303573227,-0.10766721202688156,0.4976275238253362
2025-07-15T06:00:00,moon,j2000,348.725,-5.406944444444445,347.887275563845,-5.456410602780514,0.8377244361550424,0.04946615833606938,0.8354285220692045
2025-07-15T06:00:00,moon,of_date,348.725,-5.406944444444445,348.21834036265153,-5.31746584264757,0.5066596373484913,-0.08947860179687517,0.5123167908935397
2025-07-15T12:00:00,moon,j2000,351.77916666666664,-3.768611111111111,350.92753265934385,-3.8374224100886267,0.8516340073227866,0.06881129897751581,0.8525401337731358
2025-07-15T12:00:00,moon,of_date,351.77916666666664,-3.768611111111111,351.25720688106367,-3.696981619647526,0.5219597856029736,-0.0716294914635851,0.5257547162157599
2025-07-15T18:00:00,moon,j2000,354.8375,-2.115,353.9654365040461,-2.2026061509493764,0.8720634959538529,0.08760615094937618,0.8758369054504084
2025-07-15T18:00:00,moon,of_date,354.8375,-2.115,354.2941362452186,-2.0610649495228386,0.5433637547813532,-0.05393505047716163,0.545674991230922
2025-07-16T00:00:00,moon,j2000,357.90000000000003,-0.45111111111111113,357.00562705997305,-0.5566362943068183,0.8943729400269831,0.10552518319570714,0.9005422981177189
2025-07-16T00:00:00,moon,of_date,357.90000000000003,-0.45111111111111113,357.33377822286315,-0.41439181893855376,0.5662217771368887,-0.03671929217255737,0.5673950184072796
2025-07-16T06:00:00,moon,j2000,0.9666666666666667,1.2177777777777778,0.052871442551065684,1.0957535841393937,0.9137952241156029,0.12202419363838413,0.9217217448117503
2025-07-16T06:00:00,moon,of_date,0.9666666666666667,1.2177777777777778,0.3809075813073264,1.238301357565551,0.5857590853593422,-0.020523579787773194,0.5859840614294402
2025-07-16T12:00:00,moon,j2000,4.050000000000001,2.8866666666666667,3.112035232354856,2.7497553856162513,0.9379647676451555,0.1369112810504154,0.9467815727707177
2025-07-16T12:00:00,moon,of_date,4.050000000000001,2.8866666666666667,3.4403954396758536,2.8922022238435696,0.6096045603241578,-0.0055355571769029055,0.6088547085397358
2025-07-16T18:00:00,moon,j2000,7.154166666666667,4.550277777777778,6.188052678943961,4.400469868528415,0.9661139877227072,0.14980790924936294,0.9747486120085814
2025-07-16T18:00:00,moon,of_date,7.154166666666667,4.550277777777778,6.517179399976612,4.542405809555972,0.6369872666900562,0.007871968221805581,0.6350317892084312
2025-07-17T00:00:00,moon,j2000,10.275,6.203055555555555,9.285894322867364,6.04288941751214,0.9891056771326419,0.16016613804341517,0.996419542941051
2025-07-17T00:00:00,moon,of_date,10.275,6.203055555555555,9.616230974694872,6.183897294484599,0.6587690253051335,0.019158261070955973,0.6552040678002522
2025-07-17T06:00:00,moon,j2000,13.429166666666665,7.839722222222222,12.410530617742552,7.671880967576035,1.0186360489241224,0.16784125464618693,1.023177339259258
2025-07-17T06:00:00,moon,of_date,13.429166666666665,7.839722222222222,12.74251888613611,7.81153498143752,0.6866477805305635,0.02818724078470236,0.6808367098458613
2025-07-17T12:00:00,moon,j2000,16.608333333333334,9.454444444444444,15.566889897849478,9.282169871630256,1.0414434354838704,0.1722745728141888,1.0418935307592034
2025-07-17T12:00:00,moon,of_date,16.608333333333334,9.454444444444444,15.90096657869077,9.420034273422948,0.7073667546425781,0.034410171021496794,0.6986408976287161
2025-07-17T18:00:00,moon,j2000,19.829166666666666,11.041666666666666,18.759809214026916,10.868325737670206,1.0693574526397356,0.1733409289964598,1.0640829905257987
2025-07-17T18:00:00,moon,of_date,19.829166666666666,11.041666666666666,19.096402466431016,11.003953690551981,0.7327642002356356,0.03771297611468505,0.7202333881926389
2025-07-18T00:00:00,moon,j2000,23.0875,12.595,21.993976390657053,12.424751296020695,1.0935236093429523,0.17024870397930592,1.0810506436115042
2025-07-18T00:00:00,moon,of_date,23.0875,12.595,22.333501274184584,12.557683997933998,0.7539987258154213,0.03731600206600305,0.736853073290263
2025-07-18T06:00:00,moon,j2000,26.391666666666666,14.108888888888888,25.273861998547375,13.945675616475551,1.1178046681192768,0.16321327241333705,1.0966838185592263
2025-07-18T06:00:00,moon,of_date,26.391666666666666,14.108888888888888,25.616715180873314,14.075441776177074,0.7749514857933377,0.03344711271181389,0.7523730367525877
2025-07-18T12:00:00,moon,j2000,29.7375,15.576666666666666,28.603639927956635,15.425153009591403,1.133860072043376,0.1515136570752631,1.103070839449703
2025-07-18T12:00:00,moon,of_date,29.7375,15.576666666666666,28.950193474877153,15.551268780828972,0.7873065251228581,0.025397885837694645,0.7588618670034539
2025-07-18T18:00:00,moon,j2000,33.1375,16.992222222222225,31.987096133032367,16.85706928936159,1.150403866967622,0.13515293286063468,1.1088436709276215
2025-07-18T18:00:00,moon,of_date,33.1375,16.992222222222225,32.33769033402666,16.979038778348485,0.7998096659733278,0.013183443873739265,0.765033477866813
2025-07-19T00:00:00,moon,j2000,36.587500000000006,18.349444444444444,35.42752538449099,18.235156965965775,1.1599746155090145,0.11428747847866916,1.1072702058844852
2025-07-19T00:00:00,moon,of_date,36.587500000000006,18.349444444444444,35.782460627057276,18.35247343468116,0.8050393729427299,-0.003028990236714435,0.7641051498381293
2025-07-19T06:00:00,moon,j2000,40.09166666666667,19.642222222222223,38.92761712254071,19.553021101790787,1.1640495441259588,0.08920112043143646,1.1002374082274389
2025-07-19T06:00:00,moon,of_date,40.09166666666667,19.642222222222223,39.28714491068183,19.66516899084739,0.8045217559848368,-0.02294676862516809,0.7579991631841609
2025-07-19T12:00:00,moon,j2000,43.65416666666666,20.86388888888889,42.48933253111716,20.80417738433653,1.164834135549512,0.05971150455236085,1.0903048300766192
2025-07-19T12:00:00,moon,of_date,43.65416666666666,20.86388888888889,42.85364584815011,20.91063527166393,0.80052081851656,-0.04674638277504073,0.7493722555501526
2025-07-19T18:00:00,moon,j2000,47.266666666666666,22.008333333333333,46.113776710190336,21.982103827390784,1.152889956476315,0.026229505942549025,1.0692961966915233
2025-07-19T18:00:00,moon,of_date,47.266666666666666,22.008333333333333,46.48300005185553,22.082348418902175,0.7836666148111249,-0.07401508556884195,0.7301308485817215
2025-07-20T00:00:00,moon,j2000,50.93333333333334,23.06972222222222,49.80107132310934,23.080306990006996,1.1322620102239966,-0.01058476778477413,1.041723726770408
2025-07-20T00:00:00,moon,of_date,50.93333333333334,23.06972222222222,50.17525086637738,23.17381820323811,0.7580824669559547,-0.10409598101588813,0.7049149373258866
2025-07-20T06:00:00,moon,j2000,54.65416666666666,24.0425,53.550235077966704,24.092403014439586,1.1039315886999645,-0.049903014439586,1.0091943155025622
2025-07-20T06:00:00,moon,of_date,54.65416666666666,24.0425,53.929329591768976,24.17867016302162,0.7248370748976924,-0.136170163021621,0.6754682630643822
2025-07-20T12:00:00,moon,j2000,58.420833333333334,24.92138888888889,57.359080869367745,25.012212827824104,1.061752463965604,-0.09082393893521257,0.9668072970062541
2025-07-20T12:00:00,moon,of_date,58.420833333333334,24.92138888888889,57.7429540960901,25.09074184364888,0.6778792372432463,-0.16935295475998657,0.6372511356527214
2025-07-20T18:00:00,moon,j2000,62.233333333333334,25.70111111111111,61.22413987172115,25.833869808056683,1.009193461612199,-0.1327586969455723,0.918487476120208
2025-07-20T18:00:00,moon,of_date,62.233333333333334,25.70111111111111,61.61255518856797,25.90419135053923,0.6207781447653815,-0.20308023942811815,0.5946374438894673
2025-07-21T00:00:00,moon,j2000,66.08333333333334,26.37777777777778,65.1406230643625,26.55193686138291,0.942710268970842,-0.17415908360512944,0.8617023823103718
2025-07-21T00:00:00,moon,of_date,66.08333333333334,26.37777777777778,65.533241243632,26.613615065969864,0.5500920897013373,-0.2358372881920836,0.5458864988279818
2025-06-21T00:00:00,sun,j2000,89.8375,23.43777777777778,89.50047826903182,23.435173175436514,0.3370217309681891,0.0026046023412646946,0.30922887906320656
2025-06-21T00:00:00,sun,of_date,89.8375,23.43777777777778,89.88884195696545,23.43829559630525,-0.051341956965444524,-0.0005178185274701264,0.04710861743652386
2025-06-21T06:00:00,sun,j2000,90.10000000000001,23.43777777777778,89.7605684890911,23.435793619477444,0.33943151090892343,0.001984158300334826,0.3114344748533966
2025-06-21T06:00:00,sun,of_date,90.10000000000001,23.43777777777778,90.14894953100742,23.43826748216536,-0.04894953100739485,-0.0004897043875828899,0.044913417270519874
2025-06-21T12:00:00,sun,j2000,90.3625,23.436944444444446,90.02065710041893,23.435982857291744,0.3418428995810814,0.0009615871527017816,0.3136428387614098
2025-06-21T12:00:00,sun,of_date,90.3625,23.436944444444446,90.40905422235801,23.43780784359156,-0.04655422235799733,-0.0008633991471143077,0.042722008055451774
2025-06-21T18:00:00,sun,j2000,90.62083333333334,23.435833333333335,90.2807423646874,23.435740872003898,0.3400909686459386,9.24613294372989e-05,0.31203557713431695
2025-06-21T18:00:00,sun,of_date,90.62083333333334,23.435833333333335,90.66915436583099,23.436916742173054,-0.04832103249765396,-0.0010834088397189134,0.04434789420817808
2025-06-22T00:00:00,sun,j2000,90.88333333333333,23.434444444444445,90.54082252135163,23.435067660295655,0.34251081198169686,-0.0006232158512098351,0.3142588528833226
2025-06-22T00:00:00,sun,of_date,90.88333333333333,23.434444444444445,90.92924825144371,23.43559425742123,-0.04591491811038395,-0.0011498129767844034,0.04214316352668854
2025-06-22T06:00:00,sun,j2000,91.14583333333333,23.4325,90.80089579043766,23.433963232752944,0.34493754289565004,-0.0014632327529433553,0.31649182415197863
2025-06-22T06:00:00,sun,of_date,91.14583333333333,23.4325,91.18933412536688,23.433840485893647,-0.04350079203356927,-0.001340485893646104,0.039935548401697295
2025-06-22T12:00:00,sun,j2000,91.40833333333333,23.43,91.06096037070188,23.432427614209754,0.3473729626314537,-0.0024276142097541253,0.3187371061690774
2025-06-22T12:00:00,sun,of_date,91.40833333333333,23.43,91.44941018680515,23.431655540201135,-0.04107685347182155,-0.0016555402011348974,0.03772603196269489
2025-06-22T18:00:00,sun,j2000,91.67083333333333,23.427222222222223,91.32101444282654,23.430460844059006,0.3498188905068105,-0.0032386218367825848,0.32099418910249317
2025-06-22T18:00:00,sun,of_date,91.67083333333333,23.427222222222223,91.70947459053934,23.429039547879512,-0.038641257205995316,-0.0018173256572886487,0.03550219763179304
2025-06-23T00:00:00,sun,j2000,91.92916666666666,23.424166666666668,91.5810561699181,23.42806297654692,0.34811049674857486,-0.0038963098802504703,0.3194406572699939
2025-06-23T00:00:00,sun,of_date,91.92916666666666,23.424166666666668,91.96952544744437,23.425992650202495,-0.04035878077769439,-0.0018259835358271914,0.03707742825959985
2025-06-23T06:00:00,sun,j2000,92.19166666666668,23.42027777777778,91.84108370109863,23.425234081011777,0.35058296556803725,-0.0049563032339960955,0.3217319131635583
2025-06-23T06:00:00,sun,of_date,92.19166666666668,23.42027777777778,92.229560828795,23.422515000926644,-0.03789416212833885,-0.002237223148863876,0.03484381703420514
2025-06-23T12:00:00,sun,j2000,92.45416666666668,23.41638888888889,92.10109517045015,23.42197424213211,0.3530714962165291,-0.005585353243219515,0.32403409666864197
2025-06-23T12:00:00,sun,of_date,92.45416666666668,23.41638888888889,92.48957876661575,23.41860676509846,-0.03541209994907035,-0.0022178762095705906,0.032570921398436516
2025-06-23T18:00:00,sun,j2000,92.71666666666667,23.411666666666665,92.36108870094381,23.41828356009147,0.3555779657228584,-0.006616893424805426,0.32636340390682184
2025-06-23T18:00:00,sun,of_date,92.71666666666667,23.411666666666665,92.74957725967818,23.414268117852796,-0.03291059301150767,-0.0026014511861305323,0.03031272513447563
2025-06-24T00:00:00,sun,j2000,92.97916666666667,23.406666666666666,92.62106240563077,23.414162150728664,0.3581042610359191,-0.00749548406199807,0.32871137051486404
2025-06-24T00:00:00,sun,of_date,92.97916666666667,23.406666666666666,93.00955427736574,23.40949924333421,-0.030387610699051493,-0.0028325766675436626,0.02803015714664917
2025-06-24T06:00:00,sun,j2000,93.2375,23.40138888888889,92.88101439182634,23.40961014559881,0.3564856081736707,-0.0082212567099198,0.3272559240734294
2025-06-24T06:00:00,sun,of_date,93.2375,23.40138888888889,93.26950776705894,23.404300333691207,-0.032007767058928493,-0.0029114448023186412,0.029518575233464985
2025-06-24T12:00:00,sun,j2000,93.5,23.39527777777778,93.14094276057119,23.404627692063766,0.3590572394288074,-0.009349914285987637,0.32965909394196935
2025-06-24T12:00:00,sun,of_date,93.5,23.39527777777778,93.5294356572241,23.398671588315104,-0.029435657224098577,-0.003393810537325237,0.0272276676190668
2025-06-24T18:00:00,sun,j2000,93.7625,23.389166666666664,93.4008456109463,23.399214953258845,0.3616543890536832,-0.010048286592180489,0.3320765219236515
2025-06-24T18:00:00,sun,of_date,93.7625,23.389166666666664,93.78933586566706,23.392613213171497,-0.026835865667067083,-0.0034465465048327815,0.024870403429644198
2025-06-25T00:00:00,sun,j2000,94.025,23.3825,93.66072104154739,23.39337210805899,0.3642789584526156,-0.010872108058990193,0.33452578261879146
2025-06-25T00:00:00,sun,of_date,94.025,23.3825,94.04920630512794,23.38612542038446,-0.024206305127933092,-0.0036254203844592325,0.022511924437459932
2025-06-25T06:00:00,sun,j2000,94.28333333333333,23.37527777777778,93.92056715481357,23.38709935093578,0.3627661785197631,-0.011821573158002252,0.33318731609238067
2025-06-25T06:00:00,sun,of_date,94.28333333333333,23.37527777777778,94.30904489178073,23.37920842795816,-0.02571155844739792,-0.003930650180382855,0.023926034217501387
2025-06-25T12:00:00,sun,j2000,94.54583333333332,23.3675,94.18038205649486,23.380396891878796,0.36545127683845635,-0.012896891878796168,0.3357082878829345
2025-06-25T12:00:00,sun,of_date,94.54583333333332,23.3675,94.56884954878745,23.371862459826808,-0.02301621545413468,-0.004362459826808163,0.021573745436063805
2025-06-25T18:00:00,sun,j2000,94.80833333333332,23.359444444444446,94.44016385794436,23.37326495450552,0.3681694753889815,-0.013820510061073321,0.338257407136917
2025-06-25T18:00:00,sun,of_date,94.80833333333332,23.359444444444446,94.82861922903265,23.364087813240435,-0.020285895699316825,-0.0046433687959890335,0.019193001044201574
2025-06-26T00:00:00,sun,j2000,95.07083333333333,23.351111111111113,94.6999106869232,23.365703784173828,0.37092264641012207,-0.014592673062715278,0.3408352589363631
2025-06-26T00:00:00,sun,of_date,95.07083333333333,23.351111111111113,95.08834884665316,23.355884522871726,-0.017515513319835918,-0.0047734117606133,0.01677410614074485
2025-06-26T06:00:00,sun,j2000,95.32916666666667,23.342222222222222,94.9596206723794,23.357713631046973,0.3695459942872503,-0.015491408824750863,0.3396339621893032
2025-06-26T06:00:00,sun,of_date,95.32916666666667,23.342222222222222,95.34803943059677,23.347253033837163,-0.018872763930119163,-0.005030811614940234,0.018043317007014496
2025-06-26T12:00:00,sun,j2000,95.59166666666667,23.33277777777778,95.21929196262306,23.349294766514678,0.37237470404360806,-0.016516988736899663,0.3422992527559578
2025-06-26T12:00:00,sun,of_date,95.59166666666667,23.33277777777778,95.60768797976937,23.338193529879636,-0.01602131310269783,-0.005415752101857407,0.01567602288152921
2025-06-26T18:00:00,sun,j2000,95.85416666666667,23.323055555555555,95.47892271719985,23.34044747317894,0.37524394946683515,-0.01739191762338521,0.3449976997641049
2025-06-26T18:00:00,sun,of_date,95.85416666666667,23.323055555555555,95.86729253979672,23.328706269006812,-0.013125873130036325,-0.0056507134512564505,0.013311908947192815
2025-06-27T00:00:00,sun,j2000,96.11250000000001,23.31277777777778,95.73851112027876,23.331172052920248,0.37398887972125294,-0.018394275142469496,0.3439241216212397
2025-06-27T00:00:00,sun,of_date,96.11250000000001,23.31277777777778,96.12685120134108,23.318791523756484,-0.014351201341071373,-0.006013745978705742,0.01448646359944199
2025-06-27T06:00:00,sun,j2000,96.37500000000001,23.302222222222223,95.99805536210062,23.32146881309205,0.3769446378993848,-0.01924659086982672,0.34670713147443005
2025-06-27T06:00:00,sun,of_date,96.37500000000001,23.302222222222223,96.38636208239069,23.308449568622866,-0.01136208239068992,-0.006227346400642375,0.012151954741331149
2025-06-27T12:00:00,sun,j2000,96.6375,23.291111111111114,96.2575536590387,23.311338079675544,0.37994634096128266,-0.020226968564429626,0.3495427540267354
2025-06-27T12:00:00,sun,of_date,96.6375,23.291111111111114,96.64582334865645,23.297680694347637,-0.008323348656460894,-0.006569583236522902,0.010079855286898236
2025-06-27T18:00:00,sun,j2000,96.89583333333333,23.279722222222222,96.51700424557362,23.300780190164005,0.3788290877596978,-0.021057967941782607,0.3485962085983702
2025-06-27T18:00:00,sun,of_date,96.89583333333333,23.279722222222222,96.90523320528183,23.286485201972837,-0.009399871948517102,-0.006762979750615017,0.010967694246294783
2025-06-28T00:00:00,sun,j2000,97.15833333333333,23.267777777777777,96.7764053762831,23.289795494592525,0.3819279570502374,-0.022017716814747956,0.35152636696435446
2025-06-28T00:00:00,sun,of_date,97.15833333333333,23.267777777777777,97.16458989810536,23.27486340494444,-0.006256564772030515,-0.0070856271666634996,0.009123624612885994
2025-06-28T06:00:00,sun,j2000,97.42083333333333,23.255277777777778,97.03575532834066,23.27838435511425,0.3850780049926925,-0.023106577336474032,0.3545153310155323
2025-06-28T06:00:00,sun,of_date,97.42083333333333,23.255277777777778,97.42389171500804,23.262815629664047,-0.0030583816746911907,-0.007537851886269209,0.008044521070719728
2025-06-28T12:00:00,sun,j2000,97.67916666666667,23.2425,97.29505239905507,23.266547145789243,0.38411426761160783,-0.024047145789243274,0.35372706909285967
2025-06-28T12:00:00,sun,of_date,97.67916666666667,23.2425,97.68313698196664,23.250342216147292,-0.003970315299966387,-0.007842216147292191,0.008649171956404775
2025-06-28T18:00:00,sun,j2000,97.94166666666666,23.229444444444443,97.55429490805795,23.254284252182092,0.3873717586087082,-0.024839807737649267,0.3568010662149551
2025-06-28T18:00:00,sun,of_date,97.94166666666666,23.229444444444443,97.94232406350022,23.23744351834759,-0.0006573968335601421,-0.00799907390314658,0.008021851555130698
2025-06-29T00:00:00,sun,j2000,98.2,23.215833333333332,97.81348119648305,23.241596071097003,0.38651880351693535,-0.025762737763670884,0.3561197252122231
2025-06-29T00:00:00,sun,of_date,98.2,23.215833333333332,98.20145135994244,23.224119904485544,-0.001451359942450381,-0.008286571152211764,0.00839322791737049
2025-06-29T06:00:00,sun,j2000,98.4625,23.201666666666664,98.07260962889717,23.228483010189635,0.38989037110283675,-0.026816343522970243,0.3593235322649989
2025-06-29T06:00:00,sun,of_date,98.4625,23.201666666666664,98.46051730737918,23.210371757108557,0.0019826926208281748,-0.008705090441893049,0.008893779096549701
2025-06-29T12:00:00,sun,j2000,98.72083333333333,23.18722222222222,98.33167859032301,23.214945487831024,0.38915474301032305,-0.02772326560880245,0.35875564250609077
2025-06-29T12:00:00,sun,of_date,98.72083333333333,23.18722222222222,98.71952037266885,23.19619947328001,0.0013129606644781688,-0.00897725105778946,0.0090580105861251
2025-06-29T18:00:00,sun,j2000,98.98333333333332,23.172222222222224,98.5906864879895,23.200983932753207,0.392646845343819,-0.028761710530982754,0.3620757932686985
2025-06-29T18:00:00,sun,of_date,98.98333333333332,23.172222222222224,98.97845905324408,23.18160346441444,0.004874280089239846,-0.009381242192215922,0.010396448330126215
2025-06-30T00:00:00,sun,j2000,99.24166666666666,23.15694444444444,98.84963175011279,23.18659878385586,0.39203491655388234,-0.029654339411418817,0.3616269927157129
2025-06-30T00:00:00,sun,of_date,99.24166666666666,23.15694444444444,99.23733187405185,23.16658415617099,0.004334792614827165,-0.009639711726549649,0.010431081135529463
2025-06-30T06:00:00,sun,j2000,99.50416666666666,23.141111111111112,99.10851282753708,23.17179048986987,0.3956538391295794,-0.030679378758758702,0.3650690596947135
2025-06-30T06:00:00,sun,of_date,99.50416666666666,23.141111111111112,99.496137387499,23.15114198810369,0.008029279167658387,-0.010030876992576765,0.012454985637991727
2025-06-30T12:00:00,sun,j2000,99.7625,23.12472222222222,99.36732819048007,23.156559509307243,0.3951718095199226,-0.03183728708502187,0.36476938750302507
2025-06-30T12:00:00,sun,of_date,99.7625,23.12472222222222,99.75487416867645,23.135277413535537,0.007625831323537113,-0.010555191313315504,0.01267248725046415
2025-06-30T18:00:00,sun,j2000,100.025,23.108055555555556,99.62607633011476,23.140906310156566,0.3989236698852494,-0.032850754601010834,0.3683393783321766
2025-06-30T18:00:00,sun,of_date,100.025,23.108055555555556,100.01354081560282,23.11899089911004,0.011459184397182298,-0.01093534355448611,0.015187477813384124
2025-07-01T00:00:00,sun,j2000,100.28333333333335,23.09111111111111,99.88475575719491,23.12483136975833,0.39857757613845024,-0.03372025864721806,0.3681458947383024
2025-07-01T00:00:00,sun,of_date,100.28333333333335,23.09111111111111,100.27213594669922,23.102282924491885,0.011197386634137274,-0.011171813380773443,0.015195273173492809
2025-07-01T06:00:00,sun,j2000,100.54583333333333,23.07361111111111,100.143365832119,23.10833512720417,0.40246750121434616,-0.03472401609306175,0.3718478612229594
2025-07-01T06:00:00,sun,of_date,100.54583333333333,23.07361111111111,100.53065902959446,23.085153932532666,0.015174303738888284,-0.011542821421556937,0.018113876544553743
2025-07-01T12:00:00,sun,j2000,100.80416666666666,23.055555555555557,100.4019042527679,23.091418123934513,0.40226241389876805,-0.03586256837895618,0.3718160388434715
2025-07-01T12:00:00,sun,of_date,100.80416666666666,23.055555555555557,100.78910786899087,23.06760447581683,0.01505879767580609,-0.01204892026127169,0.01836157948285004
2025-07-01T18:00:00,sun,j2000,101.06666666666666,23.037222222222223,100.66036958826106,23.07408086436418,0.4062970784056006,-0.03685864214195789,0.37565654893130657
2025-07-01T18:00:00,sun,of_date,101.06666666666666,23.037222222222223,101.04748113890844,23.04963507086879,0.019185527758224907,-0.012412848646565777,0.021581628464088842
2025-07-02T00:00:00,sun,j2000,101.325,23.01861111111111,100.91876042581481,23.056323861645236,0.40623957418517875,-0.03771275053412637,0.3757388876538011
2025-07-02T00:00:00,sun,of_date,101.325,23.01861111111111,101.30577752925461,23.03124624581305,0.019222470745376086,-0.012635134701941553,0.02173986960577546
2025-07-02T06:00:00,sun,j2000,101.58333333333333,22.999444444444446,101.17707537233434,23.038147637401654,0.40625796099897116,-0.03870319295720748,0.37590793363409447
2025-07-02T06:00:00,sun,of_date,101.58333333333333,22.999444444444446,101.56399574693893,23.012438539924872,0.019337586394385653,-0.012994095480426182,0.02203793994457329
2025-07-02T12:00:00,sun,j2000,101.84583333333333,22.97972222222222,101.43531305122036,23.01955272180184,0.4105202821129694,-0.03983049957961882,0.3799801260595997
2025-07-02T12:00:00,sun,of_date,101.84583333333333,22.97972222222222,101.82213451226727,22.993212503547525,0.023698821066062692,-0.0134902813253035,0.025650966194654002
2025-07-02T18:00:00,sun,j2000,102.10416666666667,22.959722222222222,101.69347210402145,23.000539653305715,0.41069456264523296,-0.040817431083493005,0.3802986393088431
2025-07-02T18:00:00,sun,of_date,102.10416666666667,22.959722222222222,102.08019256022317,22.973568697689338,0.02397410644351794,-0.013846475467115482,0.0260571385628449
2025-07-03T00:00:00,sun,j2000,102.3625,22.939166666666665,101.95155118923799,22.981108978615783,0.4109488107620223,-0.041942311949117794,0.3807092817485174
2025-07-03T00:00:00,sun,of_date,102.3625,22.939166666666665,102.33816918759601,22.953507650666747,0.0243308124040027,-0.014340984000082102,0.026602093376122276
2025-07-03T06:00:00,sun,j2000,102.625,22.918333333333333,102.2095489840475,22.96126125241553,0.4154510159524989,-0.04292791908219584,0.3849956570809389
2025-07-03T06:00:00,sun,of_date,102.625,22.918333333333333,102.59606151103327,22.93303007361609,0.028938488966730347,-0.01469674028275847,0.030436140454363953
2025-07-03T12:00:00,sun,j2000,102.88333333333333,22.896944444444443,102.46746418124872,22.94099703747245,0.4158691520846105,-0.044052593028006015,0.38556373223675927
2025-07-03T12:00:00,sun,of_date,102.88333333333333,22.896944444444443,102.85386995034628,22.91213642869514,0.029463382987046316,-0.015191984250694901,0.031102956093345655
2025-07-03T18:00:00,sun,j2000,103.14166666666667,22.87527777777778,102.72529549105224,22.92031690438001,0.4163711756144153,-0.045039126602230084,0.38619641083589457
2025-07-03T18:00:00,sun,of_date,103.14166666666667,22.87527777777778,103.11159274329697,22.890827360505725,0.030073923369684508,-0.015549582727945932,0.031772220358128996
2025-07-04T00:00:00,sun,j2000,103.39999999999999,22.853055555555557,102.98304164002673,22.899221431517983,0.4169583599732505,-0.046165875962426384,0.3869273403720846
2025-07-04T00:00:00,sun,of_date,103.39999999999999,22.853055555555557,103.3692304115985,22.86910333304557,0.03076958840148336,-0.016047777490012294,0.03257917056365994
2025-07-04T06:00:00,sun,j2000,103.66250000000001,22.830555555555556,103.24070137296201,22.877711204777782,0.4217986270380152,-0.04715564922222626,0.39153588691406854
2025-07-04T06:00:00,sun,of_date,103.66250000000001,22.830555555555556,103.626776593677,22.846965407497976,0.035723406323029394,-0.01640985194242006,0.03678571292897301
2025-07-04T12:00:00,sun,j2000,103.92083333333333,22.8075,103.49827344995356,22.855786817680094,0.42255988337979034,-0.04828681768009346,0.39243378420854214
2025-07-04T12:00:00,sun,of_date,103.92083333333333,22.8075,103.88423528172325,22.824413772221014,0.03659805161009899,-0.01691377222101309,0.03773709570907849
2025-07-04T18:00:00,sun,j2000,104.17916666666667,22.784166666666668,103.75575664832132,22.833448871097502,0.42341001834535064,-0.04928220443083475,0.3933997756792573
2025-07-04T18:00:00,sun,of_date,104.17916666666667,22.784166666666668,104.14160358308658,22.80144921234542,0.03756308358009619,-0.017282545678753536,0.03870287898328078
2025-07-05T00:00:00,sun,j2000,104.4375,22.760277777777777,104.0131497616805,22.81069797321154,0.424350238319505,-0.050420195433762416,0.3944698965023142
2025-07-05T00:00:00,sun,of_date,104.4375,22.760277777777777,104.39888329502946,22.778072103180676,0.038616704970536375,-0.017794325402899602,0.039806058605700176
2025-07-05T06:00:00,sun,j2000,104.69583333333334,22.73611111111111,104.2704516019163,22.787534739214085,0.4253817314170192,-0.05142362810297385,0.3956097458095863
2025-07-05T06:00:00,sun,of_date,104.69583333333334,22.73611111111111,104.65606440347523,22.754283913799895,0.039768929858098545,-0.01817280268878463,0.04093161276277184
2025-07-05T12:00:00,sun,j2000,104.95416666666668,22.711388888888887,104.52766099637768,22.763959791430263,0.42650567028900355,-0.052570902541376086,0.3968566572471283
2025-07-05T12:00:00,sun,of_date,104.95416666666668,22.711388888888887,104.91315463800515,22.7300844929437,0.041012028661526756,-0.01869560405481252,0.04219705208243275
2025-07-05T18:00:00,sun,j2000,105.2125,22.68611111111111,104.78477678987616,22.739973759015154,0.42772321012384396,-0.053862647904043826,0.39821278347487743
2025-07-05T18:00:00,sun,of_date,105.2125,22.68611111111111,105.17014991573342,22.705474782622975,0.04235008426658737,-0.01936367151186502,0.04360592251182375
2025-07-06T00:00:00,sun,j2000,105.475,22.660833333333333,105.04179784385383,22.715577277900383,0.43320215614616586,-0.05474394456705056,0.4034114354714229
2025-07-06T00:00:00,sun,of_date,105.475,22.660833333333333,105.42705338595715,22.68045504118385,0.04794661404284284,-0.019621707850518533,0.048398042675292095
2025-07-06T06:00:00,sun,j2000,105.73333333333333,22.634722222222223,105.29872303840352,22.69077099046943,0.4346102949298256,-0.056048768247208614,0.40495092692736806
2025-07-06T06:00:00,sun,of_date,105.73333333333333,22.634722222222223,105.6838511432884,22.65502721264066,0.04948219004495513,-0.02030499041843825,0.049978177808838974
2025-07-06T12:00:00,sun,j2000,105.99166666666666,22.608611111111113,105.55555126951549,22.665555545683965,0.43611539715118397,-0.05694443457285203,0.40652549399701976
2025-07-06T12:00:00,sun,of_date,105.99166666666666,22.608611111111113,105.94055489086713,22.62919072979735,0.05111177579954074,-0.02057961868623792,0.051473427740299345
2025-07-06T18:00:00,sun,j2000,106.25,22.581666666666667,105.81228145112118,22.63993159875273,0.43771854887882,-0.05826493208606465,0.4082534566456328
2025-07-06T18:00:00,sun,of_date,106.25,22.581666666666667,106.19715927635542,22.602946710584547,0.0528407236445787,-0.021280043917879965,0.05322496259709132
2025-07-07T00:00:00,sun,j2000,106.50833333333333,22.554722222222225,106.06891251426225,22.613899811072674,0.4394208190710742,-0.059177588850449325,0.4100168555022002
2025-07-07T00:00:00,sun,of_date,106.50833333333333,22.554722222222225,106.45366889121794,22.57629526495835,0.05466444211538146,-0.021573042736125814,0.0548959631904777
2025-07-07T06:00:00,sun,j2000,106.76249999999999,22.526944444444442,106.32544340910528,22.587460849881158,0.4370565908947128,-0.060516405436715104,0.40813180220190737
2025-07-07T06:00:00,sun,of_date,106.76249999999999,22.526944444444442,106.71006567057987,22.549238886299296,0.05243432942012305,-0.02229444185485363,0.05331485104929305
2025-07-07T12:00:00,sun,j2000,107.02083333333334,22.499166666666667,106.58187310218693,22.560615388390318,0.43896023114641025,-0.061448721723650124,0.41008846136472327
2025-07-07T12:00:00,sun,of_date,107.02083333333334,22.499166666666667,106.96636556162457,22.52177650687579,0.05446777170877226,-0.022609840209121046,0.05516421608054751
2025-07-07T18:00:00,sun,j2000,107.27916666666668,22.470555555555553,106.838200578397,22.53336410543965,0.44096608826970396,-0.06280854988409601,0.41220680908944307
2025-07-07T18:00:00,sun,of_date,107.27916666666668,22.470555555555553,107.22256185450362,22.493909441786766,0.05660481216307289,-0.02335388623121304,0.05727984598513772
2025-07-08T00:00:00,sun,j2000,107.53750000000001,22.441944444444445,107.09442484009867,22.505707685439816,0.4430751599013547,-0.063763240995371,0.4143607504911353
2025-07-08T00:00:00,sun,of_date,107.53750000000001,22.441944444444445,107.47866066672043,22.465637619915572,0.05883933327959312,-0.023693175471127148,0.05931608859181122
2025-07-08T06:00:00,sun,j2000,107.79583333333333,22.412777777777777,107.3505449090585,22.47764681801448,0.4452884242748496,-0.06486904023670448,0.416636373502016
2025-07-08T06:00:00,sun,of_date,107.79583333333333,22.412777777777777,107.73463952996957,22.436964160468893,0.06119380336377844,-0.024186382691116393,0.061520192848228225
2025-07-08T12:00:00,sun,j2000,108.05416666666666,22.383055555555558,107.60655982359793,22.449182198158464,0.44760684306874055,-0.06612664260290657,0.4190354526250265
2025-07-08T12:00:00,sun,of_date,108.05416666666666,22.383055555555558,107.99051888366472,22.40788740753656,0.0636477830019544,-0.024831851981002018,0.06387187403571122
2025-07-08T18:00:00,sun,j2000,108.3125,22.353055555555557,107.86246864045569,22.420314525888763,0.4500313595443117,-0.06725897033320649,0.4215150402937496
2025-07-08T18:00:00,sun,of_date,108.3125,22.353055555555557,108.24629058084548,22.378408894831367,0.06620941915451795,-0.025353339275810072,0.06627027716136863
2025-07-09T00:00:00,sun,j2000,108.56666666666666,22.322499999999998,108.11827043377212,22.39104450621011,0.4483962328945381,-0.0685445062101131,0.4203182657144131
2025-07-09T00:00:00,sun,of_date,108.56666666666666,22.322499999999998,108.50196232030146,22.348528338685437,0.06470434636520395,-0.026028338685438968,0.06526469190107453
2025-07-09T06:00:00,sun,j2000,108.825,22.291666666666668,108.37396429686265,22.36137284876591,0.451035703137336,-0.0697061820992424,0.42300604827204025
2025-07-09T06:00:00,sun,of_date,108.825,22.291666666666668,108.75750707560093,22.318249553958147,0.06749292439906185,-0.02658288729147884,0.06786578392345392
2025-07-09T12:00:00,sun,j2000,109.08333333333333,22.260555555555555,108.62954933920145,22.331300268041435,0.453783994131868,-0.07074471248587955,0.4257758222315356
2025-07-09T12:00:00,sun,of_date,109.08333333333333,22.260555555555555,109.0129499397296,22.287570213868083,0.07038339360371992,-0.027014658312527473,0.07051171304648851
2025-07-09T18:00:00,sun,j2000,109.3375,22.228888888888886,108.8850246880944,22.300827483035874,0.45247531190560153,-0.07193859414698878,0.4248741023943819
2025-07-09T18:00:00,sun,of_date,109.3375,22.228888888888886,109.26828128032889,22.256492089392054,0.06921871967111315,-0.02760320050316878,0.06976140995117382
2025-07-10T00:00:00,sun,j2000,109.59583333333333,22.196944444444444,109.14038948746548,22.26995521727275,0.4554438458678476,-0.07301077282830448,0.42785673234219834
2025-07-10T00:00:00,sun,of_date,109.59583333333333,22.196944444444444,109.52350016284697,22.22501592891802,0.07233317048635968,-0.02807148447357477,0.07261158261537246
2025-07-10T06:00:00,sun,j2000,109.85416666666667,22.16444444444444,109.39564289940495,22.238684198485384,0.45852376726173816,-0.07423975404094207,0.43097121172434844
2025-07-10T06:00:00,sun,of_date,109.85416666666667,22.16444444444444,109.7786056683268,22.193142481608373,0.07556099833988128,-0.028698037163930934,0.07562681722322817
2025-07-10T12:00:00,sun,j2000,110.10833333333333,22.131666666666668,109.65078410095242,22.207015158887458,0.45754923238092715,-0.07534849222079032,0.43037088575020277
2025-07-10T12:00:00,sun,of_date,110.10833333333333,22.131666666666668,110.0335968912803,22.16087249737025,0.07473644205305163,-0.029205830703581626,0.07513165667264272
2025-07-10T18:00:00,sun,j2000,110.36666666666666,22.098333333333333,109.90581228552082,22.17494883489254,0.4608543811458503,-0.07661550155920693,0.4337044417583308
2025-07-10T18:00:00,sun,of_date,110.36666666666666,22.098333333333333,110.28847294233162,22.12820672629052,0.07819372433505123,-0.029873392957188827,0.07835974403618351
2025-07-11T00:00:00,sun,j2000,110.62083333333334,22.064722222222223,110.1607266614489,22.142485967193675,0.4601066718844322,-0.07776374497145255,0.4333256684174361
2025-07-11T00:00:00,sun,of_date,110.62083333333334,22.064722222222223,110.54323294810683,22.095145918475826,0.07760038522650348,-0.030423696253603083,0.07808030408436176
2025-07-11T06:00:00,sun,j2000,110.87916666666666,22.030555555555555,110.41552811721141,22.109627089806793,0.4636385494552542,-0.07907153425123781,0.4368803792196675
2025-07-11T06:00:00,sun,of_date,110.87916666666666,22.030555555555555,110.79787771673034,22.061690609003197,0.0812889499363223,-0.03113505344764178,0.08152484310385245
2025-07-11T12:00:00,sun,j2000,111.13333333333333,21.996111111111112,110.67021420658159,22.076373159713118,0.46311912675173517,-0.08026204860200536,0.43672522965302635
2025-07-11T12:00:00,sun,of_date,111.13333333333333,21.996111111111112,111.05240472791468,22.02784175917925,0.08092860541864866,-0.03173064806813741,0.08146310942138049
2025-07-11T18:00:00,sun,j2000,111.39166666666667,21.961388888888887,110.92478418088734,22.042724930282496,0.46688248577930835,-0.08133604139360884,0.44045445605526246
2025-07-11T18:00:00,sun,of_date,111.39166666666667,21.961388888888887,111.30681316334358,21.99360011809109,0.08485350332307462,-0.032211229202204095,0.08502499974913116
2025-07-12T00:00:00,sun,j2000,111.64583333333333,21.926111111111112,111.17923730375742,22.008683159222024,0.4665960295758964,-0.08257204811091157,0.4405272805589428
2025-07-12T00:00:00,sun,of_date,111.64583333333333,21.926111111111112,111.56110222409814,21.958966434519418,0.08473110923517879,-0.03285532340830599,0.08518420462981577
2025-07-12T06:00:00,sun,j2000,111.90416666666667,21.890277777777776,111.43357285224795,21.97424860838669,0.47059381441872006,-0.08397083060891575,0.44453772482648374
2025-07-12T06:00:00,sun,of_date,111.90416666666667,21.890277777777776,111.8152711332952,21.92394145683417,0.08889553337147049,-0.03366367905639578,0.08908196606874078
2025-07-12T12:00:00,sun,j2000,112.15833333333333,21.854444444444447,111.68779011316906,21.939422044249138,0.47054322016427363,-0.08497759980469155,0.44478922372976093
2025-07-12T12:00:00,sun,of_date,112.15833333333333,21.854444444444447,112.06931913386057,21.888525933643365,0.08901419947275713,-0.03408148919891829,0.08936152867195625
2025-07-12T18:00:00,sun,j2000,112.4125,21.817777777777778,111.94188838409804,21.904204237760244,0.47061161590195866,-0.08642645998246579,0.44523847436786984
2025-07-12T18:00:00,sun,of_date,112.4125,21.817777777777778,112.32324549087951,21.852720613905845,0.0892545091204795,-0.034942836128067256,0.0899183658535449
2025-07-13T00:00:00,sun,j2000,112.67083333333333,21.78111111111111,112.19586697155279,21.86859596460925,0.4749663617805595,-0.08748485349813961,0.4495180363921551
2025-07-13T00:00:00,sun,of_date,112.67083333333333,21.78111111111111,112.57704949096922,21.81652624753205,0.0937838423641324,-0.03541513642094074,0.09400401470848403
2025-07-13T06:00:00,sun,j2000,112.925,21.74388888888889,112.4497251919455,21.832598005113855,0.4752748080545075,-0.08870911622496536,0.45014921817699244
2025-07-13T06:00:00,sun,of_date,112.925,21.74388888888889,112.83073044425794,21.779943585686542,0.09426955574207341,-0.0360546967976525,0.0946844899009946
2025-07-13T12:00:00,sun,j2000,113.17916666666666,21.70611111111111,112.70346236778346,21.796211144795375,0.4757042988832154,-0.09010003368426567,0.4509280209492484
2025-07-13T12:00:00,sun,of_date,113.17916666666666,21.70611111111111,113.08428768141499,21.7429733818586,0.09487898525168248,-0.036862270747491266,0.0955379884585315
2025-07-13T18:00:00,sun,j2000,113.43333333333334,21.668333333333333,112.95707782860916,21.759436174308114,0.476255504724179,-0.09110284097478072,0.45174325710704294
2025-07-13T18:00:00,sun,of_date,113.43333333333334,21.668333333333333,113.33772055519535,21.7056163923404,0.09561277813799052,-0.0372830590070663,0.09635069513687539
2025-07-14T00:00:00,sun,j2000,113.69166666666666,21.629722222222224,113.21057090907868,21.722273889789932,0.48109575758797973,-0.09255166756770805,0.4565552875972664
2025-07-14T00:00:00,sun,of_date,113.69166666666666,21.629722222222224,113.59102843888519,21.667873377188307,0.10063822778147369,-0.03815115496608357,0.10102050543833468
2025-07-14T06:00:00,sun,j2000,113.94583333333333,21.59111111111111,113.46394094985675,21.684725092819843,0.4818923834765769,-0.09361398170873159,0.45761212199490103
2025-07-14T06:00:00,sun,of_date,113.94583333333333,21.59111111111111,113.84421072731197,21.62974510082969,0.1016226060213512,-0.0386339897185799,0.10207330754978478
2025-07-14T12:00:00,sun,j2000,114.2,21.551944444444445,113.71718729382155,21.646790591081114,0.48281270617843575,-0.09484614663666946,0.4588198204303514
2025-07-14T12:00:00,sun,of_date,114.2,21.551944444444445,114.09726683290933,21.591232333420454,0.10273316709066194,-0.0392878889760091,0.10330041187459203
2025-07-14T18:00:00,sun,j2000,114.45416666666668,21.51222222222222,113.97030928698399,21.608471198350724,0.48385737968268927,-0.09624897612850347,0.4601801545325133
2025-07-14T18:00:00,sun,of_date,114.45416666666668,21.51222222222222,114.35019618623494,21.55233585154097,0.10397048043174095,-0.040113629318749844,0.10470335582758883
2025-07-15T00:00:00,sun,j2000,114.70833333333333,21.472499999999997,114.22330627659221,21.56976773491982,0.485027056741103,-0.09726773491982499,0.46157678838204197
2025-07-15T00:00:00,sun,of_date,114.70833333333333,21.472499999999997,114.60299823341927,21.51305643934165,0.10533509991404344,-0.040556439341653316,0.10607016780370188
2025-07-15T06:00:00,sun,j2000,114.9625,21.431944444444447,114.47617761207522,21.530681027597772,0.4863223879247869,-0.09873658315332534,0.4631868225312689
2025-07-15T06:00:00,sun,of_date,114.9625,21.431944444444447,114.85567243620233,21.47339488926632,0.10682756379767966,-0.04145044482187288,0.10772083073690822
2025-07-15T12:00:00,sun,j2000,115.21666666666667,21.391388888888887,114.72892264132099,21.491211910445376,0.48774402534567685,-0.09982302155648881,0.4648332609872764
2025-07-15T12:00:00,sun,of_date,115.21666666666667,21.391388888888887,115.10821826706973,21.433352003505657,0.10844839959693786,-0.04196311461677027,0.10933628263177926
2025-07-15T18:00:00,sun,j2000,115.47083333333333,21.35027777777778,114.9815407116867,21.451361224799065,0.48929262164662646,-0.10108344702128491,0.46663589299924546
2025-07-15T18:00:00,sun,of_date,115.47083333333333,21.35027777777778,115.36063520889206,21.39292859471057,0.11019812444126842,-0.04265081693278816,0.11113083377632121
2025-07-16T00:00:00,sun,j2000,115.725,21.30888888888889,115.23403116819861,21.411129819740168,0.49096883180138207,-0.10224093085127706,0.46853528935392635
2025-07-16T00:00:00,sun,of_date,115.725,21.30888888888889,115.61292275154682,21.352125487126873,0.11207724845317557,-0.04323659823798209,0.1129986680386192
2025-07-16T06:00:00,sun,j2000,115.97916666666666,21.266944444444444,115.48639335465555,21.370518552116373,0.49277331201110997,-0.10357410767192832,0.4705931795383325
2025-07-16T06:00:00,sun,of_date,115.97916666666666,21.266944444444444,115.8650803912505,21.3109435172358,0.11408627541615601,-0.04399907279135462,0.11504719596849186
2025-07-16T12:00:00,sun,j2000,116.22916666666666,21.22472222222222,115.7386266092596,21.329528287080528,0.49054005740705975,-0.1048060648583089,0.46896394900519184
2025-07-16T12:00:00,sun,of_date,116.22916666666666,21.22472222222222,116.11710762425133,21.269383534874812,0.11205904241532494,-0.04466131265259321,0.1135903279229044
2025-07-16T18:00:00,sun,j2000,116.48333333333333,21.182222222222222,115.99073026963532,21.28815989934385,0.4926030636980272,-0.10593767712162716,0.4712184454323395
2025-07-16T18:00:00,sun,of_date,116.48333333333333,21.182222222222222,116.36900394976038,21.22744640499337,0.11432938357296507,-0.045224182771146815,0.1157857385350584
2025-07-17T00:00:00,sun,j2000,116.7375,21.139166666666664,116.2427036635529,21.24641427122013,0.4947963364471093,-0.10724760455346427,0.4736347133901249
2025-07-17T00:00:00,sun,of_date,116.7375,21.139166666666664,116.62076885846335,21.185133006164005,0.1167311415366612,-0.045966339497340414,0.11816599806086318
2025-07-17T06:00:00,sun,j2000,116.99166666666666,21.09583333333333,116.49454611787348,21.20429229508958,0.4971205487931911,-0.10845896175624858,0.4761506093396395
2025-07-17T06:00:00,sun,of_date,116.99166666666666,21.09583333333333,116.87240183916424,21.142444233395526,0.11926482750243395,-0.046610900062194816,0.12062367185908941
2025-07-17T12:00:00,sun,j2000,117.24166666666666,21.051944444444445,116.74625695063673,21.161794872289537,0.4954097160299398,-0.10985042784509247,0.4750479985427511
2025-07-17T12:00:00,sun,of_date,117.24166666666666,21.051944444444445,117.12390282609505,21.099381080631282,0.11776384057162659,-0.04743663618683769,0.1196879587700772
2025-07-17T18:00:00,sun,j2000,117.49583333333332,21.00777777777778,116.99783547680624,21.118922916793377,0.4979978565270926,-0.11114513901559775,0.47782930607993485
2025-07-17T18:00:00,sun,of_date,117.49583333333332,21.00777777777778,117.37526991433998,21.055944228074935,0.12056341899335621,-0.04816645029715616,0.122406565657955
2025-07-18T00:00:00,sun,j2000,117.75,20.96333333333333,117.24928099928968,21.0756773489269,0.500719000710319,-0.11234401559356755,0.4807119500993154
2025-07-18T00:00:00,sun,of_date,117.75,20.96333333333333,117.62650392433369,21.012134869073314,0.12349607566630993,-0.04880153573998314,0.12520530254136095
2025-07-18T06:00:00,sun,j2000,118.0,20.91861111111111,117.50059281951894,21.032059101869116,0.49940718048105737,-0.11344799075800438,0.4799153046087453
2025-07-18T06:00:00,sun,of_date,118.0,20.91861111111111,117.877603834257,20.96795388351137,0.12239616574299816,-0.04934277240025864,0.12450498011253683
2025-07-18T12:00:00,sun,j2000,118.25416666666666,20.873333333333335,117.75177022796993,20.988069119497876,0.502396438696735,-0.11473578616454105,0.48306810039589354
2025-07-18T12:00:00,sun,of_date,118.25416666666666,20.873333333333335,118.12856905626381,20.923402252069454,0.1255976104028491,-0.05006891873611963,0.1275712602580603
2025-07-18T18:00:00,sun,j2000,118.50833333333334,20.82777777777778,118.00281250847894,20.94370835670701,0.5055208248543863,-0.11593057892923042,0.48632428726247623
2025-07-18T18:00:00,sun,of_date,118.50833333333334,20.82777777777778,118.37939898113007,20.878480972964855,0.12893435220325955,-0.05070319518707578,0.13072231277476748
2025-07-19T00:00:00,sun,j2000,118.75833333333334,20.781666666666666,118.25371893673804,20.89897777991627,0.5046143965952865,-0.11731111324960253,0.4859716235419299
2025-07-19T00:00:00,sun,of_date,118.75833333333334,20.781666666666666,118.63009297486883,20.833191062081546,0.12824035846449533,-0.051524395414880075,0.13048038272248155
2025-07-19T06:00:00,sun,j2000,119.00833333333334,20.735277777777778,118.50448878217946,20.853878366978886,0.5038445511538612,-0.11860058920110816,0.48572541767710226
2025-07-19T06:00:00,sun,of_date,119.00833333333334,20.735277777777778,118.88065037897798,20.787533552366178,0.12768295435535038,-0.05225577458839936,0.1303267824103288
2025-07-19T12:00:00,sun,j2000,119.2625,20.68861111111111,118.75512130517285,20.808411107681636,0.507378694827139,-0.11979999657052431,0.4893625968722455
2025-07-19T12:00:00,sun,of_date,119.2625,20.68861111111111,119.13107050629856,20.74150949370619,0.13142949370143242,-0.052898382595078175,0.13383082647116967
2025-07-19T18:00:00,sun,j2000,119.5125,20.641388888888887,119.00561575973711,20.7625770046817,0.5068842402628775,-0.12118811579281186,0.4893974083299729
2025-07-19T18:00:00,sun,of_date,119.5125,20.641388888888887,119.38135264272682,20.695119953117665,0.1311473572731643,-0.053731064228777825,0.13395504414348358
2025-07-20T00:00:00,sun,j2000,119.76666666666667,20.594166666666666,119.25597139168019,20.716377071681197,0.5106952749864604,-0.12221040501453118,0.49324693255136426
2025-07-20T00:00:00,sun,of_date,119.76666666666667,20.594166666666666,119.63149604472869,20.64836601207579,0.13517062193795937,-0.05419934540912408,0.13763127899007171
2025-07-20T06:00:00,sun,j2000,120.01666666666667,20.546111111111113,119.50618744218178,20.669812335361268,0.5104792244848682,-0.12370122425015495,0.49356649205939307
2025-07-20T06:00:00,sun,of_date,120.01666666666667,20.546111111111113,119.88149994271697,20.601248767500994,0.13516672394968055,-0.05513765638988133,0.1380363426266094
2025-07-20T12:00:00,sun,j2000,120.26666666666668,20.498055555555556,119.75626314480456,20.622883834699277,0.5104035218621163,-0.12482827914372052,0.49392552389649513
2025-07-20T12:00:00,sun,of_date,120.26666666666668,20.498055555555556,120.13136353828884,20.553769330067702,0.13530312837784209,-0.055713774512145875,0.13842061189666974
2025-07-20T18:00:00,sun,j2000,120.51666666666667,20.449444444444445,120.0061977288297,20.57559262194029,0.5104689378369471,-0.12614817749584617,0.49446487423331736
2025-07-20T18:00:00,sun,of_date,120.51666666666667,20.449444444444445,120.38108600823819,20.505928824098675,0.13558065842846645,-0.056484379654229144,0.13900652298043484
2025-07-21T00:00:00,sun,j2000,120.77083333333333,20.400555555555552,120.2559904178247,20.527939760676233,0.5148429155086092,-0.1273842051206806,0.49888809781585236
2025-07-21T00:00:00,sun,of_date,120.77083333333333,20.400555555555552,120.63066650424395,20.457728384545668,0.14016682908936673,-0.05717282899011522,0.14325434882802132
2025-06-21T00:00:00,mars,j2000,154.29583333333332,11.370555555555557,154.1270909999406,11.946902252159848,0.16874233339271427,-0.5763466966042916,0.5995718763687797
2025-06-21T00:00:00,mars,of_date,154.29583333333332,11.370555555555557,154.46731454488963,11.819984648501674,-0.17148121155631202,-0.4494290929461169,0.4797959592895331
2025-06-21T06:00:00,mars,j2000,154.42916666666665,11.316111111111113,154.26057478149494,11.893005944557087,0.16859188517170764,-0.5768948334459747,0.6000670829602084
2025-06-21T06:00:00,mars,of_date,154.42916666666665,11.316111111111113,154.60068256288855,11.765934974716055,-0.171515896221905,-0.44982386360494253,0.48018904700203596
2025-06-21T12:00:00,mars,j2000,154.5666666666667,11.261388888888888,154.3940982622512,11.839023744475332,0.17256840441550025,-0.5776348555864441,0.6018701796352924
2025-06-21T12:00:00,mars,of_date,154.5666666666667,11.261388888888888,154.73409177168173,11.711799539559118,-0.1674251050150417,-0.45041065067023034,0.47936327965381625
2025-06-21T18:00:00,mars,j2000,154.70000000000002,11.206666666666665,154.52766141797417,11.784955854417586,0.1723385820258443,-0.5782891877509204,0.6024442053133238
2025-06-21T18:00:00,mars,of_date,154.70000000000002,11.206666666666665,154.8675422489746,11.657578523871345,-0.16754224897456993,-0.4509118572046802,0.4798843381187056
2025-06-22T00:00:00,mars,j2000,154.83333333333334,11.151666666666667,154.66126421681759,11.730802482717257,0.17206911651575751,-0.5791358160505897,0.6031921757058696
2025-06-22T00:00:00,mars,of_date,154.83333333333334,11.151666666666667,155.00103395762858,11.603272232016698,-0.1677006242952359,-0.4516055653500306,0.48060011351278675
2025-06-22T06:00:00,mars,j2000,154.97083333333333,11.096944444444444,154.79490661973864,11.676563843456526,0.17592671359469136,-0.5796193990120813,0.6047331363274123
2025-06-22T06:00:00,mars,of_date,154.97083333333333,11.096944444444444,155.13456696275682,11.548880820196246,-0.1637336294234899,-0.4519363757518011,0.47960566890205536
2025-06-22T12:00:00,mars,j2000,155.10416666666669,11.041944444444445,154.9285885784809,11.622240157367404,0.17557808818577314,-0.5802957129229593,0.6052935034212719
2025-06-22T12:00:00,mars,of_date,155.10416666666669,11.041944444444445,155.26814120975848,11.494404568767237,-0.16397454309179693,-0.45246012432279237,0.48018855376881625
2025-06-22T18:00:00,mars,j2000,155.2375,10.986666666666666,155.06231003612902,11.56783165168651,0.1751899638709915,-0.5811649850198428,0.6060282669117174
2025-06-22T18:00:00,mars,of_date,155.2375,10.986666666666666,155.40175670235828,11.439843700733842,-0.16425670235827283,-0.4531770340671759,0.48096701824108856
2025-06-23T00:00:00,mars,j2000,155.375,10.931666666666667,155.19607092626097,11.513338560573606,0.17892907373902744,-0.5816718939069396,0.6075729258263892
2025-06-23T00:00:00,mars,of_date,155.375,10.931666666666667,155.53541313444123,11.38519863422207,-0.16041313444122807,-0.4535319675554028,0.480062257344186
2025-06-23T06:00:00,mars,j2000,155.50833333333335,10.87638888888889,155.3298711736868,11.458761124877292,0.17846215964655698,-0.5823722359884016,0.6081210158833986
2025-06-23T06:00:00,mars,of_date,155.50833333333335,10.87638888888889,155.66911058162623,11.330469530242834,-0.16077724829287376,-0.45408064135394355,0.4807075246095885
2025-06-23T12:00:00,mars,j2000,155.64166666666668,10.821111111111112,155.46371069281224,11.4040995928607,0.17795597385443784,-0.5829884817495881,0.6085780088046795
2025-06-23T12:00:00,mars,of_date,155.64166666666668,10.821111111111112,155.80284881021043,11.275656743465392,-0.16118214354375482,-0.45454563235428047,0.4812869857286514
2025-06-23T18:00:00,mars,j2000,155.77916666666664,10.765555555555556,155.5975893885934,11.349354219863146,0.18157727807323454,-0.5837986643075901,0.6103917429458454
2025-06-23T18:00:00,mars,of_date,155.77916666666664,10.765555555555556,155.93662774002973,11.220760537764324,-0.15746107336309478,-0.4552049822087678,0.4807325997062883
2025-06-24T00:00:00,mars,j2000,155.9125,10.709999999999999,155.73150715612803,11.294525268506998,0.18099284387196235,-0.584525268506999,0.610929405145071
2025-06-24T00:00:00,mars,of_date,155.9125,10.709999999999999,156.07044680198078,11.165781416752763,-0.1579468019807848,-0.45578141675276385,0.4814411435079124
2025-06-24T06:00:00,mars,j2000,156.04583333333332,10.654444444444445,155.86546388184502,11.239613008240621,0.1803694514883034,-0.5851685637961754,0.6113770158979288
2025-06-24T06:00:00,mars,of_date,156.04583333333332,10.654444444444445,156.20430609239463,11.11071954871669,-0.1584727590613113,-0.45627510427224394,0.48208431500555093
2025-06-24T12:00:00,mars,j2000,156.18333333333334,10.59888888888889,155.9994594423273,11.184617715838675,0.18387389100604423,-0.5857288269497847,0.6129277473737248
2025-06-24T12:00:00,mars,of_date,156.18333333333334,10.59888888888889,156.33820522452572,11.055575338783507,-0.15487189119238565,-0.45668644989461704,0.48135362467262793
2025-06-24T18:00:00,mars,j2000,156.31666666666666,10.543055555555556,156.1334937057328,11.129539674827887,0.18317296093385949,-0.5864841192723311,0.6134571887516331
2025-06-24T18:00:00,mars,of_date,156.31666666666666,10.543055555555556,156.4721440538508,11.000349080899216,-0.15547738718413484,-0.4572935253436601,0.4821266159503685
2025-06-25T00:00:00,mars,j2000,156.45416666666665,10.487222222222222,156.2675665318302,11.074379175468007,0.18660013483645344,-0.5871569532457848,0.6151051006334673
2025-06-25T00:00:00,mars,of_date,156.45416666666665,10.487222222222222,156.60612184076535,10.945041310618292,-0.15195517409870263,-0.4578190883960698,0.48154980373722756
2025-06-25T06:00:00,mars,j2000,156.5875,10.431111111111111,156.40167777362012,11.019136514069961,0.18582222637988366,-0.5880254029588503,0.615717143289457
2025-06-25T06:00:00,mars,of_date,156.5875,10.431111111111111,156.74013870785632,10.889652209238642,-0.15263870785631184,-0.4585410981275313,0.4824532078368877
2025-06-25T12:00:00,mars,j2000,156.72083333333333,10.375277777777779,156.53582727655476,10.963811993291115,0.18500605677857607,-0.5885342155133362,0.6159757998367876
2025-06-25T12:00:00,mars,of_date,156.72083333333333,10.375277777777779,156.87419419092714,10.83418219674824,-0.15336085759381035,-0.4589044189704605,0.48302807830798516
2025-06-25T18:00:00,mars,j2000,156.85833333333332,10.319166666666666,156.67001487890855,10.908405920926164,0.18831845442477402,-0.589239254259498,0.6176271428160655
2025-06-25T18:00:00,mars,of_date,156.85833333333332,10.319166666666666,157.00828811821452,10.778631582497903,-0.14995478488120284,-0.45946491583123716,0.48253565137369825
2025-06-26T00:00:00,mars,j2000,156.99166666666667,10.263055555555555,156.80424041917445,10.852918611921504,0.18742624749222614,-0.5898630563659495,0.6179703097235273
2025-06-26T00:00:00,mars,of_date,156.99166666666667,10.263055555555555,157.14241972922662,10.723000876594268,-0.15075306255994292,-0.4599453210387132,0.48324145374061506
2025-06-26T06:00:00,mars,j2000,157.12916666666666,10.206666666666665,156.93850372383974,10.797350383142522,0.19066294282691842,-0.5906837164758567,0.6197189326298324
2025-06-26T06:00:00,mars,of_date,157.12916666666666,10.206666666666665,157.27658915880397,10.667290282397824,-0.1474224921373093,-0.4606236157311585,0.48290181453504766
2025-06-26T12:00:00,mars,j2000,157.2625,10.150277777777777,157.07280462090785,10.741701557957203,0.18969537909214296,-0.5914237801794258,0.620147705961309
2025-06-26T12:00:00,mars,of_date,157.2625,10.150277777777777,157.41079595982137,10.611500202363855,-0.14829595982138244,-0.46122242458607765,0.4837392329666333
2025-06-26T18:00:00,mars,j2000,157.39999999999998,10.09388888888889,157.20714293328433,10.685972462942457,0.1928570667156464,-0.5920835740535679,0.6217288246300582
2025-06-26T18:00:00,mars,of_date,157.39999999999998,10.09388888888889,157.54503997147947,10.555630951483549,-0.14503997147949121,-0.46174206259465933,0.48328713743143403
2025-06-27T00:00:00,mars,j2000,157.53333333333333,10.0375,157.3415184880373,10.630163429232411,0.19181484529602244,-0.5926634292324113,0.6219795739730525
2025-06-27T00:00:00,mars,of_date,157.53333333333333,10.0375,157.67932054972232,10.499682970181256,-0.14598721638898837,-0.46218297018125654,0.48399172352937275
2025-06-27T06:00:00,mars,j2000,157.67083333333332,9.980833333333333,157.4759311034511,10.574274789345104,0.19490222988221717,-0.5934414560117709,0.623658608320322
2025-06-27T06:00:00,mars,of_date,157.67083333333332,9.980833333333333,157.81363781730704,10.443656498705273,-0.1428044839737197,-0.46282316537194035,0.4836912825703572
2025-06-27T12:00:00,mars,j2000,157.80416666666667,9.924166666666666,157.61038060325973,10.518306879671886,0.1937860634069466,-0.59414021300522,0.6239974276524838
2025-06-27T12:00:00,mars,of_date,157.80416666666667,9.924166666666666,157.94799141645024,10.387551902717727,-0.14382474978356186,-0.4633852360510602,0.4845288230871423
2025-06-27T18:00:00,mars,j2000,157.9416666666667,9.8675,157.74486681105964,10.462260038481691,0.19679985560705404,-0.5947600384816916,0.6255102216567799
2025-06-27T18:00:00,mars,of_date,157.9416666666667,9.8675,158.08238121752834,10.33136949972935,-0.1407145508616452,-0.4638694997293502,0.48411415274797703
2025-06-28T00:00:00,mars,j2000,158.07500000000002,9.810555555555556,157.87938955209472,10.40613460595045,0.19561044790529536,-0.5955790503948943,0.6259383564782005
2025-06-28T00:00:00,mars,of_date,158.07500000000002,9.810555555555556,158.21680677760412,10.275109646080411,-0.14180677760410276,-0.46455409052485486,0.4850855908460097
2025-06-28T06:00:00,mars,j2000,158.21249999999998,9.75388888888889,158.01394865499356,10.349930923359992,0.1985513450064218,-0.5960420344711022,0.6272857250650987
2025-06-28T06:00:00,mars,of_date,158.21249999999998,9.75388888888889,158.35126817439027,10.218772628921394,-0.1387681743902931,-0.464883740032505,0.4845557741061505
2025-06-28T12:00:00,mars,j2000,158.34583333333336,9.696666666666667,158.148543950953,10.293649333363852,0.19728938238034743,-0.5969826666971851,0.6278044918119685
2025-06-28T12:00:00,mars,of_date,158.34583333333336,9.696666666666667,158.4857651711087,10.162358775295692,-0.13993183777535023,-0.46569210862902466,0.48566214483579395
2025-06-28T18:00:00,mars,j2000,158.48333333333335,9.639722222222222,158.283175275355,10.23729017924053,0.20015805797834219,-0.5975679570183079,0.6292510895792361
2025-06-28T18:00:00,mars,of_date,158.48333333333335,9.639722222222222,158.62029766612307,10.105868407077935,-0.13696433278971654,-0.46614618485571313,0.48528330066895364
2025-06-29T00:00:00,mars,j2000,158.61666666666665,9.5825,158.4178424678239,10.180853804799666,0.19882419884274327,-0.5983538047996664,0.6295980556719564
2025-06-29T00:00:00,mars,of_date,158.61666666666665,9.5825,158.75486544345608,10.049301808334638,-0.13819877678943726,-0.4668018083346386,0.4862587985863518
2025-06-29T06:00:00,mars,j2000,158.75416666666666,9.525277777777779,158.5525453737181,10.124340553690939,0.20162129294857323,-0.5990627759131595,0.6311444643681153
2025-06-29T06:00:00,mars,of_date,158.75416666666666,9.525277777777779,158.8894685017441,9.992659313795956,-0.13530183507742777,-0.467381536018177,0.4860308662899004
2025-06-29T12:00:00,mars,j2000,158.89166666666668,9.468055555555555,158.68728384305223,10.067750769792765,0.20438282361445204,-0.5996952142372098,0.6326167272661039
2025-06-29T12:00:00,mars,of_date,158.89166666666668,9.468055555555555,159.0241067222072,9.935941221630383,-0.1324400555405134,-0.46788566607482807,0.4857562255160751
2025-06-29T18:00:00,mars,j2000,159.025,9.410833333333334,158.82205773186786,10.011084796578833,0.20294226813214777,-0.6002514632454989,0.6327046408135565
2025-06-29T18:00:00,mars,of_date,159.025,9.410833333333334,159.1587800198356,9.879147860388464,-0.13378001983559784,-0.46831452705512966,0.48653170680725155
2025-06-30T00:00:00,mars,j2000,159.1625,9.353333333333333,158.95686690203274,9.954342977146895,0.20563309796725093,-0.6010096438135619,0.6342775640070752
2025-06-30T00:00:00,mars,of_date,159.1625,9.353333333333333,159.29348837387022,9.822279467189535,-0.130988373870224,-0.46894613385620154,0.48640758170443305
2025-06-30T06:00:00,mars,j2000,159.29583333333335,9.295833333333333,159.09171122250552,9.897525653634844,0.20412211082782505,-0.6016923203015114,0.63446124428928
2025-06-30T06:00:00,mars,of_date,159.29583333333335,9.295833333333333,159.4282316970365,9.765336414852905,-0.13239836370314606,-0.4695030815195729,0.4873210482802182
2025-06-30T12:00:00,mars,j2000,159.43333333333334,9.238055555555555,159.22659056802001,9.840633167726395,0.20674276531332225,-0.6025776121708404,0.6361352214937257
2025-06-30T12:00:00,mars,of_date,159.43333333333334,9.238055555555555,159.5630099633397,9.708318985625965,-0.1296766300063723,-0.4702634300704105,0.4873480278833841
2025-06-30T18:00:00,mars,j2000,159.57083333333333,9.180555555555555,159.36150482025676,9.78366586011351,0.20932851307657074,-0.6031103045579549,0.6374722292127041
2025-06-30T18:00:00,mars,of_date,159.57083333333333,9.180555555555555,159.69782309650827,9.651227513621555,-0.12698976317494726,-0.47067195806599926,0.4870593147195184
2025-07-01T00:00:00,mars,j2000,159.70416666666665,9.122777777777777,159.49645386744635,9.72662407062244,0.20771279922030317,-0.6038462928446631,0.6376657668414373
2025-07-01T00:00:00,mars,of_date,159.70416666666665,9.122777777777777,159.8326712128204,9.59406221735126,-0.1285045461537493,-0.4712844395734823,0.48804271881212224
2025-07-01T06:00:00,mars,j2000,159.84166666666667,9.065000000000001,159.63143771943942,9.669508091152728,0.21022894722725027,-0.6045080911527272,0.6391048316163886
2025-07-01T06:00:00,mars,of_date,159.84166666666667,9.065000000000001,159.96755427268693,9.536823443055205,-0.12588760602025673,-0.47182344305520374,0.48790470475760195
2025-07-01T12:00:00,mars,j2000,159.97916666666666,9.006944444444445,159.76645616359906,9.61231830633482,0.21271050306759776,-0.6053738618903761,0.6407329946340229
2025-07-01T12:00:00,mars,of_date,159.97916666666666,9.006944444444445,160.1024721985226,9.479511515535318,-0.12330553185594795,-0.47256707109087337,0.48798721289559327
2025-07-01T18:00:00,mars,j2000,160.11249999999998,8.949166666666667,159.90150910914258,9.555055052611463,0.21099089085740275,-0.6058883859447963,0.6406767455394355
2025-07-01T18:00:00,mars,of_date,160.11249999999998,8.949166666666667,160.23742492450822,9.422126769790061,-0.12492492450823534,-0.47296010312339476,0.488773678919951
2025-07-02T00:00:00,mars,j2000,160.25,8.89111111111111,160.03659647198822,9.49771866535939,0.21340352801178142,-0.6066075542482796,0.6421453282527572
2025-07-02T00:00:00,mars,of_date,160.25,8.89111111111111,160.37241263934254,9.364669431245737,-0.1224126393425422,-0.47355832013462695,0.4887383090267752
2025-07-02T06:00:00,mars,j2000,160.38750000000002,8.832777777777778,160.1717181757424,9.440309478441542,0.21578182425761838,-0.6075317006637633,0.6438028535910116
2025-07-02T06:00:00,mars,of_date,160.38750000000002,8.832777777777778,160.5074351625393,9.307139891460467,-0.11993516253929215,-0.4743621136826892,0.4889236254452959
2025-07-02T12:00:00,mars,j2000,160.52083333333331,8.774722222222223,160.30687415015223,9.382827824836951,0.21395918318108897,-0.608105602614728,0.6437629154502865
2025-07-02T12:00:00,mars,of_date,160.52083333333331,8.774722222222223,160.64249256670075,9.249538432709242,-0.12165923336743845,-0.4748162104870186,0.48978376795872924
2025-07-02T18:00:00,mars,j2000,160.65833333333333,8.716388888888888,160.44206433207341,9.325274036204346,0.2162690012599171,-0.6088851473154584,0.6452620245773348
2025-07-02T18:00:00,mars,of_date,160.65833333333333,8.716388888888888,160.77758480561567,9.1918653849278,-0.11925147228234323,-0.47547649603891173,0.4898512278465393
2025-07-03T00:00:00,mars,j2000,160.79583333333332,8.658055555555556,160.57728866491868,9.267648443092355,0.21854466841463704,-0.6095928875367989,0.6466881189475163
2025-07-03T00:00:00,mars,of_date,160.79583333333332,8.658055555555556,160.91271207775912,9.134121001883512,-0.11687874442580437,-0.4760654463279561,0.4898695551687244
2025-07-03T06:00:00,mars,j2000,160.93333333333334,8.599722222222223,160.71254709961306,9.209951374508828,0.2207862337202755,-0.610229152286605,0.6480414130159513
2025-07-03T06:00:00,mars,of_date,160.93333333333334,8.599722222222223,161.04787422299228,9.076305653722326,-0.11454088965894016,-0.47658343150010296,0.4898383463790408
2025-07-03T12:00:00,mars,j2000,161.06666666666666,8.54111111111111,160.84783959303297,9.152183158563101,0.21882707363369036,-0.6110720474519908,0.6481985044013535
2025-07-03T12:00:00,mars,of_date,161.06666666666666,8.54111111111111,161.1830713246212,9.018419634714407,-0.11640465795454702,-0.47730852360329656,0.4909762723866161
2025-07-03T18:00:00,mars,j2000,161.20416666666665,8.482777777777779,160.9831661089578,9.09434412203796,0.2210005577088623,-0.6115663442601811,0.6493950929252813
2025-07-03T18:00:00,mars,of_date,161.20416666666665,8.482777777777779,161.3183033669676,8.960463264831402,-0.11413670030094636,-0.47768548705362335,0.49082685357886
2025-07-04T00:00:00,mars,j2000,161.34166666666664,8.423888888888888,161.11852661753062,9.036434590597858,0.22314004913602048,-0.6125457017089708,0.6510423552713077
2025-07-04T00:00:00,mars,of_date,161.34166666666664,8.423888888888888,161.45357050045027,8.902436843225647,-0.11190383378362867,-0.4785479543367597,0.4911684304506994
2025-07-04T06:00:00,mars,j2000,161.47916666666666,8.365277777777777,161.25392109621953,8.978454888355046,0.22524557044712878,-0.6131771105772685,0.652355612344037
2025-07-04T06:00:00,mars,of_date,161.47916666666666,8.365277777777777,161.5888726311964,8.844340702783919,-0.10970596452975201,-0.4790629250061418,0.4911895675330316
2025-07-04T12:00:00,mars,j2000,161.6125,8.306666666666667,161.3893495282789,8.920405338505516,0.22315047172111235,-0.6137386718388491,0.6521915575277595
2025-07-04T12:00:00,mars,of_date,161.6125,8.306666666666667,161.72420983028428,8.786175155843686,-0.11170983028426917,-0.4795084891770198,0.4920688966124885
2025-07-04T18:00:00,mars,j2000,161.75,8.247777777777777,161.52481190373578,8.862286262884602,0.22518809626421898,-0.6145084851068248,0.6536112583394189
2025-07-04T18:00:00,mars,of_date,161.75,8.247777777777777,161.8595821216071,8.72794050936205,-0.10958212160710445,-0.48016273158427225,0.4922426319101532
2025-07-05T00:00:00,mars,j2000,161.88750000000002,8.18888888888889,161.66030821887216,8.804097982165407,0.22719178112785698,-0.6152090932765173,0.6549588148120147
2025-07-05T00:00:00,mars,of_date,161.88750000000002,8.18888888888889,161.99498955890363,8.669637119051464,-0.1074895589036089,-0.4807482301625736,0.4923662472763977
2025-07-05T06:00:00,mars,j2000,162.025,8.129722222222222,161.7958384772395,8.74584081539983,0.2291615227605064,-0.6161185931776085,0.656495149221078
2025-07-05T06:00:00,mars,of_date,162.025,8.129722222222222,162.1304321532183,8.611265270081343,-0.10543215321828825,-0.4815430478591214,0.4927108811599389
2025-07-05T12:00:00,mars,j2000,162.16250000000002,8.070833333333333,161.9314026881541,8.687515080640003,0.23109731184592874,-0.6166817473066697,0.6576988012596203
2025-07-05T12:00:00,mars,of_date,162.16250000000002,8.070833333333333,162.2659099445748,8.55282529652986,-0.10340994457476427,-0.4819919631965277,0.4927335294817778
2025-07-05T18:00:00,mars,j2000,162.29583333333332,8.011666666666667,162.06700086772992,8.629121094470177,0.22883246560340353,-0.6174544278035103,0.6576604006366944
2025-07-05T18:00:00,mars,of_date,162.29583333333332,8.011666666666667,162.40142300255752,8.494317490973797,-0.10558966922420154,-0.4826508243071306,0.4938331694927371
2025-07-06T00:00:00,mars,j2000,162.43333333333334,7.952500000000001,162.202633038415,8.57065917218047,0.23070029491833566,-0.6181591721804693,0.6589718743601717
2025-07-06T00:00:00,mars,of_date,162.43333333333334,7.952500000000001,162.53697125125052,8.435742269014005,-0.10363791791718313,-0.4832422690140046,0.49400976987205597
2025-07-06T06:00:00,mars,j2000,162.57083333333333,7.893055555555555,162.3382992300534,8.512129627282446,0.23253410327993151,-0.6190740717268914,0.6604722446823219
2025-07-06T06:00:00,mars,of_date,162.57083333333333,7.893055555555555,162.6725548338644,8.377099863751754,-0.10172150053108453,-0.48404430819619915,0.4944076202627068
2025-07-06T12:00:00,mars,j2000,162.70833333333334,7.833888888888889,162.47399947842302,8.453532772112345,0.234333854910318,-0.6196438832234561,0.6616407162653299
2025-07-06T12:00:00,mars,of_date,162.70833333333334,7.833888888888889,162.80817374757441,8.318390631343458,-0.09984041424107204,-0.4845017424545697,0.49448280355146423
2025-07-06T18:00:00,mars,j2000,162.84583333333333,7.774444444444445,162.60973382633017,8.394868917331314,0.23609950700316062,-0.6204244728868691,0.6629980563465672
2025-07-06T18:00:00,mars,of_date,162.84583333333333,7.774444444444445,162.94382811032426,8.25961485022212,-0.09799477699093018,-0.4851704057776747,0.494779193425237
2025-07-07T00:00:00,mars,j2000,162.98333333333335,7.715,162.74550232318006,8.336138372082306,0.23783101015328612,-0.6211383720823065,0.664284074921956
2025-07-07T00:00:00,mars,of_date,162.98333333333335,7.715,163.07951770442264,8.20077299032018,-0.09618437108929356,-0.4857729903201804,0.4950246972535457
2025-07-07T06:00:00,mars,j2000,163.12083333333334,7.655555555555556,162.8813050260926,8.277341443478099,0.23952830724073237,-0.6217858879225426,0.6654989660267823
2025-07-07T06:00:00,mars,of_date,163.12083333333334,7.655555555555556,163.2152428168588,8.141865235241085,-0.0944094835254532,-0.48630967968552863,0.4952190180421346
2025-07-07T12:00:00,mars,j2000,163.25833333333333,7.595833333333333,163.0171419984797,8.218478437187175,0.24119133485362454,-0.6226451038538414,0.6669022861186479
2025-07-07T12:00:00,mars,of_date,163.25833333333333,7.595833333333333,163.35100339871144,8.082891960024813,-0.0926700653781154,-0.48705862669148026,0.4956349740700211
2025-07-07T18:00:00,mars,j2000,163.39583333333334,7.536111111111111,163.15301331117337,8.159549656915459,0.24282002215997522,-0.6234385458043477,0.6682344694189485
2025-07-07T18:00:00,mars,of_date,163.39583333333334,7.536111111111111,163.48679961410016,8.023853431073716,-0.09096628076682123,-0.48774231996260475,0.49599974515105255
2025-07-08T00:00:00,mars,j2000,163.52916666666667,7.476388888888889,163.28891904203488,8.10055540454559,0.24024762463179172,-0.6241665156567011,0.6680136071720685
2025-07-08T00:00:00,mars,of_date,163.52916666666667,7.476388888888889,163.62263111506695,7.964750158168238,-0.09346444840028312,-0.4883612692793493,0.49706601127207756
2025-07-08T06:00:00,mars,j2000,163.66666666666669,7.416666666666667,163.4248592770872,8.041495979614838,0.24180738957949188,-0.6248293129481715,0.669196757990577
2025-07-08T06:00:00,mars,of_date,163.66666666666669,7.416666666666667,163.7584983245946,7.905582285346101,-0.09183165792791215,-0.48891561867943434,0.4973143931292634
2025-07-08T12:00:00,mars,j2000,163.80416666666665,7.3566666666666665,163.56083410912083,7.982371679890218,0.24333255754581273,-0.6257050132235511,0.6705686140711313
2025-07-08T12:00:00,mars,of_date,163.80416666666665,7.3566666666666665,163.89440115360776,7.84635019983672,-0.0902344869411138,-0.4896835331700533,0.49778478814799265
2025-07-08T18:00:00,mars,j2000,163.94166666666666,7.296944444444445,163.69684363882732,7.923182800846465,0.2448230278393453,-0.6262383564020206,0.6716107403457898
2025-07-08T18:00:00,mars,of_date,163.94166666666666,7.296944444444445,164.0303398045828,7.787054159861143,-0.08867313791614606,-0.4901097154166987,0.49793066959535764
2025-07-09T00:00:00,mars,j2000,164.07916666666668,7.236944444444444,163.83288797441367,7.8639296358046735,0.24627869225301424,-0.6269851913602293,0.6728415701755437
2025-07-09T00:00:00,mars,of_date,164.07916666666668,7.236944444444444,164.16631383647677,7.727694691816277,-0.08714716981009474,-0.4907502473718326,0.49829870757833467
2025-07-09T06:00:00,mars,j2000,164.21666666666667,7.176666666666667,163.9689672327297,7.804612475412738,0.24769943393695826,-0.6279458087460714,0.6742607757893676
2025-07-09T06:00:00,mars,of_date,164.21666666666667,7.176666666666667,164.30232377987818,7.66827191676529,-0.0856571132115107,-0.49160525009862344,0.49888913557333675
2025-07-09T12:00:00,mars,j2000,164.35416666666666,7.116666666666666,164.10508153785668,7.745231608232909,0.24908512880998046,-0.6285649415662427,0.675350922967681
2025-07-09T12:00:00,mars,of_date,164.35416666666666,7.116666666666666,164.43836952247148,7.60878622353234,-0.08420285580481845,-0.4921195568656733,0.49915458163915843
2025-07-09T18:00:00,mars,j2000,164.49166666666667,7.056388888888889,164.24123102221745,7.68578732023242,0.25043564444922595,-0.6293984313435308,0.6766294611272815
2025-07-09T18:00:00,mars,of_date,164.49166666666667,7.056388888888889,164.57445129341954,7.549237866631432,-0.08278462675286846,-0.4928489777425433,0.49964250371989666
2025-07-10T00:00:00,mars,j2000,164.62916666666666,6.996111111111111,164.37741582615274,7.626279894944271,0.25175084051392105,-0.6301687838331596,0.6778378306659602
2025-07-10T00:00:00,mars,of_date,164.62916666666666,6.996111111111111,164.71056862310752,7.489627357741025,-0.08140195644085679,-0.49351624662991345,0.5000791907213334
2025-07-10T06:00:00,mars,j2000,164.76666666666665,6.935833333333334,164.51363609900386,7.56670961297193,0.2530305676627904,-0.6308762796385956,0.6789761839130182
2025-07-10T06:00:00,mars,of_date,164.76666666666665,6.935833333333334,164.84672210351482,7.429954816066892,-0.08005543684816985,-0.4941214827335578,0.5004644579929647
2025-07-10T12:00:00,mars,j2000,164.90416666666667,6.875555555555556,164.64989199764761,7.507076752609755,0.25427466901905404,-0.631521197054199,0.6800446684331344
2025-07-10T12:00:00,mars,of_date,164.90416666666667,6.875555555555556,164.98291162932048,7.370220617304435,-0.07874496265381481,-0.49466506174887925,0.5007982757393544
2025-07-10T18:00:00,mars,j2000,165.04166666666669,6.8149999999999995,164.786183687532,7.447381589373075,0.2554829791346833,-0.6323815893730753,0.681301278899978
2025-07-10T18:00:00,mars,of_date,165.04166666666669,6.8149999999999995,165.11913744499168,7.310425015710626,-0.07747077832499372,-0.4954250157106266,0.5013550583856429
2025-07-11T00:00:00,mars,j2000,165.17916666666665,6.754444444444444,164.92251134217918,7.387624396201574,0.2566553244874683,-0.6331799517571302,0.6824880365072539
2025-07-11T00:00:00,mars,of_date,165.17916666666665,6.754444444444444,165.25539914099716,7.2505684718615,-0.07623247433051006,-0.4961240274170562,0.5018605685306197
2025-07-11T06:00:00,mars,j2000,165.3166666666667,6.693888888888889,165.0588752828496,7.327805383819522,0.25779138381707867,-0.6339164949306326,0.6836049698582043
2025-07-11T06:00:00,mars,of_date,165.3166666666667,6.693888888888889,165.39169745200945,7.190651066137297,-0.07503078534276142,-0.4967621772484083,0.5023146404611118
2025-07-11T12:00:00,mars,j2000,165.45416666666668,6.633333333333334,165.19527556165372,7.267924878817932,0.25889110501296386,-0.6345915454845983,0.6846523147253015
2025-07-11T12:00:00,mars,of_date,165.45416666666668,6.633333333333334,165.52803218430608,7.130673202898319,-0.07386551763940474,-0.49733986956498555,0.5027173025006912
2025-07-11T18:00:00,mars,j2000,165.59166666666664,6.5725,165.33171237710872,7.207983146012299,0.25995428955792477,-0.6354831460122989,0.6858875799617422
2025-07-11T18:00:00,mars,of_date,165.59166666666664,6.5725,165.6644035904543,7.070635137468385,-0.07273692378765872,-0.49813513746838556,0.503343421092488
2025-07-12T00:00:00,mars,j2000,165.73333333333335,6.5119444444444445,165.46818593555895,7.147980447726748,0.265147397774399,-0.6360360032823031,0.6883675743526457
2025-07-12T00:00:00,mars,of_date,165.73333333333335,6.5119444444444445,165.8008114198691,7.010537245020312,-0.06747808653574339,-0.4985928005758673,0.5030754722592022
2025-07-12T06:00:00,mars,j2000,165.87083333333334,6.4511111111111115,165.60469645206467,7.087917043406585,0.26613688126866464,-0.6368059322954736,0.6894677230792757
2025-07-12T06:00:00,mars,of_date,165.87083333333334,6.4511111111111115,165.9372562142944,6.950379705105458,-0.06642288096105631,-0.49926859399434687,0.5036080119256647
2025-07-12T12:00:00,mars,j2000,166.00833333333333,6.390000000000001,165.74124414870494,7.027793190371581,0.2670891846283894,-0.6377931903715801,0.6907549641340889
2025-07-12T12:00:00,mars,of_date,166.00833333333333,6.390000000000001,166.073738014186,6.890162816696419,-0.06540468085268003,-0.5001628166964185,0.50436434299328
2025-07-12T18:00:00,mars,j2000,166.14583333333334,6.329166666666667,165.8778292553866,6.967609143471641,0.26800407794675607,-0.6384424768049746,0.6917163091634805
2025-07-12T18:00:00,mars,of_date,166.14583333333334,6.329166666666667,166.21025707859633,6.829886835415156,-0.06442374526298522,-0.5007201687484892,0.5047936093684595
2025-07-13T00:00:00,mars,j2000,166.28333333333336,6.268055555555556,166.01445200911553,6.907365155423142,0.26888132421782984,-0.6393095998675866,0.6928647862905145
2025-07-13T00:00:00,mars,of_date,166.28333333333336,6.268055555555556,166.34681339991994,6.769552028979891,-0.06348006658657823,-0.5014964734243357,0.5054467990569947
2025-07-13T06:00:00,mars,j2000,166.42083333333332,6.207222222222223,166.1511126547382,6.847061476501376,0.26972067859512094,-0.6398392542791536,0.6936877474913381
2025-07-13T06:00:00,mars,of_date,166.42083333333332,6.207222222222223,166.4834074181199,6.709158628932629,-0.06257408478657567,-0.5019364067104064,0.5057727852277998
2025-07-13T12:00:00,mars,j2000,166.55833333333334,6.146111111111112,166.28781144312052,6.78669835536714,0.27052189021281947,-0.6405872442560279,0.6946978690398701
2025-07-13T12:00:00,mars,of_date,166.55833333333334,6.146111111111112,166.62003930708283,6.648706879160148,-0.061705973749496934,-0.5025957680490363,0.5063228568552743
2025-07-13T18:00:00,mars,j2000,166.69583333333333,6.084722222222222,166.4245486318414,6.7262760387887255,0.2712847014919362,-0.6415538165665033,0.695895025845944
2025-07-13T18:00:00,mars,of_date,166.69583333333333,6.084722222222222,166.75670933513152,6.5881970335608635,-0.06087600179819219,-0.5034748113386414,0.5070972372623249
2025-07-14T00:00:00,mars,j2000,166.8375,6.023611111111111,166.5613244843238,6.665794772056934,0.2761755156762149,-0.6421836609458227,0.698384187868345
2025-07-14T00:00:00,mars,of_date,166.8375,6.023611111111111,166.89341777821835,6.527629252064033,-0.05591777821834398,-0.5040181409529216,0.5070736649203844
2025-07-14T06:00:00,mars,j2000,166.97500000000002,5.9622222222222225,166.698139270468,6.605254798740301,0.276860729532018,-0.6430325765180784,0.699445251298911
2025-07-14T06:00:00,mars,of_date,166.97500000000002,5.9622222222222225,167.0301649506505,6.467003819050457,-0.05516495065046456,-0.5047815968282343,0.5077518588224141
2025-07-14T12:00:00,mars,j2000,167.1125,5.900833333333334,166.83499326471383,6.544656361580636,0.2775067352861811,-0.6438230282473025,0.7004373194288739
2025-07-14T12:00:00,mars,of_date,167.1125,5.900833333333334,167.16695117300765,6.406320925995328,-0.054451173007635134,-0.5054875926619946,0.5083783515471371
2025-07-14T18:00:00,mars,j2000,167.25,5.839444444444444,166.97188674662607,6.48399970227666,0.278113253373931,-0.6445552578322156,0.7013604806870508
2025-07-14T18:00:00,mars,of_date,167.25,5.839444444444444,167.3037767281794,6.345580822661396,-0.05377672817940038,-0.5061363782169517,0.508953214482136
2025-07-15T00:00:00,mars,j2000,167.38750000000002,5.7780555555555555,167.1088199999242,6.423285061959067,0.2786800000758092,-0.6452295064035116,0.7022148217017854
2025-07-15T00:00:00,mars,of_date,167.38750000000002,5.7780555555555555,167.44064215262517,6.284783586997406,-0.053142152625156314,-0.5067280314418507,0.5094763861550227
2025-07-15T06:00:00,mars,j2000,167.52916666666664,5.716388888888889,167.2457933130239,6.3625126809983445,0.2833733536427303,-0.6461237921094556,0.7049018577383543
2025-07-15T06:00:00,mars,of_date,167.52916666666664,5.716388888888889,167.57754764439335,6.223929543701016,-0.04838097772670835,-0.5075406548121268,0.5098165330128196
2025-07-15T12:00:00,mars,j2000,167.66666666666666,5.655,167.38280697701248,6.301682799954018,0.28385968965417874,-0.6466827999540179,0.7056203086413049
2025-07-15T12:00:00,mars,of_date,167.66666666666666,5.655,167.71449365172464,6.1630188474452385,-0.047826985057980664,-0.5080188474452383,0.5102414245836793
2025-07-15T18:00:00,mars,j2000,167.80416666666667,5.593333333333333,167.51986128616034,6.24079565940134,0.28430538050633913,-0.6474623260680072,0.7065246868945817
2025-07-15T18:00:00,mars,of_date,167.80416666666667,5.593333333333333,167.85148047828352,6.102051741715782,-0.04731381161684567,-0.5087184083824488,0.5108911461242764
2025-07-16T00:00:00,mars,j2000,167.94166666666666,5.531666666666666,167.65695653687203,6.179851500453108,0.2847101297946324,-0.6481848337864413,0.7073604466243025
2025-07-16T00:00:00,mars,of_date,167.94166666666666,5.531666666666666,167.98850883072726,6.041028271838526,-0.046842164060592495,-0.5093616051718595,0.5114891157650745
2025-07-16T06:00:00,mars,j2000,168.08333333333334,5.469722222222222,167.7940930281834,6.118850564596173,0.2892403051499457,-0.6491283423739507,0.7100520783566387
2025-07-16T06:00:00,mars,of_date,168.08333333333334,5.469722222222222,168.1255788357862,5.979948778177949,-0.04224550245285741,-0.5102265559557271,0.5119551257398501
2025-07-16T12:00:00,mars,j2000,168.2208333333333,5.408055555555556,167.93127105910798,6.057793094719096,0.2895622742253181,-0.6497375391635396,0.7107514453687631
2025-07-16T12:00:00,mars,of_date,168.2208333333333,5.408055555555556,168.26269101763387,5.918813405249868,-0.04185768430056669,-0.5107578496943121,0.5124534829049061
2025-07-16T18:00:00,mars,j2000,168.35833333333332,5.346111111111111,168.0684909319117,5.996679334776238,0.2898424014216232,-0.6505682236651271,0.7116363419121919
2025-07-16T18:00:00,mars,of_date,168.35833333333332,5.346111111111111,168.3998457074116,5.857622389188663,-0.041512374078280345,-0.5115112780775517,0.5131769991502637
2025-07-17T00:00:00,mars,j2000,168.49583333333334,5.284166666666667,168.2057529454271,5.935509530705695,0.2900803879062437,-0.6513428640390284,0.7124529066131351
2025-07-17T00:00:00,mars,of_date,168.49583333333334,5.284166666666667,168.53704363744748,5.796375806640395,-0.04121030411414495,-0.5122091399737281,0.5138488600280848
2025-07-17T06:00:00,mars,j2000,168.6375,5.222222222222222,168.34305740111745,5.8742839299129335,0.2944425988825401,-0.6520617076907111,0.7148912775679553
2025-07-17T06:00:00,mars,of_date,168.6375,5.222222222222222,168.6742849357563,5.735073982125809,-0.03678493575631592,-0.5128517599035867,0.5141572867813518
2025-07-17T12:00:00,mars,j2000,168.775,5.160277777777778,168.4804045975386,5.813002782294786,0.2945954024613968,-0.6527250045170083,0.7155711187494355
2025-07-17T12:00:00,mars,of_date,168.775,5.160277777777778,168.8115701278291,5.673717082758396,-0.03657012782909419,-0.5134393049806176,0.5147284393663033
2025-07-17T18:00:00,mars,j2000,168.91250000000002,5.098055555555555,168.61779483450744,5.751666340890497,0.2947051654925872,-0.6536107853349424,0.7164362980279324
2025-07-17T18:00:00,mars,of_date,168.91250000000002,5.098055555555555,168.9488995712817,5.612305339625085,-0.03639957128166316,-0.5142497840695297,0.5155251880359472
2025-07-18T00:00:00,mars,j2000,169.05416666666667,5.036111111111111,168.75522840545375,5.690274860890681,0.29893826121292477,-0.6541637497795696,0.7186881000705976
2025-07-18T00:00:00,mars,of_date,169.05416666666667,5.036111111111111,169.08627386011835,5.550838924727572,-0.03210719345167945,-0.5147278136164601,0.5157197036944391
2025-07-18T06:00:00,mars,j2000,169.1916666666667,4.973888888888889,168.89270560522323,5.628828600686053,0.2989610614434639,-0.654939711797164,0.7194162641343577
2025-07-18T06:00:00,mars,of_date,169.1916666666667,4.973888888888889,169.22369320422467,5.4893181169094065,-0.03202653755798224,-0.5154292280205173,0.5164150011111387
2025-07-18T12:00:00,mars,j2000,169.32916666666665,4.911666666666667,169.0302267232869,5.567327822728289,0.2989399433797644,-0.6556611560616217,0.7200766744698767
2025-07-18T12:00:00,mars,of_date,169.32916666666665,4.911666666666667,169.3611580468056,5.427743139154652,-0.031991380138947534,-0.5160764724879847,0.5170590462966344
2025-07-18T18:00:00,mars,j2000,169.47083333333333,4.849444444444444,169.16779204588568,5.505772793080939,0.30304128744765535,-0.656328348636495,0.7223932562975381
2025-07-18T18:00:00,mars,of_date,169.47083333333333,4.849444444444444,169.4986687623117,5.3661142216835325,-0.027835428978363552,-0.5166697772390885,0.5174131068429866
2025-07-19T00:00:00,mars,j2000,169.60833333333335,4.786944444444444,169.30540185472557,5.444163782063041,0.3029314786077748,-0.6572193376185966,0.7231695041591801
2025-07-19T00:00:00,mars,of_date,169.60833333333335,4.786944444444444,169.63622566237052,5.304431682152196,-0.027892329037172203,-0.5174872377077522,0.5182325732515116
2025-07-19T06:00:00,mars,j2000,169.74583333333334,4.724722222222223,169.44305642749373,5.3825010640756625,0.3027769058396075,-0.6577788418534398,0.723625935817168
2025-07-19T06:00:00,mars,of_date,169.74583333333334,4.724722222222223,169.7738291023095,5.242695734804781,-0.027995768976154523,-0.5179735125825582,0.5187238210000161
2025-07-19T12:00:00,mars,j2000,169.88750000000002,4.662222222222223,169.5807560357191,5.320784918485707,0.306743964280912,-0.6585626962634841,0.7260050404320374
2025-07-19T12:00:00,mars,of_date,169.88750000000002,4.662222222222223,169.91147937041535,5.180906682621618,-0.023979370415332824,-0.5186844603993954,0.519234382009793
2025-07-19T18:00:00,mars,j2000,170.025,4.599722222222222,169.71850094590036,5.259015629819636,0.3064990540996462,-0.6592934075974144,0.7265774496538001
2025-07-19T18:00:00,mars,of_date,170.025,4.599722222222222,170.04917684416478,5.119064764411978,-0.024176844164770728,-0.5193425421897562,0.5199009496028771
2025-07-20T00:00:00,mars,j2000,170.16666666666669,4.537222222222222,169.85629141742436,5.197193487451957,0.31037524924232684,-0.6599712652297356,0.7288348842096586
2025-07-20T00:00:00,mars,of_date,170.16666666666669,4.537222222222222,170.18692146575518,5.0571704620146605,-0.020254799088490927,-0.5199482397924386,0.5203398474370268
2025-07-20T06:00:00,mars,j2000,170.30416666666665,4.474444444444445,169.99412770433264,5.135318786150072,0.31003896233400496,-0.6608743417056271,0.7295228202809314
2025-07-20T06:00:00,mars,of_date,170.30416666666665,4.474444444444445,170.32471376604872,4.995223923764535,-0.02054709938207111,-0.5207794793200904,0.521181897083613
2025-07-20T12:00:00,mars,j2000,170.44583333333333,4.411944444444445,170.13201005275425,5.073391826492517,0.31382328057907216,-0.6614473820480722,0.7316579303610219
2025-07-20T12:00:00,mars,of_date,170.44583333333333,4.411944444444445,170.46255383998766,4.933225541468948,-0.01672050665433744,-0.5212810970245032,0.5215474093910282
2025-07-20T18:00:00,mars,j2000,170.58333333333334,4.349166666666666,170.2699387022426,5.011412915064183,0.3133946310907447,-0.6622462483975164,0.7322098537620636
2025-07-20T18:00:00,mars,of_date,170.58333333333334,4.349166666666666,170.60044204746976,4.871175572272044,-0.017108714136412573,-0.5220089056053778,0.522287385069729
2025-07-21T00:00:00,mars,j2000,170.72083333333333,4.286388888888888,170.40791388398668,4.949382364024339,0.3129194493466514,-0.6629934751354503,0.7326957934576415
2025-07-21T00:00:00,mars,of_date,170.72083333333333,4.286388888888888,170.7383779719114,4.809074642286065,-0.01754463857807309,-0.5226857533971767,0.5229782727869888
2025-06-21T00:00:00,mercury,j2000,111.15833333333333,22.48611111111111,113.36000743245614,23.525896819259433,-2.201674099122812,-1.0397857081483224,2.277686347220594
2025-06-21T00:00:00,mercury,of_date,111.15833333333333,22.48611111111111,113.74382798447886,23.471327920548365,-2.585494651145524,-0.9852168094372544,2.5760992639112446
2025-06-21T06:00:00,mercury,j2000,111.61250000000001,22.41222222222222,113.7743070901355,23.44606041472656,-2.1618070901354827,-1.0338381925043407,2.243357731735355
2025-06-21T06:00:00,mercury,of_date,111.61250000000001,22.41222222222222,114.15774706616327,23.390540054660946,-2.545247066163256,-0.9783178324387265,2.5404742523515225
2025-06-21T12:00:00,mercury,j2000,112.0625,22.33722222222222,114.18521870854113,23.36495811304018,-2.1227187085411288,-1.0277358908179615,2.2096222814257915
2025-06-21T12:00:00,mercury,of_date,112.0625,22.33722222222222,114.56827597104268,23.30849646437374,-2.505775971042681,-0.9712742421515195,2.5054498352364174
2025-06-21T18:00:00,mercury,j2000,112.50833333333334,22.260833333333334,114.59273746784254,23.282620087589198,-2.0844041345092137,-1.0217867542558636,2.1766181785097594
2025-06-21T18:00:00,mercury,of_date,112.50833333333334,22.260833333333334,114.97541018119352,23.225227354287558,-2.4670768478601985,-0.9643940209542237,2.4711419772467575
2025-06-22T00:00:00,mercury,j2000,112.95416666666667,22.183333333333334,114.99685872150542,23.199076343366155,-2.042692054838767,-1.0157430100328213,2.140837724885383
2025-06-22T00:00:00,mercury,of_date,112.95416666666667,22.183333333333334,115.37914532655395,23.1407627647458,-2.4249786598873015,-0.9574294314124678,2.4339121034368296
2025-06-22T06:00:00,mercury,j2000,113.39583333333333,22.104444444444447,115.39757797169125,23.114356716983515,-2.001744638357934,-1.0099122725390686,2.1058227438646027
2025-06-22T06:00:00,mercury,of_date,113.39583333333333,22.104444444444447,115.77947715830214,23.055132571199884,-2.3836438249688285,-0.9506881267554377,2.3974188628166844
2025-06-22T12:00:00,mercury,j2000,113.83749999999999,22.024444444444445,115.79489083807641,23.028490878658207,-1.957390838076435,-1.0040464342137625,2.0680836779711806
2025-06-22T12:00:00,mercury,of_date,113.83749999999999,22.024444444444445,116.176401516201,22.968366485382077,-2.3389015162010196,-0.9439220409376325,2.3580302181447688
2025-06-22T18:00:00,mercury,j2000,114.275,21.94361111111111,116.18879303514848,22.941508333016937,-1.9137930351484727,-0.9978972219058271,2.0308763002773067
2025-06-22T18:00:00,mercury,of_date,114.275,21.94361111111111,116.5699143050224,22.880494055124192,-2.294914305022388,-0.9368829440130817,2.3191743299975176
2025-06-23T00:00:00,mercury,j2000,114.7125,21.86138888888889,116.57928034594198,22.853438421187953,-1.8667803459419758,-0.9920495322990632,1.9911430266307977
2025-06-23T00:00:00,mercury,of_date,114.7125,21.86138888888889,116.96001146807623,22.791544665342304,-2.247511468076226,-0.9301557764534145,2.277567325798581
2025-06-23T06:00:00,mercury,j2000,115.14583333333333,21.778055555555554,116.9663486011006,22.764310322226702,-1.8205152677672913,-0.9862547666711485,1.952124979622222
2025-06-23T06:00:00,mercury,of_date,115.14583333333333,21.778055555555554,117.34668896674941,22.701547538247954,-2.200855633416097,-0.9234919826924006,2.2366325911656335
2025-06-23T12:00:00,mercury,j2000,115.575,21.69388888888889,117.34999365157609,22.674153056478936,-1.7749936515760965,-0.9802641675900468,1.913691140401489
2025-06-23T12:00:00,mercury,of_date,115.575,21.69388888888889,117.72994275437998,22.610531735453197,-2.154942754379988,-0.916642846564308,2.1962612130620216
2025-06-23T18:00:00,mercury,j2000,116.0,21.608611111111113,117.73021134951932,22.582995487563327,-1.7302113495193225,-0.974384376452214,1.8759947344552506
2025-06-23T18:00:00,mercury,of_date,116.0,21.608611111111113,118.10976875898268,22.518526158660116,-2.109768758982682,-0.9099150475490028,2.1565777338562
2025-06-24T00:00:00,mercury,j2000,116.425,21.522222222222222,118.1069975257135,22.490866325585102,-1.6819975257134843,-0.9686441033628803,1.8357673217978498
2025-06-24T00:00:00,mercury,of_date,116.425,21.522222222222222,118.48616286313973,22.42555955161485,-2.061162863139714,-0.9033373293926275,2.114097850522635
2025-06-24T06:00:00,mercury,j2000,116.84583333333333,21.435,118.48034797207737,22.397794129546693,-1.6345146387440366,-0.962794129546694,1.7961907427906836
2025-06-24T06:00:00,mercury,of_date,116.84583333333333,21.435,118.85912088950141,22.33166050131505,-2.0132875561680805,-0.8966605013150506,2.072218341781495
2025-06-24T12:00:00,mercury,j2000,117.26666666666667,21.346666666666664,118.85025841801126,22.303807311671793,-1.5835917513446134,-0.9571406450051292,1.7541863392755412
2025-06-24T12:00:00,mercury,of_date,117.26666666666667,21.346666666666664,119.22863858058827,22.23685744125277,-1.9619719139216159,-0.890190774586106,2.02759321804833
2025-06-24T18:00:00,mercury,j2000,117.68333333333334,21.25777777777778,119.21672451451741,22.208934140208104,-1.5333911811840721,-0.951156362430325,1.712749108475268
2025-06-24T18:00:00,mercury,of_date,117.68333333333334,21.25777777777778,119.59471158669879,22.141178653262575,-1.9113782533654557,-0.8834008754847957,1.983480054321489
2025-06-25T00:00:00,mercury,j2000,118.09583333333335,21.16777777777778,119.57974181494427,22.113202743419276,-1.4839084816109107,-0.9454249656414966,1.6722037163852665
2025-06-25T00:00:00,mercury,of_date,118.09583333333335,21.16777777777778,119.95733545066207,22.044652270741345,-1.8615021173287118,-0.8768744929635659,1.9401371977424129
2025-06-25T06:00:00,mercury,j2000,118.50416666666668,21.076944444444443,119.93930576046483,22.016641112686614,-1.4351390937981705,-0.9396966682421706,1.6324152268997107
2025-06-25T06:00:00,mercury,of_date,118.50416666666668,21.076944444444443,120.31650559740535,21.947306281166203,-1.8123389307386901,-0.8703618367217594,1.8974514020408575
2025-06-25T12:00:00,mercury,j2000,118.91250000000001,20.985277777777778,120.29541165952497,21.91927710752893,-1.3829116595249502,-0.9339993297511526,1.59026248351297
2025-06-25T12:00:00,mercury,of_date,118.91250000000001,20.985277777777778,120.67221731745428,21.849168530758778,-1.7597173174542604,-0.8638907529809998,1.8520017410351777
2025-06-25T18:00:00,mercury,j2000,119.31666666666666,20.892777777777777,120.6480546718887,21.821138457680576,-1.3313880052220384,-0.9283606799027986,1.5489670498514285
2025-06-25T18:00:00,mercury,of_date,119.31666666666666,20.892777777777777,121.02446575484879,21.75026672642032,-1.707799088182128,-0.8574889486425441,1.8072583846873662
2025-06-26T00:00:00,mercury,j2000,119.71666666666667,20.799722222222226,120.99722980585307,21.72225277424702,-1.2805631391863983,-0.9225305520247957,1.5083857970433283
2025-06-26T00:00:00,mercury,of_date,119.71666666666667,20.799722222222226,121.37324590795771,21.650628446938434,-1.6565792412910412,-0.8509062247162085,1.763100873650705
2025-06-26T06:00:00,mercury,j2000,120.11250000000001,20.70583333333333,121.34293187845765,21.6226475401937,-1.2304318784576367,-0.9168142068603693,1.4687123166570182
2025-06-26T06:00:00,mercury,of_date,120.11250000000001,20.70583333333333,121.7185525928669,21.55028113381991,-1.606052592866888,-0.8444478004865807,1.719675908834876
2025-06-26T12:00:00,mercury,j2000,120.50833333333333,20.611111111111114,121.68515552499241,21.52235012907093,-1.1768221916590846,-0.9112390179598151,1.4269840281433939
2025-06-26T12:00:00,mercury,of_date,120.50833333333333,20.611111111111114,122.06038045564117,21.449252110450495,-1.5520471223078403,-0.8381409993393802,1.673633074589606
2025-06-26T18:00:00,mercury,j2000,120.9,20.515833333333333,122.0238951709589,21.421387801383464,-1.123895170958889,-0.9055544680501306,1.3861357774328424
2025-06-26T18:00:00,mercury,of_date,120.9,20.515833333333333,122.39872394647296,21.347568579153556,-1.4987239464729498,-0.831735245820223,1.6282542247109186
2025-06-27T00:00:00,mercury,j2000,121.2875,20.42,122.35914503562628,21.319787715682963,-1.0716450356262897,-0.8997877156829617,1.3462017196014158
2025-06-27T00:00:00,mercury,of_date,121.2875,20.42,122.7335773248808,21.245257633049466,-1.4460773248808039,-0.8252576330494641,1.5835549790691272
2025-06-27T06:00:00,mercury,j2000,121.67083333333332,20.32361111111111,122.69089909087677,21.2175769232936,-1.020065757543449,-0.8939658121824898,1.3072190279494222
2025-06-27T06:00:00,mercury,of_date,121.67083333333332,20.32361111111111,123.06493461960054,21.142346251755843,-1.3941012862672153,-0.8187351406447334,1.5395524088789418
2025-06-27T12:00:00,mercury,j2000,122.05,20.226666666666667,123.01915107569698,21.11478238377087,-0.9691510756969706,-0.8881157171042027,1.2692281211206347
2025-06-27T12:00:00,mercury,of_date,122.05,20.226666666666667,123.39278964357771,21.038861317781187,-1.342789643577703,-0.8121946511145204,1.4962651995768157
2025-06-27T18:00:00,mercury,j2000,122.42916666666666,20.129166666666666,123.34389447117871,21.011430964534462,-0.9147278045120402,-0.8822642978677955,1.229552635482257
2025-06-27T18:00:00,mercury,of_date,122.42916666666666,20.129166666666666,123.71713596891459,20.934829617219535,-1.287969302247916,-0.8056629505528683,1.4504675446540822
2025-06-28T00:00:00,mercury,j2000,122.80416666666666,20.03111111111111,123.6651224905994,20.907549447367987,-0.8609558239327271,-0.8764383362568786,1.1911001687207057
2025-06-28T00:00:00,mercury,of_date,122.80416666666666,20.03111111111111,124.03796691642071,20.83027784728905,-1.2338002497540401,-0.7991667361779413,1.405489813293223
2025-06-28T06:00:00,mercury,j2000,123.17499999999998,19.93277777777778,123.98282807035616,20.803164532935053,-0.8078280703561802,-0.8703867551572735,1.1537287082288685
2025-06-28T06:00:00,mercury,of_date,123.17499999999998,19.93277777777778,124.35527554559133,20.725232621862883,-1.1802755455913427,-0.7924548440851034,1.3612014714252263
2025-06-28T12:00:00,mercury,j2000,123.54166666666666,19.833888888888886,124.29700385529236,20.698302847329387,-0.7553371886257025,-0.8644139584405011,1.117711518656216
2025-06-28T12:00:00,mercury,of_date,123.54166666666666,19.833888888888886,124.6690546386402,20.619720478995657,-1.1273879719735476,-0.7858315901067705,1.3177926587276476
2025-06-28T18:00:00,mercury,j2000,123.90416666666668,19.734722222222224,124.60764219032683,20.592990946789076,-0.7034755236601313,-0.8582687245668517,1.08290737899429
2025-06-28T18:00:00,mercury,of_date,123.90416666666668,19.734722222222224,124.97929669056441,20.51376788652767,-1.0751300238977137,-0.7790456643054462,1.2751316232720145
2025-06-29T00:00:00,mercury,j2000,124.26249999999999,19.635277777777777,124.91473510886289,20.487255323670112,-0.6522351088628966,-0.8519775458923355,1.0493854641831342
2025-06-29T00:00:00,mercury,of_date,124.26249999999999,19.635277777777777,125.28599389581166,20.407401248864648,-1.0234938958116686,-0.7721234710868714,1.23324863193004
2025-06-29T06:00:00,mercury,j2000,124.62083333333335,19.535555555555558,125.2182743249756,20.38112241132476,-0.5974409916422587,-0.8455668557692029,1.015048696990818
2025-06-29T06:00:00,mercury,of_date,124.62083333333335,19.535555555555558,125.5891381386208,20.300646912551787,-0.9683048052874597,-0.7650913569962299,1.1891759804339317
2025-06-29T12:00:00,mercury,j2000,124.97083333333333,19.435277777777777,125.5182512202432,20.27461859103482,-0.5474178869098694,-0.8393408132570421,0.9846747618641352
2025-06-29T12:00:00,mercury,of_date,124.97083333333333,19.435277777777777,125.88872097798742,20.193531173805326,-0.9178876446540869,-0.7582533960275484,1.1491912803923277
2025-06-29T18:00:00,mercury,j2000,125.32083333333333,19.334999999999997,125.81465683665635,20.167770197045467,-0.4938235033230285,-0.8327701970454697,0.9536837389591319
2025-06-29T18:00:00,mercury,of_date,125.32083333333333,19.334999999999997,126.18473363873738,20.08608028402299,-0.8639003054040586,-0.7510802840229935,1.1070395014551149
2025-06-30T00:00:00,mercury,j2000,125.66250000000002,19.234444444444446,126.10748186647129,20.060603522857637,-0.4449818664712666,-0.8261590784131911,0.9263681645322669
2025-06-30T00:00:00,mercury,of_date,125.66250000000002,19.234444444444446,126.47716699964019,19.978320456454284,-0.814666999640167,-0.7438760120098387,1.0687805609526593
2025-06-30T06:00:00,mercury,j2000,126.00416666666666,19.133888888888887,126.39671664575627,19.953144826377923,-0.3925499790896083,-0.8192559374890358,0.8989039884319517
2025-06-30T06:00:00,mercury,of_date,126.00416666666666,19.133888888888887,126.76601158534328,19.87027787162414,-0.7618449186766156,-0.736388982735253,1.0285812640226215
2025-06-30T12:00:00,mercury,j2000,126.34166666666664,19.03333333333333,126.68235114285477,19.845420337121897,-0.34068447618813025,-0.8120870037885659,0.8733230282568886
2025-06-30T12:00:00,mercury,of_date,126.34166666666664,19.03333333333333,127.05125755338997,19.761978684735162,-0.7095908867233334,-0.7286453514018305,0.9893904577965013
2025-06-30T18:00:00,mercury,j2000,126.67083333333332,18.9325,126.96437495275313,19.73745626145994,-0.2935416194198126,-0.8049562614599388,0.8512777734131494
2025-06-30T18:00:00,mercury,of_date,126.67083333333332,18.9325,127.33289468730902,19.653449031028504,-0.6620613539757016,-0.7209490310285034,0.9540629970360678
2025-07-01T00:00:00,mercury,j2000,127.0,18.831666666666667,127.24277728857362,19.62927878911072,-0.24277728857362035,-0.797612122444054,0.8298979555357225
2025-07-01T00:00:00,mercury,of_date,127.0,18.831666666666667,127.61091238701084,19.544715032341063,-0.6109123870108419,-0.7130483656743962,0.9172399778045884
2025-07-01T06:00:00,mercury,j2000,127.325,18.730833333333333,127.51754789889918,19.520913930018974,-0.19254789889919266,-0.790080596685641,0.810753551458451
2025-07-01T06:00:00,mercury,of_date,127.325,18.730833333333333,127.88530058431922,19.435802632162787,-0.5603005843192363,-0.7049692988294538,0.8816780707666744
2025-07-01T12:00:00,mercury,j2000,127.64583333333334,18.63,127.78867428945074,19.41238802504301,-0.14284095611739644,-0.7823880250430122,0.7939564602908517
2025-07-01T12:00:00,mercury,of_date,127.64583333333334,18.63,128.15604696647227,19.326738111838278,-0.5102136331389318,-0.6967381118382789,0.8474821959470739
2025-07-01T18:00:00,mercury,j2000,127.95833333333336,18.529444444444444,128.05614448939843,19.303727249957728,-0.09781115606506319,-0.774282805513284,0.7797917766107638
2025-07-01T18:00:00,mercury,of_date,127.95833333333336,18.529444444444444,128.423139739205,19.2175475890001,-0.46480640587162725,-0.688103144555658,0.8166522626666636
2025-07-02T00:00:00,mercury,j2000,128.27083333333334,18.42888888888889,128.31994612100277,19.19495778841278,-0.04911278766942928,-0.7660688995238907,0.7674781882417686
2025-07-02T00:00:00,mercury,of_date,128.27083333333334,18.42888888888889,128.68656669673248,19.108257192342208,-0.41573336339914135,-0.6793683034533196,0.7851630898002037
2025-07-02T06:00:00,mercury,j2000,128.57500000000002,18.328611111111112,128.58006639653826,19.086105837260725,-0.005066396538239815,-0.7574947261496128,0.7575099257066771
2025-07-02T06:00:00,mercury,of_date,128.57500000000002,18.328611111111112,128.94631521823646,18.9988930669073,-0.37131521823644675,-0.6702819557961881,0.7569883397964728
2025-07-02T12:00:00,mercury,j2000,128.8791666666667,18.22833333333333,128.83649211084423,18.97719761389394,0.04267455582245816,-0.7488642805606069,0.7499556470706469
2025-07-02T12:00:00,mercury,of_date,128.8791666666667,18.22833333333333,129.20237226005116,18.88948138139776,-0.32320559338447197,-0.6611480480644296,0.7286940377151355
2025-07-02T18:00:00,mercury,j2000,129.17499999999998,18.128611111111113,129.0892096393527,18.86825936153215,0.0857903606472803,-0.7396482504210375,0.7441091979449762
2025-07-02T18:00:00,mercury,of_date,129.17499999999998,18.128611111111113,129.4547243533649,18.780048333435875,-0.2797243533649123,-0.6514372223247626,0.7034022203830256
2025-07-03T00:00:00,mercury,j2000,129.47083333333333,18.028888888888886,129.33820493377226,18.759317355691028,0.13262839956107086,-0.7304284668021417,0.7411910945895938
2025-07-03T00:00:00,mercury,of_date,129.47083333333333,18.028888888888886,129.70335759960977,18.670620156019453,-0.2325242662764424,-0.6417312671305666,0.678621586073362
2025-07-03T06:00:00,mercury,j2000,129.75833333333333,17.929722222222225,129.58346352117644,18.65039790938673,0.17486981215688502,-0.7206756871645048,0.7395543983770309
2025-07-03T06:00:00,mercury,of_date,129.75833333333333,17.929722222222225,129.94825766926823,18.561223122715706,-0.18992433593490432,-0.6315009004934815,0.6567559149316171
2025-07-03T12:00:00,mercury,j2000,130.04166666666666,17.83111111111111,129.82497049907306,18.5415273803199,0.21669616759359656,-0.710416269208789,0.7396442448386766
2025-07-03T12:00:00,mercury,of_date,130.04166666666666,17.83111111111111,130.18940979667684,18.45188355484888,-0.14774313001018413,-0.6207724437377706,0.6364511126586831
2025-07-03T18:00:00,mercury,j2000,130.32083333333333,17.732777777777777,130.06271053577143,18.43273217597164,0.2581227975618958,-0.6999543981938636,0.741716600060079
2025-07-03T18:00:00,mercury,of_date,130.32083333333333,17.732777777777777,130.4267987801262,18.342627826592675,-0.10596544679287945,-0.6098500488148986,0.618117336097499
2025-07-04T00:00:00,mercury,j2000,130.59166666666664,17.634999999999998,130.29666786866142,18.32403875983307,0.2949987980052242,-0.6890387598330712,0.743979591895079
2025-07-04T00:00:00,mercury,of_date,130.59166666666664,17.634999999999998,130.66040897988375,18.23348237120014,-0.06874231321711477,-0.5984823712001415,0.6020452975332471
2025-07-04T06:00:00,mercury,j2000,130.8625,17.5375,130.52682630583433,18.215473656348777,0.3356736941656777,-0.6779736563487759,0.7494706039339606
2025-07-04T06:00:00,mercury,of_date,130.8625,17.5375,130.89022431956334,18.12447368593734,-0.02772431956333321,-0.5869736859373376,0.5875667339170283
2025-07-04T12:00:00,mercury,j2000,131.12499999999997,17.440833333333334,130.75316922406205,18.10706345778078,0.3718307759379229,-0.6662301244474449,0.7544767840214024
2025-07-04T12:00:00,mercury,of_date,131.12499999999997,17.440833333333334,131.11622828387488,18.0156283389381,0.008771716125096418,-0.5747950056047664,0.5748557266125501
2025-07-04T18:00:00,mercury,j2000,131.38333333333333,17.34472222222222,130.97567957190597,17.99883482895351,0.40765376142735477,-0.6541126067312888,0.7607423351622005
2025-07-04T18:00:00,mercury,of_date,131.38333333333333,17.34472222222222,131.33840392151728,17.90697297392113,0.044929411816042375,-0.5622507516989081,0.5638789364466785
2025-07-05T00:00:00,mercury,j2000,131.63750000000002,17.249444444444446,131.19433987101678,17.89081451308779,0.4431601289832372,-0.6413700686433437,0.7680152312153131
2025-07-05T00:00:00,mercury,of_date,131.63750000000002,17.249444444444446,131.5567338462913,17.79853431598997,0.08076615370870854,-0.5490898715455224,0.5544649501393938
2025-07-05T06:00:00,mercury,j2000,131.88750000000002,17.154722222222222,131.40913222071896,17.783029336302558,0.4783677792810579,-0.6283071140803358,0.7765189978930861
2025-07-05T06:00:00,mercury,of_date,131.88750000000002,17.154722222222222,131.77120024152453,17.690339176083942,0.1162997584754919,-0.5356169538617195,0.546990371205999
2025-07-05T12:00:00,mercury,j2000,132.1291666666667,17.060833333333335,131.62003829936947,17.67550621399083,0.5091283672972224,-0.6146728806574941,0.783539014668683
2025-07-05T12:00:00,mercury,of_date,132.1291666666667,17.060833333333335,131.98178486130803,17.582414457299972,0.14738180535866263,-0.5215811239666373,0.5402245530248934
2025-07-05T18:00:00,mercury,j2000,132.36666666666665,16.967777777777776,131.82703937066856,17.568272155032247,0.5396272959980877,-0.6004943772544706,0.7912830581530974
2025-07-05T18:00:00,mercury,of_date,132.36666666666665,16.967777777777776,132.1884690367133,17.474787159032484,0.17819762995335964,-0.5070093812547078,0.5348170597341533
2025-07-06T00:00:00,mercury,j2000,132.6,16.875555555555557,132.0301162884976,17.46135426703842,0.5698837115023991,-0.5857987114828624,0.7997663764838426
2025-07-06T00:00:00,mercury,of_date,132.6,16.875555555555557,132.3912336805722,17.36748438214149,0.2087663194277809,-0.4919288265859336,0.5308480161101415
2025-07-06T06:00:00,mercury,j2000,132.82500000000002,16.784444444444446,132.22924950496918,17.354779760232287,0.5957504950308419,-0.5703353157878404,0.8059881483519649
2025-07-06T06:00:00,mercury,of_date,132.82500000000002,16.784444444444446,132.5900592954951,17.260533332742344,0.23494070450490767,-0.4760888882978982,0.5264284813657891
2025-07-06T12:00:00,mercury,j2000,133.04583333333335,16.69388888888889,132.42441907570014,17.248575953124405,0.6214142576332051,-0.554687064235516,0.8129753229785205
2025-07-06T12:00:00,mercury,of_date,133.04583333333335,16.69388888888889,132.7849259791443,17.153961327792288,0.26090735418904387,-0.4600724389033992,0.5234217894036235
2025-07-06T18:00:00,mercury,j2000,133.2625,16.604722222222225,132.61560466990318,17.142770275984756,0.646895330096811,-0.5380480537625303,0.8201875826130085
2025-07-06T18:00:00,mercury,of_date,133.2625,16.604722222222225,132.97581343434388,17.04779579845849,0.2866865656561117,-0.44307357623626586,0.521167915727945
2025-07-07T00:00:00,mercury,j2000,133.47083333333333,16.51638888888889,132.80278557931854,17.037390275292154,0.6680477540147933,-0.5210013864032632,0.8249504365624402
2025-07-07T00:00:00,mercury,of_date,133.47083333333333,16.51638888888889,133.16270097805108,16.942064294460287,0.3081323552822539,-0.42567540557139694,0.5179552696296734
2025-07-07T06:00:00,mercury,j2000,133.675,16.429444444444446,132.9859407303319,16.93246361676267,0.689059269668121,-0.5030191723182256,0.8298834140792141
2025-07-07T06:00:00,mercury,of_date,133.675,16.429444444444446,133.34556755353145,16.83679448697777,0.32943244646855874,-0.40735004253332363,0.5153321476658033
2025-07-07T12:00:00,mercury,j2000,133.87083333333334,16.343333333333334,133.16504869380992,16.828018090086722,0.7057846395234151,-0.4846847567533885,0.8321412464099
2025-07-07T12:00:00,mercury,of_date,133.87083333333334,16.343333333333334,133.5243917402745,16.732014173264066,0.3464415930588416,-0.388680839930732,0.5112430563755715
2025-07-07T18:00:00,mercury,j2000,134.0625,16.25861111111111,133.34008769958007,16.724081611432197,0.7224123004199328,-0.4654705003210857,0.8345562464724854
2025-07-07T18:00:00,mercury,of_date,134.0625,16.25861111111111,133.69915176857148,16.627751279002684,0.36334823142851747,-0.36914016789157245,0.507649015627744
2025-07-08T00:00:00,mercury,j2000,134.25000000000003,16.17527777777778,133.51103565013727,16.62068222683394,0.7389643498627549,-0.4454044490561593,0.8372152385937706
2025-07-08T00:00:00,mercury,of_date,134.25000000000003,16.17527777777778,133.86982553335213,16.524033861536537,0.380174466647901,-0.348756083758758,0.5046879363087008
2025-07-08T06:00:00,mercury,j2000,134.42916666666665,16.093055555555555,133.67787013751814,16.517848114118884,0.7512965291485045,-0.424792558563329,0.8368984864866085
2025-07-08T06:00:00,mercury,of_date,134.42916666666665,16.093055555555555,134.03639061122442,16.420890111606614,0.3927760554422264,-0.3278345560510587,0.49965755037600784
2025-07-08T12:00:00,mercury,j2000,134.6,16.0125,133.84056845838387,16.41560758642886,0.7594315416161237,-0.4031075864288596,0.8332238236228205
2025-07-08T12:00:00,mercury,of_date,134.6,16.0125,134.19882427577875,16.31834835666734,0.4011757242212468,-0.3058483566673402,0.49194470957640335
2025-07-08T18:00:00,mercury,j2000,134.76666666666665,15.933055555555555,133.99910763364028,16.313989093474618,0.7675590330263731,-0.3809335379190628,0.8299504319974054
2025-07-08T18:00:00,mercury,of_date,134.76666666666665,15.933055555555555,134.35710351748867,16.216437061896947,0.4095631491779841,-0.28338150634139225,0.48495983909062795
2025-07-09T00:00:00,mercury,j2000,134.92499999999998,15.855277777777777,134.1534644276399,16.21302122356989,0.7715355723600794,-0.3577434457921118,0.8233046044287076
2025-07-09T00:00:00,mercury,of_date,134.92499999999998,15.855277777777777,134.5112050632771,16.115184831958214,0.41379493672289414,-0.25990705418043625,0.47517558601284465
2025-07-09T06:00:00,mercury,j2000,135.07916666666665,15.77888888888889,134.30361537060037,16.11273270415502,0.7755512960662827,-0.3338438152661318,0.8170262557057747
2025-07-09T06:00:00,mercury,of_date,135.07916666666665,15.77888888888889,134.66110539939052,16.014620411210924,0.4180612672761299,-0.23573152232203398,0.46608146671267797
2025-07-09T12:00:00,mercury,j2000,135.22916666666666,15.704166666666666,134.44953677971148,16.013152403781284,0.7796298869551777,-0.3089857371146181,0.8111128894601481
2025-07-09T12:00:00,mercury,of_date,135.22916666666666,15.704166666666666,134.80678079307756,15.91477268535576,0.42238587358909285,-0.210606018689095,0.45773605297531533
2025-07-09T18:00:00,mercury,j2000,135.36666666666667,15.631111111111112,134.59120478470442,15.914309331789077,0.7754618819622578,-0.2831982206779653,0.7981910453116939
2025-07-09T18:00:00,mercury,of_date,135.36666666666667,15.631111111111112,134.9482073188459,15.815670680734614,0.41845934782077165,-0.18455956962350228,0.4430696708643097
2025-07-10T00:00:00,mercury,j2000,135.5,15.559722222222224,134.72859535339978,15.81623263864472,0.7714046466002173,-0.25651041642249695,0.7857178886366036
2025-07-10T00:00:00,mercury,of_date,135.5,15.559722222222224,135.08536088483095,15.717343564264274,0.4146391151690523,-0.15762134204205047,0.4292745655287783
2025-07-10T06:00:00,mercury,j2000,135.62916666666666,15.489999999999998,134.86168432048453,15.718951614705821,0.7674823461821347,-0.2289516147058226,0.7738380530052262
2025-07-10T06:00:00,mercury,of_date,135.62916666666666,15.489999999999998,135.21821726252472,15.61982064177372,0.41094940414194525,-0.12982064177372088,0.4166394589102945
2025-07-10T12:00:00,mercury,j2000,135.74583333333334,15.422222222222222,134.990447415561,15.622495690288009,0.7553859177723439,-0.20027346806578628,0.7548845219783732
2025-07-10T12:00:00,mercury,of_date,135.74583333333334,15.422222222222222,135.34675211591411,15.52313135763379,0.39908121741922287,-0.10090913541156787,0.3976346126787957
2025-07-10T18:00:00,mercury,j2000,135.85833333333335,15.35611111111111,135.11486029553885,15.526894433385689,0.7434730377945016,-0.1707833222745787,0.7367039741953274
2025-07-10T18:00:00,mercury,of_date,135.85833333333335,15.35611111111111,135.47094103508198,15.427305292032049,0.38739229825137045,-0.07119418092093888,0.380222726377824
2025-07-11T00:00:00,mercury,j2000,135.9666666666667,15.291944444444445,135.23489857744096,15.432177547904564,0.7317680892257385,-0.14023310346011897,0.7194220176868167
2025-07-11T00:00:00,mercury,of_date,135.9666666666667,15.291944444444445,135.59075957033713,15.332372158769534,0.37590709632956987,-0.04042771432508907,0.3648098581280124
2025-07-11T06:00:00,mercury,j2000,136.0625,15.229722222222222,135.3505401633821,15.338374333045753,0.7119598366178934,-0.10865211082353099,0.695319555277438
2025-07-11T06:00:00,mercury,of_date,136.0625,15.229722222222222,135.70618555648798,15.238361260173706,0.35631444351201935,-0.00863903795148424,0.34390223633126027
2025-07-11T12:00:00,mercury,j2000,136.15416666666667,15.169722222222221,135.46175843246215,15.245515287431564,0.692408234204521,-0.07579306520934281,0.6724459476483671
2025-07-11T12:00:00,mercury,of_date,136.15416666666667,15.169722222222221,135.81719231257034,15.145303102973324,0.33697435409632703,0.024419119248896948,0.32616657943408583
2025-07-11T18:00:00,mercury,j2000,136.23749999999998,15.111388888888888,135.56852910266855,15.153630503167948,0.6689708973314339,-0.04224161427906026,0.6471539273875023
2025-07-11T18:00:00,mercury,of_date,136.23749999999998,15.111388888888888,135.9237554989253,15.053227779910545,0.3137445010746944,0.058161108978342924,0.30846958684784603
2025-07-12T00:00:00,mercury,j2000,136.3166666666667,15.055555555555557,135.67082800538594,15.062750193515166,0.6458386612807487,-0.0071946379596088406,0.6237006113817102
2025-07-12T00:00:00,mercury,of_date,136.3166666666667,15.055555555555557,136.02585089534858,14.962165501156134,0.2908157713181083,0.09339005439942305,0.2960127870066448
2025-07-12T06:00:00,mercury,j2000,136.38333333333333,15.001666666666667,135.76863112988497,14.972904686788342,0.6147022034483598,0.028761979878325405,0.5944880014218433
2025-07-12T06:00:00,mercury,of_date,136.38333333333333,15.001666666666667,136.12345444707603,14.872146587990883,0.2598788862572974,0.12952007867578352,0.2825339581504405
2025-07-12T12:00:00,mercury,j2000,136.44583333333333,14.949722222222222,135.86191466813875,14.884124421187995,0.5839186651945738,0.06559780103422774,0.5680408142632143
2025-07-12T12:00:00,mercury,of_date,136.44583333333333,14.949722222222222,136.2165423110331,14.78320146749603,0.2292910223002309,0.16652075472619288,0.27720514562880444
2025-07-12T18:00:00,mercury,j2000,136.50000000000003,14.900277777777777,135.95065506391074,14.79643993713984,0.5493449360892839,0.10383784063793655,0.5410582423989292
2025-07-12T18:00:00,mercury,of_date,136.50000000000003,14.900277777777777,136.30509090625372,14.695360664832302,0.19490909374630405,0.2049171129454752,0.27839240182473457
2025-07-13T00:00:00,mercury,j2000,136.54583333333332,14.853055555555555,136.03482906318618,14.709881869790197,0.51100427014714,0.14317368576535827,0.5144185165992481
2025-07-13T00:00:00,mercury,of_date,136.54583333333332,14.853055555555555,136.38907696550933,14.608654795763783,0.15675636782398783,0.24440075979177145,0.2876029238971414
2025-07-13T06:00:00,mercury,j2000,136.58333333333334,14.808333333333334,136.11441376799826,14.624480939657149,0.46891956533508505,0.1838523936761849,0.4893842424289454
2025-07-13T06:00:00,mercury,of_date,136.58333333333334,14.808333333333334,136.4684775901672,14.523114557425728,0.11485574316614588,0.28521877590760525,0.30609797016242535
2025-07-13T12:00:00,mercury,j2000,136.6125,14.765833333333333,136.18938669127067,14.540267943970356,0.4231133087293415,0.225565389362977,0.46738447886179013
2025-07-13T12:00:00,mercury,of_date,136.6125,14.765833333333333,136.54327030587734,14.438770719873434,0.06922969412266866,0.3270626134598995,0.3338533639583101
2025-07-13T18:00:00,mercury,j2000,136.6375,14.725833333333334,136.25972581585,14.45727374542376,0.37777418414998465,0.26855958790957324,0.4536294362434803
2025-07-13T18:00:00,mercury,of_date,136.6375,14.725833333333334,136.61343312223255,14.355654115128823,0.024066877767438655,0.3701792182045107,0.3709115190112265
2025-07-14T00:00:00,mercury,j2000,136.64999999999998,14.688333333333334,136.3254096552966,14.375529260886724,0.3245903447033811,0.31280407244661035,0.44336385590378896
2025-07-14T00:00:00,mercury,of_date,136.64999999999998,14.688333333333334,136.67894459395887,14.27379562627009,-0.028944593958897258,0.41453770706324455,0.41548394552526324
2025-07-14T06:00:00,mercury,j2000,136.65833333333333,14.653055555555556,136.38641731814096,14.295065448149742,0.2719160151923745,0.35799010740581316,0.44438268286115296
2025-07-14T06:00:00,mercury,of_date,136.65833333333333,14.653055555555556,136.7397838853284,14.193226174631674,-0.08145055199506146,0.4598293809238818,0.4665464794269469
2025-07-14T12:00:00,mercury,j2000,136.65416666666667,14.620555555555557,136.44272857374517,14.21591329308683,0.2114380929214974,0.4046422624687267,0.4535079235681537
2025-07-14T12:00:00,mercury,of_date,136.65416666666667,14.620555555555557,136.79593083593107,14.113976707492235,-0.14176416926440538,0.506578848063322,0.524863458173158
2025-07-14T18:00:00,mercury,j2000,136.64583333333334,14.590555555555556,136.49432392219921,14.138103794161397,0.1515094111341284,0.4524517613941583,0.4756624264105777
2025-07-14T18:00:00,mercury,of_date,136.64583333333334,14.590555555555556,136.84736603022776,14.03607818316409,-0.201532696894418,0.5544773723914656,0.5878586723737881
2025-07-15T00:00:00,mercury,j2000,136.625,14.563333333333334,136.5411846664008,14.06166794665558,0.08381533359920468,0.5016653866777538,0.5081966159855127
2025-07-15T00:00:00,mercury,of_date,136.625,14.563333333333334,136.89407086904106,13.959561555857718,-0.2690708690410588,0.6037717774756164,0.6576815797607847
2025-07-15T06:00:00,mercury,j2000,136.6,14.538611111111111,136.5832929875735,13.986636724817659,0.016707012426508072,0.5519743862934519,0.5522118280780233
2025-07-15T06:00:00,mercury,of_date,136.6,14.538611111111111,136.9360276442402,13.88445775850306,-0.3360276442402039,0.6541533526080503,0.7307696373273673
2025-07-15T12:00:00,mercury,j2000,136.56666666666666,14.516388888888889,136.6206320228987,13.913041064156094,-0.05396535623202681,0.6033478247327952,0.6056114463106665
2025-07-15T12:00:00,mercury,of_date,136.56666666666666,14.516388888888889,136.97321961531122,13.810797685747204,-0.4065529486445598,0.7055912031416849,0.8082361046246086
2025-07-15T18:00:00,mercury,j2000,136.525,14.497222222222222,136.65318594696947,13.840911841003452,-0.1281859469694666,0.6563103812187698,0.6679746863065351
2025-07-15T18:00:00,mercury,of_date,136.525,14.497222222222222,137.00563108952576,13.738612174237446,-0.48063108952575817,0.7586100479847762,0.8903637564008003
2025-07-16T00:00:00,mercury,j2000,136.47500000000002,14.480555555555556,136.68094005571322,13.770279851583743,-0.2059400557131994,0.7102757039718135,0.7378186333721799
2025-07-16T00:00:00,mercury,of_date,136.47500000000002,14.480555555555556,137.03324750437656,13.66793198241363,-0.5582475043765385,0.8126235731419253,0.9765050953459311
2025-07-16T06:00:00,mercury,j2000,136.41666666666669,14.466666666666667,136.7038808536572,13.701175788882669,-0.2872141869905249,0.7654908777839982,0.8146054674446415
2025-07-16T06:00:00,mercury,of_date,136.41666666666669,14.466666666666667,137.0560555131666,13.598787768095558,-0.6393888464999122,0.8678788985711083,1.0667645433319577
2025-07-16T12:00:00,mercury,j2000,136.34583333333333,14.455833333333333,136.72199614211416,13.633630219331495,-0.3761628087808333,0.8222031140018373,0.8995445351051486
2025-07-16T12:00:00,mercury,of_date,136.34583333333333,14.455833333333333,137.07404307135408,13.531210065867828,-0.7282097380207517,0.9246232674655044,1.1636995651903599
2025-07-16T18:00:00,mercury,j2000,136.27083333333334,14.4475,136.73527512001607,13.567673557244538,-0.46444178668272684,0.8798264427554621,0.9885130580801161
2025-07-16T18:00:00,mercury,of_date,136.27083333333334,14.4475,137.08719953539378,13.465229262168863,-0.8163662020604363,0.9822707378311364,1.261952325404462
2025-07-17T00:00:00,mercury,j2000,136.1875,14.441944444444445,136.74370846445112,13.503336037207582,-0.5562084644511174,0.9386084072368632,1.082732148445893
2025-07-17T00:00:00,mercury,of_date,136.1875,14.441944444444445,137.0955157411696,13.400875568324855,-0.9080157411696064,1.0410688761195903,1.364025616497012
2025-07-17T06:00:00,mercury,j2000,136.09583333333333,14.439444444444444,136.74728844480018,13.440647686012978,-0.651455111466845,0.9987967584314656,1.18209407420483
2025-07-17T06:00:00,mercury,of_date,136.09583333333333,14.439444444444444,137.0989841159206,13.338178993017204,-1.0031507825872552,1.1012654514272402,1.4700608857103534
2025-07-17T12:00:00,mercury,j2000,135.99583333333334,14.439444444444444,136.74600901497547,13.379638292144291,-0.7501756816421334,1.059806152300153,1.2858513770768616
2025-07-17T12:00:00,mercury,of_date,135.99583333333334,14.439444444444444,137.09759876821352,13.277169312267864,-1.1017654348801784,1.16227513217658,1.5795824449995526
2025-07-17T18:00:00,mercury,j2000,135.88750000000002,14.4425,136.73986592734025,13.32033737760242,-0.8523659273402302,1.12216262239758,1.3942497134632879
2025-07-17T18:00:00,mercury,of_date,135.88750000000002,14.4425,137.09135559956502,13.217876041643976,-1.2038555995650029,1.224623958356025,1.6929538957878898
2025-07-18T00:00:00,mercury,j2000,135.77083333333334,14.448611111111111,136.72885682379058,13.262774157454436,-0.9580234904572364,1.1858369536566755,1.5070981501397545
2025-07-18T00:00:00,mercury,of_date,135.77083333333334,14.448611111111111,137.08025239322205,13.16032839612537,-1.309419059888711,1.2882827149857405,1.8101236819148872
2025-07-18T06:00:00,mercury,j2000,135.65,14.45722222222222,136.71298136105588,13.20697751183737,-1.0629813610558756,1.2502447103848517,1.621235622342484
2025-07-18T06:00:00,mercury,of_date,135.65,14.45722222222222,137.06428893721989,13.10455526225323,-1.4142889372198795,1.3526669599689907,1.9277739934646516
2025-07-18T12:00:00,mercury,j2000,135.51666666666668,14.46888888888889,136.69224131489034,13.152975947090953,-1.1755746482236589,1.3159129417979365,1.742061476380812
2025-07-18T12:00:00,mercury,of_date,135.51666666666668,14.46888888888889,137.0434671264117,13.050585159315519,-1.5268004597450329,1.4183037295733705,2.051995766096834
2025-07-18T18:00:00,mercury,j2000,135.3791666666667,14.483333333333334,136.6666406958118,13.100797557689578,-1.287474029145102,1.3825357756437562,1.864053027264409
2025-07-18T18:00:00,mercury,of_date,135.3791666666667,14.483333333333334,137.01779107618108,12.998446201169601,-1.6386244095143923,1.484887132163733,2.1767652137038183
2025-07-19T00:00:00,mercury,j2000,135.22916666666666,14.500277777777777,136.6361858655041,13.050469987014507,-1.407019198837446,1.4498077907632698,1.9923039555918125
2025-07-19T00:00:00,mercury,of_date,135.22916666666666,14.500277777777777,136.98726723699963,12.948166056750672,-1.7581005703329708,1.5521117210271047,2.307762268720767
2025-07-19T06:00:00,mercury,j2000,135.07500000000002,14.520277777777778,136.60088565486336,13.002020385855685,-1.5258856548633446,1.5182573919220932,2.121680084908637
2025-07-19T06:00:00,mercury,of_date,135.07500000000002,14.520277777777778,136.95190451085642,12.899771908144452,-1.8769045108564058,1.6205058696333268,2.4393949680723312
2025-07-19T12:00:00,mercury,j2000,134.9125,14.543055555555556,136.56075148406973,12.955475369985823,-1.648251484069732,1.587580185569733,2.2546564566963005
2025-07-19T12:00:00,mercury,of_date,134.9125,14.543055555555556,136.91171436998673,12.85329040756055,-1.9992143699867313,1.689765147995006,2.574429322418543
2025-07-19T18:00:00,mercury,j2000,134.74166666666667,14.56861111111111,136.51579748524267,12.910860977060604,-1.7741308185759976,1.6577501340505059,2.391204554001938
2025-07-19T18:00:00,mercury,of_date,134.74166666666667,14.56861111111111,136.8667109785025,12.80874763345694,-2.125044311835836,1.7598634776541697,2.712861711283363
2025-07-20T00:00:00,mercury,j2000,134.5666666666667,14.596944444444444,136.4660406224965,12.8682026180965,-1.899373955829816,1.7287418263479442,2.528347859254405
2025-07-20T00:00:00,mercury,of_date,134.5666666666667,14.596944444444444,136.81691131177263,12.766169041078536,-2.250244645105937,1.8307754033659087,2.8515866943418797
2025-07-20T06:00:00,mercury,j2000,134.38333333333333,14.627777777777778,136.41150081806217,12.82752503297477,-2.02816748472884,1.800252744803009,2.668768597711952
2025-07-20T06:00:00,mercury,of_date,134.38333333333333,14.627777777777778,136.7623352822618,12.725579416850147,-2.379001948928476,1.9021983609276312,2.993490341201383
2025-07-20T12:00:00,mercury,j2000,134.19166666666666,14.661388888888888,136.35220107547804,12.78885224057035,-2.1605344088113725,1.8725366483185386,2.8126560996279086
2025-07-20T12:00:00,mercury,of_date,134.19166666666666,14.661388888888888,136.70300586284145,12.68700282725036,-2.511339196174788,1.974386061638528,3.1387608010935075
2025-07-20T18:00:00,mercury,j2000,133.99583333333334,14.6975,136.28816760550683,12.752207490363423,-2.292334272173491,1.9452925096365767,2.956781519631519
2025-07-20T18:00:00,mercury,of_date,133.99583333333334,14.6975,136.63894921325038,12.650462569031196,-2.6431158799170476,2.0470374309688033,3.2840716426946543
2025-07-21T00:00:00,mercury,j2000,133.79166666666666,14.73611111111111,136.21942994820108,12.71761320842902,-2.4277632815344248,2.018497902682091,3.1041521136497314
2025-07-21T00:00:00,mercury,of_date,133.79166666666666,14.73611111111111,136.5701948031185,12.61598111371236,-2.778528136451854,2.1201299973987506,3.4325718860465066
2025-06-21T00:00:00,venus,j2000,43.00416666666667,14.000833333333333,43.22679607386493,13.726772271067887,-0.2226294071982693,0.2740610622654458,0.3490379499479937
2025-06-21T00:00:00,venus,of_date,43.00416666666667,14.000833333333333,43.57711726814762,13.83156301763108,-0.5729506014809544,0.16927031570225282,0.581323205740027
2025-06-21T06:00:00,venus,j2000,43.266666666666666,14.077777777777778,43.488169116540405,13.802699725231642,-0.22150244987375345,0.27507805254613515,0.34911838805155715
2025-06-21T06:00:00,venus,of_date,43.266666666666666,14.077777777777778,43.83875296671596,13.90705205406927,-0.5720863000493068,0.17072572370850736,0.5807713036751626
2025-06-21T12:00:00,venus,j2000,43.53333333333333,14.154722222222222,43.749915079048094,13.878484211281695,-0.21658174571476252,0.2762380109405278,0.3470781970379778
2025-06-21T12:00:00,venus,of_date,43.53333333333333,14.154722222222222,44.1007636395226,13.982395438395388,-0.5674303061892658,0.17232678382683453,0.5767563387438687
2025-06-21T18:00:00,venus,j2000,43.8,14.231388888888889,44.0120334641183,13.954122039178936,-0.21203346411829216,0.2772668497099531,0.3452093415448997
2025-06-21T18:00:00,venus,of_date,43.8,14.231388888888889,44.36314882794795,14.057589540989602,-0.5631488279479413,0.17379934789928697,0.5730657514775843
2025-06-22T00:00:00,venus,j2000,44.06666666666667,14.308055555555557,44.2745237677222,14.029609527710019,-0.2078571010555379,0.27844602784553807,0.3437265888159005
2025-06-22T00:00:00,venus,of_date,44.06666666666667,14.308055555555557,44.6259080444903,14.132630738886741,-0.5592413778236391,0.1754248166688157,0.569781985416316
2025-06-22T06:00:00,venus,j2000,44.333333333333336,14.384444444444444,44.53738548241864,14.104943005851625,-0.20405214908529956,0.27950143859281873,0.342399204778712
2025-06-22T06:00:00,venus,of_date,44.333333333333336,14.384444444444444,44.88904077460353,14.207515415860527,-0.5557074412701866,0.1769290285839169,0.5668196477172052
2025-06-22T12:00:00,venus,j2000,44.6,14.460833333333333,44.80061809593951,14.180118812729607,-0.20061809593951807,0.2807145206037269,0.34144667600894907
2025-06-22T12:00:00,venus,of_date,44.6,14.460833333333333,45.152546474308735,14.282239961148056,-0.5525464743087412,0.1785933721852775,0.5642637064931147
2025-06-22T18:00:00,venus,j2000,44.86666666666667,14.536666666666667,45.064221094751474,14.255133298968508,-0.19755442808479984,0.2815333676981595,0.34040609256255244
2025-06-22T18:00:00,venus,of_date,44.86666666666667,14.536666666666667,45.41642457338554,14.356800769634066,-0.5497579067188667,0.17986589703260059,0.5619377158279444
2025-06-23T00:00:00,venus,j2000,45.13333333333333,14.612499999999999,45.32819396476941,14.329982827177814,-0.1948606314360859,0.28251717282218536,0.3397283838850114
2025-06-23T00:00:00,venus,of_date,45.13333333333333,14.612499999999999,45.68067447634684,14.431194241293614,-0.5473411430135116,0.18130575870638488,0.5600155448874355
2025-06-23T06:00:00,venus,j2000,45.40416666666666,14.688333333333334,45.59253619506342,14.404663773237706,-0.18836952839674836,0.28366956009562827,0.3372135738728912
2025-06-23T06:00:00,venus,of_date,45.40416666666666,14.688333333333334,45.94529556705777,14.505416781582896,-0.5411289003911008,0.18291655175043786,0.5546898439945629
2025-06-23T12:00:00,venus,j2000,45.670833333333334,14.76388888888889,45.85724727669117,14.479172526149856,-0.18641394335782024,0.284716362739033,0.3370446841120683
2025-06-23T12:00:00,venus,of_date,45.670833333333334,14.76388888888889,46.21028720911363,14.579464800589049,-0.539453875780282,0.18442408829984025,0.5534923736842667
2025-06-23T18:00:00,venus,j2000,45.94166666666667,14.839166666666667,46.12232670641663,14.553505489217342,-0.18066003974996647,0.2856611774493256,0.3348725724065052
2025-06-23T18:00:00,venus,of_date,45.94166666666667,14.839166666666667,46.47564875171082,14.6533347137123,-0.5339820850441583,0.18583195295436816,0.5488132433411649
2025-06-24T00:00:00,venus,j2000,46.212500000000006,14.914166666666667,46.38777398746578,14.627659080327696,-0.17527398746577205,0.28650758633897055,0.3328822153943075
2025-06-24T00:00:00,venus,of_date,46.212500000000006,14.914166666666667,46.74137953309594,14.72702294168673,-0.5288795330959317,0.18714372497993637,0.5444577295343107
2025-06-24T06:00:00,venus,j2000,46.47916666666667,14.988888888888889,46.65358863315555,14.70162973298239,-0.17442196648886465,0.287259155906499,0.33308212999163933
2025-06-24T06:00:00,venus,of_date,46.47916666666667,14.988888888888889,47.007478887353614,14.800525911582856,-0.528312220686928,0.18836297730603313,0.544199021301104
2025-06-24T12:00:00,venus,j2000,46.75,15.063611111111111,46.919770165502314,14.775413895864615,-0.16977016550231383,0.28819721524649644,0.3316156914928468
2025-06-24T12:00:00,venus,of_date,46.75,15.063611111111111,47.27394614653298,14.873840056599514,-0.5239461465329782,0.18977105451159737,0.5405716801474018
2025-06-24T18:00:00,venus,j2000,47.020833333333336,15.138055555555555,47.18631811861002,14.84900803368875,-0.16548478527667498,0.28904752186680405,0.33030395242034477
2025-06-24T18:00:00,venus,of_date,47.020833333333336,15.138055555555555,47.540780647809584,14.946961817363292,-0.5199473144762408,0.19109373819226327,0.537262984860881
2025-06-25T00:00:00,venus,j2000,47.291666666666664,15.212499999999999,47.453232038972146,14.922408627135782,-0.16156537230548906,0.29009137286421627,0.3293817215444095
2025-06-25T00:00:00,venus,of_date,47.291666666666664,15.212499999999999,47.80798173768778,15.01988764253749,-0.5163150710211255,0.19261235746250804,0.5343702443206603
2025-06-25T06:00:00,venus,j2000,47.5625,15.286388888888888,47.72051148853939,14.99561217350197,-0.15801148853938685,0.29077671538691874,0.32835240240867214
2025-06-25T06:00:00,venus,of_date,47.5625,15.286388888888888,48.07554877897451,15.092613990333348,-0.5130487789745075,0.19377489855554053,0.5316928166252658
2025-06-25T12:00:00,venus,j2000,47.83333333333333,15.360277777777778,47.988156042643254,15.068615185890623,-0.1548227093099399,0.29166259188715493,0.3276983990634412
2025-06-25T12:00:00,venus,of_date,47.83333333333333,15.360277777777778,48.34348115248383,15.165137328736238,-0.510147819150518,0.19514044904154026,0.5294292471692879
2025-06-25T18:00:00,venus,j2000,48.108333333333334,15.43388888888889,48.256165292904825,15.141414191841328,-0.14783195957147655,0.29247469704756135,0.3253865188462036
2025-06-25T18:00:00,venus,of_date,48.108333333333334,15.43388888888889,48.61177826349092,15.237454135286697,-0.5034449301575705,0.1964347536021922,0.5237505805181497
2025-06-26T00:00:00,venus,j2000,48.37916666666667,15.507222222222222,48.52453884546884,15.214005742023577,-0.14537217880217668,0.29321648019864455,0.32500160931037486
2025-06-26T00:00:00,venus,of_date,48.37916666666667,15.507222222222222,48.88043954318886,15.309560907020497,-0.5012728765221937,0.19766131520172436,0.5221162356543608
2025-06-26T06:00:00,venus,j2000,48.65416666666667,15.580277777777777,48.793276325695956,15.286386392226436,-0.1391096590292875,0.29389138555134053,0.3230373909905604
2025-06-26T06:00:00,venus,of_date,48.65416666666667,15.580277777777777,49.14946445612503,15.381454143737036,-0.49529778945836256,0.19882363404074077,0.5170809169360201
2025-06-26T12:00:00,venus,j2000,48.925,15.653333333333334,49.06237737271334,15.358552720494014,-0.13737737271333117,0.29478061283932,0.32313973381466604
2025-06-26T12:00:00,venus,of_date,48.925,15.653333333333334,49.41885249706445,15.453130366433998,-0.493852497064438,0.2002029668993366,0.5161748681410591
2025-06-26T18:00:00,venus,j2000,49.199999999999996,15.725833333333334,49.33184164251497,15.430501316626538,-0.13184164251498487,0.2953320167067961,0.32148026101249627
2025-06-26T18:00:00,venus,of_date,49.199999999999996,15.725833333333334,49.688603195810515,15.52458610805408,-0.48860319581052636,0.20124722527925343,0.511775369384758
2025-06-27T00:00:00,venus,j2000,49.475,15.798333333333334,49.60166880593715,15.502228790727832,-0.12666880593715746,0.29610454260550156,0.3202424101572772
2025-06-27T00:00:00,venus,of_date,49.475,15.798333333333334,49.95871611637273,15.595817923212705,-0.48371611637273304,0.202515410120629,0.5078055086034847
2025-06-27T06:00:00,venus,j2000,49.74583333333333,15.870555555555557,49.87185855078735,15.57373175832136,-0.12602521745401418,0.2968237972341967,0.3206563606584088
2025-06-27T06:00:00,venus,of_date,49.74583333333333,15.870555555555557,50.22919085967919,15.6668223743803,-0.4833575263458556,0.20373318117525585,0.5078260723698697
2025-06-27T12:00:00,venus,j2000,50.020833333333336,15.942222222222222,50.14241057733392,15.64500685390939,-0.12157724400057646,0.29721536831283224,0.31941041302981
2025-06-27T12:00:00,venus,of_date,50.020833333333336,15.942222222222222,50.50002705916245,15.737596046387976,-0.4791937258291057,0.20462617583424603,0.5043713909044673
2025-06-27T18:00:00,venus,j2000,50.295833333333334,16.01388888888889,50.4133245997499,15.716050723483928,-0.11749126641655039,0.29783816540496133,0.31855944802223823
2025-06-27T18:00:00,venus,of_date,50.295833333333334,16.01388888888889,50.771224381760874,15.808135539723423,-0.4753910484275252,0.20575334916546595,0.5013441430576292
2025-06-28T00:00:00,venus,j2000,50.57083333333333,16.085277777777776,50.68460034399146,15.78686002517172,-0.11376701065813677,0.2984177526060563,0.3178369731737899
2025-06-28T00:00:00,venus,of_date,50.57083333333333,16.085277777777776,51.042782524927304,15.878437471805416,-0.4719491915939784,0.20684030597236003,0.49863148459420165
2025-06-28T06:00:00,venus,j2000,50.85,16.156666666666666,50.956237548634704,15.857431429167487,-0.10623754863470936,0.2992352374991789,0.3161801418405578
2025-06-28T06:00:00,venus,of_date,50.85,16.156666666666666,51.31470121622476,15.948498477374988,-0.4647012162247677,0.20816818929167802,0.4927158278554348
2025-06-28T12:00:00,venus,j2000,51.125,16.2275,51.22823596061954,15.927761616366485,-0.10323596061954277,0.2997383836335139,0.3157266841538539
2025-06-28T12:00:00,venus,of_date,51.125,16.2275,51.586980207529905,16.018315207431954,-0.4619802075299049,0.20918479256804545,0.49063730771999403
2025-06-28T18:00:00,venus,j2000,51.39999999999999,16.298055555555557,51.50059533594606,15.997847278319213,-0.10059533594608183,0.3002082772363437,0.3153754387511935
2025-06-28T18:00:00,venus,of_date,51.39999999999999,16.298055555555557,51.85961927398205,16.087884329329974,-0.4596192739820708,0.21017122622558304,0.4888685906840675
2025-06-29T00:00:00,venus,j2000,51.679166666666674,16.368333333333332,51.7733154373276,16.06768511642512,-0.09414877066092231,0.3006482169082112,0.31394567385678934
2025-06-29T00:00:00,venus,of_date,51.679166666666674,16.368333333333332,52.132618209755435,16.15720252597617,-0.4534515430887609,0.2111308073571614,0.48380652392109535
2025-06-29T06:00:00,venus,j2000,51.954166666666666,16.43861111111111,52.04639603483804,16.137271841926104,-0.09222936817138816,0.3013392691850072,0.3140740083802102
2025-06-29T06:00:00,venus,of_date,51.954166666666666,16.43861111111111,52.40597682677429,16.2262664957029,-0.45181016010764097,0.2123446154082096,0.48278328459715847
2025-06-29T12:00:00,venus,j2000,52.23333333333334,16.508333333333333,52.3198369015027,16.206604174637658,-0.08650356816934845,0.3017291586956752,0.31293741931654556
2025-06-29T12:00:00,venus,of_date,52.23333333333334,16.508333333333333,52.67969494837996,16.29507295078588,-0.4463616150466123,0.21326038254745328,0.4783643825338314
2025-06-29T18:00:00,venus,j2000,52.5125,16.57777777777778,52.59363781396206,16.275678843010777,-0.08113781396207287,0.30209893476700245,0.31196253958588444
2025-06-29T18:00:00,venus,of_date,52.5125,16.57777777777778,52.95377240815077,16.363618617205166,-0.4412724081507804,0.21415916057261342,0.4742701788752862
2025-06-30T00:00:00,venus,j2000,52.7875,16.646944444444443,52.86779855011042,16.344492583451398,-0.08029855011042741,0.30245186099304533,0.31209792650013085
2025-06-30T00:00:00,venus,of_date,52.7875,16.646944444444443,53.22820904581221,16.431900233613582,-0.4407090458122127,0.215044210830861,0.4740550788004437
2025-06-30T06:00:00,venus,j2000,53.06666666666666,16.71611111111111,53.14231888985017,16.413042140452188,-0.07565222318351061,0.3030689706589236,0.3116229450980687
2025-06-30T06:00:00,venus,of_date,53.06666666666666,16.71611111111111,53.50300470641923,16.499914551077445,-0.43633803975257024,0.21619656003366572,0.47072033055914
2025-06-30T12:00:00,venus,j2000,53.34583333333333,16.784722222222225,53.41719861076251,16.481324265477724,-0.0713652774291802,0.3033979567445009,0.3110080713209702
2025-06-30T12:00:00,venus,of_date,53.34583333333333,16.784722222222225,53.77815923462373,16.56765833156601,-0.4323259012903975,0.21706389065621323,0.46757981408330196
2025-06-30T18:00:00,venus,j2000,53.62499999999999,16.853055555555557,53.692437488960024,16.5493357171736,-0.06743748896002444,0.30371983838195504,0.31051239874945497
2025-06-30T18:00:00,venus,of_date,53.62499999999999,16.853055555555557,54.0536724743107,16.635128347757014,-0.42867247431070155,0.21792720779854236,0.4647579080642225
2025-07-01T00:00:00,venus,j2000,53.90833333333333,16.921111111111113,53.96803529690669,16.61707326084298,-0.05970196357336022,0.30403785026813424,0.3093648829211541
2025-07-01T00:00:00,venus,of_date,53.90833333333333,16.921111111111113,54.32954426537793,16.702321382131434,-0.4212109320446018,0.2187897289796794,0.45874367009062594
2025-07-01T06:00:00,venus,j2000,54.18750000000001,16.98888888888889,54.243992531673825,16.684533849704156,-0.0564925316738254,0.3043550391847347,0.3091207635366781
2025-07-01T06:00:00,venus,of_date,54.18750000000001,16.98888888888889,54.60577517183873,16.769234406416736,-0.4182751718387294,0.2196544824721549,0.45656595007446077
2025-07-01T12:00:00,venus,j2000,54.46666666666667,17.05638888888889,54.52030822435751,16.751714079930064,-0.053641557690838226,0.3046748089588256,0.3089674266430336
2025-07-01T12:00:00,venus,of_date,54.46666666666667,17.05638888888889,54.88236428836535,16.835864040660216,-0.4156976216986834,0.22052484822867413,0.454702766668865
2025-07-01T18:00:00,venus,j2000,54.75,17.12361111111111,54.796982132268624,16.81861073604273,-0.046982132268624355,0.3050003750683814,0.3082928491992852
2025-07-01T18:00:00,venus,of_date,54.75,17.12361111111111,55.15931143403748,16.90220709397439,-0.40931143403747683,0.2214040171367202,0.44968100499223224
2025-07-02T00:00:00,venus,j2000,55.02916666666666,17.190277777777776,55.07401400514408,16.885220608503445,-0.0448473384774104,0.30505716927433113,0.3080559787030558
2025-07-02T00:00:00,venus,of_date,55.02916666666666,17.190277777777776,55.43661641734258,16.96826038332206,-0.4074497506759087,0.22201739445571533,0.44831555210840185
2025-07-02T06:00:00,venus,j2000,55.31250000000001,17.256944444444443,55.35140358638762,16.951540494104183,-0.038903586387618816,0.3054039503402599,0.3076591277437932
2025-07-02T06:00:00,venus,of_date,55.31250000000001,17.256944444444443,55.714279037003394,17.034020733678023,-0.40177903700339357,0.2229237107664197,0.4439505520082139
2025-07-02T12:00:00,venus,j2000,55.59166666666667,17.323055555555555,55.62915060920807,17.017567195143773,-0.03748394254139953,0.3054883604117826,0.3075804441243386
2025-07-02T12:00:00,venus,of_date,55.59166666666667,17.323055555555555,55.99229907775407,17.09948497701336,-0.40063241108740044,0.2235705785421942,0.44321191696311946
2025-07-02T18:00:00,venus,j2000,55.875,17.38888888888889,55.90725479797902,17.08329751986981,-0.03225479797902153,0.3055913690190799,0.30714021194655733
2025-07-02T18:00:00,venus,of_date,55.875,17.38888888888889,56.27067631137862,17.164649952557134,-0.39567631137862236,0.22423893633175496,0.4393560291705825
2025-07-03T00:00:00,venus,j2000,56.15833333333333,17.454444444444444,56.18571586655611,17.148728282197762,-0.027382533222777283,0.3057161622466822,0.306831964841547
2025-07-03T00:00:00,venus,of_date,56.15833333333333,17.454444444444444,56.54941049472467,17.229512506357715,-0.39107716139133686,0.22493193808672984,0.43582894080275625
2025-07-03T06:00:00,venus,j2000,56.44166666666667,17.51972222222222,56.46453351976305,17.213856302183913,-0.022866853096388695,0.3058659200383076,0.30664354789980225
2025-07-03T06:00:00,venus,of_date,56.44166666666667,17.51972222222222,56.828501370900426,17.294069491601782,-0.3868347042337632,0.225652730620439,0.43262914254106366
2025-07-03T12:00:00,venus,j2000,56.725,17.584722222222222,56.743707449723445,17.278678405292133,-0.01870744972345051,0.30604381693008875,0.3065638251536942
2025-07-03T12:00:00,venus,of_date,56.725,17.584722222222222,57.107948665317394,17.358317767742868,-0.3829486653174001,0.2264044544793542,0.4297551873855918
2025-07-03T18:00:00,venus,j2000,57.00833333333333,17.649166666666666,57.023237337427815,17.343191422895412,-0.014904004094489665,0.30597524377125396,0.30630524186209224
2025-07-03T18:00:00,venus,of_date,57.00833333333333,17.649166666666666,57.38775208697814,17.422254200855015,-0.3794187536448135,0.22691246581165103,0.42705827946734437
2025-07-04T00:00:00,venus,j2000,57.291666666666664,17.71361111111111,57.30312285122443,17.407392192058353,-0.01145618455777253,0.3062189190527569,0.30641364681005373
2025-07-04T00:00:00,venus,of_date,57.291666666666664,17.71361111111111,57.66791132668948,17.48587566327151,-0.3762446600228202,0.2277354478395992,0.42483066393552776
2025-07-04T06:00:00,venus,j2000,57.579166666666666,17.7775,57.5833636484773,17.47127755605079,-0.004196981810650868,0.30622244394920983,0.3062485673362287
2025-07-04T06:00:00,venus,of_date,57.579166666666666,17.7775,57.94842605845764,17.549179033944306,-0.3692593917909903,0.22832096605569419,0.4194392793129848
2025-07-04T12:00:00,venus,j2000,57.8625,17.84111111111111,57.863959372026216,17.53484436367024,-0.0014593720262041643,0.3062667474408727,0.30626990341833893
2025-07-04T12:00:00,venus,of_date,57.8625,17.84111111111111,58.22929593569586,17.6121611976187,-0.3667959356958477,0.22894991349241067,0.4177134550788444
2025-07-04T18:00:00,venus,j2000,58.15,17.904166666666665,58.14490965188497,17.598089469766467,0.005090348115032839,0.30607719690019763,0.30611558838182656
2025-07-04T18:00:00,venus,of_date,58.15,17.904166666666665,58.510520592697276,17.67481904519494,-0.3605205926972701,0.2293476214717245,0.4128473508907817
2025-07-05T00:00:00,venus,j2000,58.43333333333334,17.966944444444444,58.426214103838674,17.66100973505747,0.007119229494662704,0.30593470938697465,0.3060097811273959
2025-07-05T00:00:00,venus,of_date,58.43333333333334,17.966944444444444,58.7920996430326,17.737149473384985,-0.3587663096992628,0.22979497105945867,0.4116095212928286
2025-07-05T06:00:00,venus,j2000,58.72083333333333,18.029444444444444,58.707872331192846,17.723602026650735,0.012961002140485789,0.30584241779370913,0.3060910688016777
2025-07-05T06:00:00,venus,of_date,58.72083333333333,18.029444444444444,59.07403268113268,17.799149385066187,-0.3531993477993467,0.2302950593782569,0.4074092186474163
2025-07-05T12:00:00,venus,j2000,59.00416666666667,18.091666666666665,58.98988392128592,17.785863217393562,0.014282745380739925,0.3058034492731032,0.3061052005869358
2025-07-05T12:00:00,venus,of_date,59.00416666666667,18.091666666666665,59.35631927866416,17.860815688475345,-0.3521526119974965,0.23085097819132017,0.40680655219718137
2025-07-05T18:00:00,venus,j2000,59.29166666666667,18.15361111111111,59.27224844724287,17.84779018639611,0.01941821942381239,0.30582092471500033,0.3063780258832132
2025-07-05T18:00:00,venus,of_date,59.29166666666667,18.15361111111111,59.63895898618557,17.922145297565795,-0.3472923195188855,0.23146581354531648,0.4032664418353371
2025-07-06T00:00:00,venus,j2000,59.579166666666666,18.215,59.554965466609474,17.90937981885686,0.02420120005717763,0.3056201811431407,0.30648505368169604
2025-07-06T00:00:00,venus,of_date,59.579166666666666,18.215,59.92195133171322,17.98313513167587,-0.34278466504656535,0.23186486832413067,0.39990291512413284
2025-07-06T06:00:00,venus,j2000,59.86666666666667,18.27611111111111,59.83803452310707,17.970629006569283,0.028632143559605083,0.3054821045418272,0.3066916839251785
2025-07-06T06:00:00,venus,of_date,59.86666666666667,18.27611111111111,60.20529582244069,18.04378211587438,-0.3386291557740151,0.23232899523673112,0.39687200588561905
2025-07-06T12:00:00,venus,j2000,60.15416666666666,18.336666666666666,60.12145514312505,18.031534647282815,0.032711523541621546,0.30513201938385137,0.3067105802756133
2025-07-06T12:00:00,venus,of_date,60.15416666666666,18.336666666666666,60.48899194121691,18.104083180173692,-0.3348252745502407,0.2325834864929739,0.39400847938095906
2025-07-06T18:00:00,venus,j2000,60.44166666666667,18.396944444444443,60.40522683747383,18.092093645210454,0.03643982919282962,0.3048507992339893,0.3068089263931
2025-07-06T18:00:00,venus,of_date,60.44166666666667,18.396944444444443,60.7730391483135,18.164035259878887,-0.33137248164683797,0.23290918456555687,0.3914720976644402
2025-07-07T00:00:00,venus,j2000,60.73333333333333,18.456944444444442,60.689349099954654,18.152302910844703,0.04398423337866575,0.3046415335997388,0.30749023123539354
2025-07-07T00:00:00,venus,of_date,60.73333333333333,18.456944444444442,61.05743688002542,18.223635295251114,-0.3241035466921005,0.23330914919332812,0.38610316552977525
2025-07-07T06:00:00,venus,j2000,61.020833333333336,18.51638888888889,60.97382140906973,18.212159361443025,0.047011924263614446,0.30422952744586595,0.3074838875178372
2025-07-07T06:00:00,venus,of_date,61.020833333333336,18.51638888888889,61.342184550435604,18.282880231830646,-0.32135121710226144,0.23350865705824475,0.38406275414306645
2025-07-07T12:00:00,venus,j2000,61.30833333333332,18.575555555555557,61.25864322444011,18.27165992039401,0.049690108893230445,0.3038956351615454,0.3075305505222773
2025-07-07T12:00:00,venus,of_date,61.30833333333332,18.575555555555557,61.62728154790318,18.341767019646827,-0.31894821456984346,0.2337885359087295,0.3823437968013916
2025-07-07T18:00:00,venus,j2000,61.599999999999994,18.634444444444444,61.543813988462205,18.330801517697225,0.05618601153778968,0.3036429267472194,0.3082833459322875
2025-07-07T18:00:00,venus,of_date,61.599999999999994,18.634444444444444,61.91272723682164,18.400292613523455,-0.31272723682164383,0.23415183092098957,0.37783702211868114
2025-07-08T00:00:00,venus,j2000,61.88749999999999,18.692777777777778,61.8293331247757,18.389581089772165,0.05816687522428765,0.30319668800561317,0.3081712118483079
2025-07-08T00:00:00,venus,of_date,61.88749999999999,18.692777777777778,62.19852095621849,18.458453972712146,-0.3110209562184991,0.23432380506563177,0.37659677687053705
2025-07-08T06:00:00,venus,j2000,62.179166666666674,18.750833333333333,62.115200039876356,18.447995579923422,0.06396662679031806,0.3028377534099107,0.30884652460407036
2025-07-08T06:00:00,venus,of_date,62.179166666666674,18.750833333333333,62.484662021547365,18.51624806116669,-0.3054953548806907,0.23458527216664393,0.3725986575868092
2025-07-08T12:00:00,venus,j2000,62.47083333333333,18.808611111111112,62.401414119381,18.50604193770883,0.06941921395232953,0.30256917340228284,0.3096351651436118
2025-07-08T12:00:00,venus,of_date,62.47083333333333,18.808611111111112,62.771149721183235,18.57367184672517,-0.3003163878499038,0.23493926438594315,0.3689496189774633
2025-07-08T18:00:00,venus,j2000,62.7625,18.865833333333335,62.687974729567884,18.563717119403538,0.07452527043210466,0.3021162139297964,0.3102521951857903
2025-07-08T18:00:00,venus,of_date,62.7625,18.865833333333335,63.05798331826992,18.630722301371883,-0.29548331826993035,0.235111031961452,0.3654693149212384
2025-07-09T00:00:00,venus,j2000,63.05,18.9225,62.97488121569506,18.6210180878093,0.0751187843049479,0.30148191219069886,0.3097576762215327
2025-07-09T00:00:00,venus,of_date,63.05,18.9225,63.34516204942878,18.687396400851352,-0.2951620494287681,0.23510359914864765,0.3651597620654931
2025-07-09T06:00:00,venus,j2000,63.34166666666667,18.978888888888886,63.26213290347164,18.677941812706504,0.07953376319503036,0.30094707618238203,0.31021908516750296
2025-07-09T06:00:00,venus,of_date,63.34166666666667,18.978888888888886,63.63268512672545,18.74369112492339,-0.29101846005877974,0.23519776396549474,0.3621581725199317
2025-07-09T12:00:00,venus,j2000,63.633333333333326,19.035,63.549729095158625,18.734485270243255,0.08360423817470064,0.3005147297567454,0.3107515388281921
2025-07-09T12:00:00,venus,of_date,63.633333333333326,19.035,63.9205517343749,18.799603456579412,-0.2872184010415708,0.23539654342058824,0.35949268779989
2025-07-09T18:00:00,venus,j2000,63.92916666666667,19.090555555555554,63.8376690709656,18.790645443396837,0.09149759570107108,0.29991011215871666,0.31214713131461497
2025-07-09T18:00:00,venus,of_date,63.92916666666667,19.090555555555554,64.20876103087312,18.85513038234007,-0.2795943642064458,0.23542517321548218,0.3540264850230586
2025-07-10T00:00:00,venus,j2000,64.22083333333333,19.145833333333332,64.12595208721376,18.84641932180267,0.09488124611957005,0.2994140115306614,0.31256573618899663
2025-07-10T00:00:00,venus,of_date,64.22083333333333,19.145833333333332,64.49731214802387,18.91026889195701,-0.2764788146905346,0.23556444137632226,0.35186027859588387
2025-07-10T06:00:00,venus,j2000,64.5125,19.200555555555553,64.41457737766314,18.9018039022142,0.09792262233685278,0.2987516533413519,0.31276144095263525
2025-07-10T06:00:00,venus,of_date,64.5125,19.200555555555553,64.78620419326461,18.96501597877687,-0.2737041932646207,0.23553957677868453,0.3498363799369879
2025-07-10T12:00:00,venus,j2000,64.80833333333332,19.255,64.70354414946945,18.95679618793711,0.10478918386388614,0.2982038120628907,0.3142130306640046
2025-07-10T12:00:00,venus,of_date,64.80833333333332,19.255,65.07543624674616,19.01936863913959,-0.26710291341282755,0.2356313608604097,0.34525121854417457
2025-07-10T18:00:00,venus,j2000,65.1,19.30888888888889,64.99285158444724,19.0113931893109,0.10714841555275711,0.2974956995779898,0.3142414914798757
2025-07-10T18:00:00,venus,of_date,65.1,19.30888888888889,65.36500736384147,19.073323872868084,-0.2650073638414767,0.23556501602080715,0.34370180620774676
2025-07-11T00:00:00,venus,j2000,65.39583333333333,19.362222222222222,65.28249883710885,19.065591923583938,0.11333449622446778,0.2966302986382843,0.3153459567574398
2025-07-11T00:00:00,venus,of_date,65.39583333333333,19.362222222222222,65.65491657452873,19.126878683221893,-0.2590832411954125,0.23534353900032912,0.3394384132858082
2025-07-11T06:00:00,venus,j2000,65.6875,19.415555555555553,65.57248606573057,19.119389545235638,0.11501393426942741,0.2961660103199151,0.3154395509840534
2025-07-11T06:00:00,venus,of_date,65.6875,19.415555555555553,65.94516391658715,19.18003020504142,-0.2576639165871484,0.23552535051413415,0.33854372185478343
2025-07-11T12:00:00,venus,j2000,65.98333333333333,19.468055555555555,65.86281133868869,19.172782954708694,0.12052199464466185,0.2952726008468609,0.3164196919576754
2025-07-11T12:00:00,venus,of_date,65.98333333333333,19.468055555555555,66.23574734128971,19.232775320648763,-0.2524140079563608,0.23528023490679217,0.33477531573515257
2025-07-11T18:00:00,venus,j2000,66.27916666666667,19.52027777777778,66.15347372515407,19.22576919098032,0.1256929415125967,0.29450858679745906,0.31748314928385307
2025-07-11T18:00:00,venus,of_date,66.27916666666667,19.52027777777778,66.5266658077199,19.28511104577358,-0.24749914105322546,0.23516673200419902,0.3313591401020463
2025-07-12T00:00:00,venus,j2000,66.57083333333334,19.571944444444444,66.44447226326133,19.278345300414166,0.1263610700719937,0.29359914403027787,0.31686191357750754
2025-07-12T00:00:00,venus,of_date,66.57083333333334,19.571944444444444,66.81791825171211,19.337034401079116,-0.2470849183787891,0.2349100433653284,0.3308494118117638
2025-07-12T06:00:00,venus,j2000,66.86666666666667,19.623333333333335,66.7358059613448,19.33050833731757,0.13086070532187932,0.2928249960157636,0.3177533010430429
2025-07-12T06:00:00,venus,of_date,66.86666666666667,19.623333333333335,67.10950358852148,19.388542413149263,-0.24283692185480277,0.23479092018407144,0.3279051156788829
2025-07-12T12:00:00,venus,j2000,67.1625,19.674166666666668,67.02747379375921,19.38225536354267,0.13502620624078077,0.2919113031239995,0.31844471638471766
2025-07-12T12:00:00,venus,of_date,67.1625,19.674166666666668,67.40142070998684,19.439632114595856,-0.2389207099868429,0.2345345520708122,0.3251048091041821
2025-07-12T18:00:00,venus,j2000,67.45833333333334,19.72472222222222,67.31947470211571,19.433583449086118,0.1388586312176301,0.29113877313610104,0.3191835779998713
2025-07-12T18:00:00,venus,of_date,67.45833333333334,19.72472222222222,67.69366848699235,19.490300545209223,-0.23533515365900826,0.2344216770129961,0.32264435771084904
2025-07-13T00:00:00,venus,j2000,67.75833333333334,19.77472222222222,67.61180759331751,19.484489672130916,0.14652574001581797,0.29023255009130366,0.32137471043047816
2025-07-13T00:00:00,venus,of_date,67.75833333333334,19.77472222222222,67.9862457685706,19.5405447526052,-0.2279124352372719,0.2341774696170198,0.31765524541206147
2025-07-13T06:00:00,venus,j2000,68.05416666666666,19.824166666666667,67.90447134086446,19.534971119679852,0.14969532580221312,0.2891955469868144,0.321716324661142
2025-07-13T06:00:00,venus,of_date,68.05416666666666,19.824166666666667,68.27915138409412,19.59036179349307,-0.2249847174274464,0.23380487317359666,0.31547864424180655
2025-07-13T12:00:00,venus,j2000,68.35,19.873333333333335,68.19746478074694,19.585024887265632,0.15253521925305336,0.28830844606770256,0.32208269528755457
2025-07-13T12:00:00,venus,of_date,68.35,19.873333333333335,68.57238413984334,19.6397487340571,-0.22238413984334215,0.23358459927623443,0.3136330164696823
2025-07-13T18:00:00,venus,j2000,68.64999999999999,19.921944444444446,68.49078671283655,19.63464807963409,0.15921328716342487,0.2872963648103557,0.32401467235215664
2025-07-13T18:00:00,venus,of_date,68.64999999999999,19.921944444444446,68.86594282084747,19.688702651311253,-0.21594282084748784,0.2332417931331925,0.30932112110243376
2025-07-14T00:00:00,venus,j2000,68.94583333333333,19.970277777777778,68.78443589905055,19.683837810885567,0.16139743428277598,0.2864399668922104,0.32419146612304467
2025-07-14T00:00:00,venus,of_date,68.94583333333333,19.970277777777778,69.15982618925432,19.737220633919286,-0.21399285592099204,0.23305714385849186,0.307939346116535
2025-07-14T06:00:00,venus,j2000,69.24583333333332,20.018055555555556,69.07841106482857,19.732591205188044,0.16742226850476527,0.28546435036751205,0.3260064877356081
2025-07-14T06:00:00,venus,of_date,69.24583333333332,20.018055555555556,69.45403298576343,19.785299783566654,-0.2081996524300962,0.23275577198890218,0.3041370345444702
2025-07-14T12:00:00,venus,j2000,69.54166666666667,20.06527777777778,69.37271089521244,19.78090539659912,0.16895577145425023,0.2843723811786596,0.32572836277388184
2025-07-14T12:00:00,venus,of_date,69.54166666666667,20.06527777777778,69.74856192540324,19.832937215429723,-0.20689525873655157,0.23234056234805678,0.3029930895550248
2025-07-14T18:00:00,venus,j2000,69.84166666666667,20.111944444444447,69.66733403645497,19.82877752982868,0.1743326302116941,0.2831669146157658,0.32715472681370267
2025-07-14T18:00:00,venus,of_date,69.84166666666667,20.111944444444447,70.04341169858753,19.880130059537553,-0.2017450319208649,0.23181438490689388,0.2994654973043325
2025-07-15T00:00:00,venus,j2000,70.14166666666667,20.15833333333333,69.96227909438579,19.876204760469022,0.17938757228085933,0.28212857286430904,0.3286423279371845
2025-07-15T00:00:00,venus,of_date,70.14166666666667,20.15833333333333,70.338580968678,19.92687546156352,-0.19691430201135063,0.23145787176981258,0.2962997269595465
2025-07-15T06:00:00,venus,j2000,70.44166666666668,20.204166666666666,70.25754463615226,19.92318425578204,0.184122030514402,0.2809824108846257,0.3299424894096946
2025-07-15T06:00:00,venus,of_date,70.44166666666668,20.204166666666666,70.6340683726853,19.973170584111593,-0.19240170601864293,0.2309960825550732,0.2932751556474331
2025-07-15T12:00:00,venus,j2000,70.7375,20.249444444444446,70.55312918653539,19.969713194619818,0.18437081346462492,0.2797312498246285,0.328973890192755
2025-07-15T12:00:00,venus,of_date,70.7375,20.249444444444446,70.92987251631382,20.01901260708582,-0.19237251631381014,0.23043183735862627,0.29278157284368206
2025-07-15T18:00:00,venus,j2000,71.03750000000001,20.294444444444448,70.8490312298253,20.015788768246797,0.18846877017472252,0.2786556761976513,0.3300791636169084
2025-07-15T18:00:00,venus,of_date,71.03750000000001,20.294444444444448,71.22599197435989,20.064398728878498,-0.18849197435986298,0.2300457155659501,0.2902107521983541
2025-07-16T00:00:00,venus,j2000,71.3375,20.33888888888889,71.14524920845304,20.061408180647426,0.192250791546968,0.27748070824146254,0.3309817808751476
2025-07-16T00:00:00,venus,of_date,71.3375,20.33888888888889,71.52242528766863,20.109326166974782,-0.18492528766861938,0.22956272191410676,0.28776663263611696
2025-07-16T06:00:00,venus,j2000,71.64166666666667,20.38277777777778,71.44178152504344,20.106568649365126,0.1998851416232128,0.27620912841265266,0.3338584820258913
2025-07-16T06:00:00,venus,of_date,71.64166666666667,20.38277777777778,71.81917096334138,20.15379215899826,-0.17750429667472645,0.22898561877951806,0.2831272929776612
2025-07-16T12:00:00,venus,j2000,71.94166666666666,20.426111111111112,71.73862653906406,20.151267405194794,0.20304012760260548,0.274843705916318,0.3343762744840205
2025-07-16T12:00:00,venus,of_date,71.94166666666666,20.426111111111112,72.11622746938241,20.197793962535204,-0.17456080271574592,0.22831714857590768,0.28094185312148817
2025-07-16T18:00:00,venus,j2000,72.24166666666666,20.469166666666666,72.03578256861039,20.195501694568755,0.2058840980562877,0.27366497209791163,0.33490754076013307
2025-07-16T18:00:00,venus,of_date,72.24166666666666,20.469166666666666,72.41359323436251,20.241328857548424,-0.17192656769583436,0.2278378091182418,0.27909205092326167
2025-07-17T00:00:00,venus,j2000,72.54166666666667,20.511388888888888,72.33324789015802,20.239268776871576,0.20841877650866536,0.272120112017312,0.3349954918155446
2025-07-17T00:00:00,venus,of_date,72.54166666666667,20.511388888888888,72.7112666449355,20.28439414362864,-0.16959997826882045,0.22699474526024943,0.27712180349788834
2025-07-17T06:00:00,venus,j2000,72.84583333333333,20.553333333333335,72.63102074010465,20.28256592835147,0.21481259322868596,0.27076740498186425,0.3374065961181234
2025-07-17T06:00:00,venus,of_date,72.84583333333333,20.553333333333335,73.00924604509055,20.326987143739295,-0.16341271175721772,0.22634618959403952,0.2732754273628349
2025-07-17T12:00:00,venus,j2000,73.14583333333334,20.595,72.92909931233118,20.325390439953377,0.21673402100216776,0.2696095600466215,0.337525018291676
2025-07-17T12:00:00,venus,of_date,73.14583333333334,20.595,73.30752973136862,20.369105201790887,-0.16169639803527502,0.2258947982091115,0.2719795289277467
2025-07-17T18:00:00,venus,j2000,73.45,20.635833333333334,73.22748175929678,20.367739621986008,0.22251824070320936,0.2680937113473263,0.33958029010221097
2025-07-17T18:00:00,venus,of_date,73.45,20.635833333333334,73.60611595162891,20.410745686938032,-0.15611595162891945,0.225087646395302,0.26840447717457644
2025-07-18T00:00:00,venus,j2000,73.75,20.67638888888889,73.52616619342655,20.40961079746222,0.22383380657345242,0.2667780914266693,0.3392677347803188
2025-07-18T00:00:00,venus,of_date,73.75,20.67638888888889,73.90500290411512,20.451905986446445,-0.15500290411512196,0.22448290244244617,0.26730900140570085
2025-07-18T06:00:00,venus,j2000,74.05416666666666,20.71638888888889,73.82515068937357,20.451001310249662,0.22901597729310197,0.2653875786392277,0.3411684004855037
2025-07-18T06:00:00,venus,of_date,74.05416666666666,20.71638888888889,74.20418873751555,20.49258351326694,-0.15002207084887687,0.22380537562195002,0.26421225922555075
2025-07-18T12:00:00,venus,j2000,74.35833333333333,20.75583333333333,74.12443327921221,20.491908521195995,0.23390005412113624,0.2639248121373363,0.3428961889889322
2025-07-18T12:00:00,venus,of_date,74.35833333333333,20.75583333333333,74.50367154404427,20.532775701503226,-0.1453382107109178,0.2230576318301054,0.2612512307741423
2025-07-18T18:00:00,venus,j2000,74.6625,20.794722222222223,74.42401195730298,20.53232981000611,0.23848804269701418,0.2623924122161121,0.3444469604878879
2025-07-18T18:00:00,venus,of_date,74.6625,20.794722222222223,74.80344936238595,20.572480007517264,-0.14094936238595324,0.2222422147049592,0.25841790684974497
2025-07-19T00:00:00,venus,j2000,74.96666666666667,20.833055555555557,74.72388467933695,20.572262575551544,0.242781987329721,0.2607929800040125,0.34581716634998727
2025-07-19T00:00:00,venus,of_date,74.96666666666667,20.833055555555557,75.10352017503368,20.611693909397555,-0.13685350836701105,0.2213616461580017,0.2557047553504658
2025-07-19T06:00:00,venus,j2000,75.27083333333334,20.871111111111112,75.02404936541768,20.611704236707332,0.24678396791566115,0.25940687440377985,0.34721113646255397
2025-07-19T06:00:00,venus,of_date,75.27083333333334,20.871111111111112,75.40388190993701,20.65041490687357,-0.1330485766036702,0.22069620423754088,0.2533466455602682
2025-07-19T12:00:00,venus,j2000,75.575,20.90833333333333,75.32450389768633,20.65065223221971,0.2504961023136616,0.2576811011136222,0.34820969044715133
2025-07-19T12:00:00,venus,of_date,75.575,20.90833333333333,75.70453243700314,20.688640520216516,-0.12953243700314943,0.219692813116815,0.25085463509454625
2025-07-19T18:00:00,venus,j2000,75.87916666666666,20.94527777777778,75.62524612333192,20.689104022584893,0.25392054333474334,0.25617375519288643,0.34922371176302075
2025-07-19T18:00:00,venus,of_date,75.87916666666666,20.94527777777778,76.00546957034794,20.726368291097597,-0.12630290368127817,0.2189094866801824,0.24870769863343517
2025-07-20T00:00:00,venus,j2000,76.18333333333334,20.981666666666666,75.9262738550625,20.727057088277714,0.25705947827083264,0.25460957838895126,0.3500444211265445
2025-07-20T00:00:00,venus,of_date,76.18333333333334,20.981666666666666,76.30669106839002,20.763595779781188,-0.12335773505668612,0.21807088688547793,0.2466582628886501
2025-07-20T06:00:00,venus,j2000,76.4875,21.0175,76.22758487406884,20.76450893264475,0.2599151259311725,0.25299106735525,0.35067075026856287
2025-07-20T06:00:00,venus,of_date,76.4875,21.0175,76.60819463687278,20.800320566977053,-0.12069463687276993,0.2171794330229453,0.24470128395806814
2025-07-20T12:00:00,venus,j2000,76.79166666666667,21.052777777777777,76.52917692820097,20.80145708066852,0.26248973846571744,0.2513206971092572,0.3511019720755129
2025-07-20T12:00:00,venus,of_date,76.79166666666667,21.052777777777777,76.90997792752694,20.83654025159925,-0.11831126086025279,0.21623752617852787,0.24283238157945164
2025-07-20T18:00:00,venus,j2000,77.10000000000001,21.0875,76.8310477354193,20.83789908096011,0.26895226458071875,0.24960091903988868,0.3540867375826652
2025-07-20T18:00:00,venus,of_date,77.10000000000001,21.0875,77.21203854246465,20.872252451789223,-0.11203854246463152,0.21524754821077607,0.23932189057315675
2025-07-21T00:00:00,venus,j2000,77.40416666666667,21.121666666666666,77.13319498430496,20.8738325039249,0.2709716823617043,0.24783416274176773,0.35414589635799154
2025-07-21T00:00:00,venus,of_date,77.40416666666667,21.121666666666666,77.51437403606468,20.907454802192227,-0.11020736939801168,0.2142118644744393,0.23763515030081592
2025-06-21T00:00:00,saturn,j2000,3.2750000000000004,-1.0763888888888888,1.944786214981093,-1.5457456130437957,1.3302137850189126,0.4693567241549068,1.4102581885230898
2025-06-21T00:00:00,saturn,of_date,3.2750000000000004,-1.0763888888888888,2.271528625351607,-1.403761693174434,1.0034713746483988,0.32737280428554527,1.0552977673388544
2025-06-21T06:00:00,saturn,j2000,3.2875,-1.073611111111111,1.9535723091520367,-1.5431453754607727,1.3339276908479576,0.4695342643496616,1.413820283222526
2025-06-21T06:00:00,saturn,of_date,3.2875,-1.073611111111111,2.2803234196175595,-1.4011580478274754,1.0071765803824348,0.32754693671636437,1.0588747950023933
2025-06-21T12:00:00,saturn,j2000,3.2958333333333334,-1.0708333333333333,1.962267233144928,-1.5405858342120173,1.333566100188392,0.46975250087868403,1.413553152959253
2025-06-21T12:00:00,saturn,of_date,3.2958333333333334,-1.0708333333333333,2.2890281216042467,-1.3985946411883723,1.0068052117290733,0.327761307855039,1.058589044980358
2025-06-21T18:00:00,saturn,j2000,3.304166666666667,-1.0683333333333334,1.9708708236714756,-1.5380670470603643,1.3332958429951987,0.469733713727031,1.4132933349426082
2025-06-21T18:00:00,saturn,of_date,3.304166666666667,-1.0683333333333334,2.29764263252423,-1.396071501042688,1.0065240341424442,0.3277381677093547,1.0583154874984189
2025-06-22T00:00:00,saturn,j2000,3.3125000000000004,-1.0655555555555556,1.9793829196497654,-1.535589070440814,1.3331170803502346,0.47003351488525835,1.4132257705578437
2025-06-22T00:00:00,saturn,of_date,3.3125000000000004,-1.0655555555555556,2.306166836231398,-1.3935886621426385,1.006333163768602,0.32803310658708296,1.0582263743834595
2025-06-22T06:00:00,saturn,j2000,3.325,-1.0630555555555556,1.9878033624813156,-1.5331519593314207,1.337196637518673,0.47009640377586503,1.4170948156227037
2025-06-22T06:00:00,saturn,of_date,3.325,-1.0630555555555556,2.3146005978897506,-1.3911461668144054,1.010399402110238,0.32809061125884975,1.0621108194330013
2025-06-22T12:00:00,saturn,j2000,3.3333333333333335,-1.0605555555555557,1.9961319961680033,-1.5307557671731942,1.3372013371653395,0.4702002116176385,1.417134906090075
2025-06-22T12:00:00,saturn,of_date,3.3333333333333335,-1.0605555555555557,2.322943762961472,-1.3887440654118866,1.0103895703718706,0.32818850985633086,1.0621325950529872
2025-06-22T18:00:00,saturn,j2000,3.341666666666667,-1.0580555555555555,2.0043686675807066,-1.5284005457485423,1.337297999085962,0.4703449901929868,1.4172753148381663
2025-06-22T18:00:00,saturn,of_date,3.341666666666667,-1.0580555555555555,2.331196156887472,-1.3863824164996632,1.0104705097791964,0.3283268609441077,1.0622531799228347
2025-06-23T00:00:00,saturn,j2000,3.35,-1.0555555555555556,2.012513226625572,-1.5260863450933266,1.3374867733744225,0.47053078953777105,1.417516202104995
2025-06-23T00:00:00,saturn,of_date,3.35,-1.0555555555555556,2.3393575852442154,-1.3840612868213182,1.0106424147557789,0.32850573126576266,1.0624727829234986
2025-06-23T06:00:00,saturn,j2000,3.3583333333333334,-1.0533333333333335,2.020565526490202,-1.523813213390412,1.337767806843118,0.47047988005707864,1.4177654562783144
2025-06-23T06:00:00,saturn,of_date,3.3583333333333334,-1.0533333333333335,2.3474278345819357,-1.3817807509905702,1.0109054987513844,0.32844741765723673,1.0627057016476955
2025-06-23T12:00:00,saturn,j2000,3.3666666666666667,-1.0508333333333333,2.028525423723579,-1.521581196915753,1.3381412429430952,0.4707478635824198,1.418207743262906
2025-06-23T12:00:00,saturn,of_date,3.3666666666666667,-1.0508333333333333,2.355406673693494,-1.379540890975712,1.01125999297318,0.3287075576423788,1.06312401536101
2025-06-23T18:00:00,saturn,j2000,3.375,-1.0486111111111112,2.0363927784502494,-1.5193903399518813,1.3386072215497506,0.47077922884077017,1.4186586973745727
2025-06-23T18:00:00,saturn,of_date,3.375,-1.0486111111111112,2.3632938555914507,-1.3773417953010416,1.0117061444085493,0.32873068418993046,1.0635561526953363
2025-06-24T00:00:00,saturn,j2000,3.3833333333333333,-1.046388888888889,2.044167454474689,-1.5172406847389042,1.339165878858637,0.47085179585001513,1.4192107274356305
2025-06-24T00:00:00,saturn,of_date,3.3833333333333333,-1.046388888888889,2.371089119899807,-1.3751835580544949,1.0122442134335188,0.32879466916560585,1.0640883191921615
2025-06-24T06:00:00,saturn,j2000,3.391666666666667,-1.0441666666666667,2.051849319450696,-1.5151322714140554,1.339817347215984,0.4709656047473887,1.4198639698048099
2025-06-24T06:00:00,saturn,of_date,3.391666666666667,-1.0441666666666667,2.378792195769279,-1.3730662776802671,1.0128744708974011,0.32889961101360043,1.064720799894655
2025-06-24T12:00:00,saturn,j2000,3.4000000000000004,-1.0422222222222224,2.059438244882358,-1.5130651380051112,1.3405617551176476,0.47084291578288884,1.4205263970290065
2025-06-24T12:00:00,saturn,of_date,3.4000000000000004,-1.0422222222222224,2.386402804993793,-1.370990055657876,1.0135971950062128,0.32876783343565363,1.065368087362413
2025-06-24T18:00:00,saturn,j2000,3.4083333333333337,-1.04,2.0669341062449575,-1.5110393203973893,1.341399227088374,0.47103932039738927,1.4213824733442484
2025-06-24T18:00:00,saturn,of_date,3.4083333333333337,-1.04,2.3939206655193175,-1.3689549950293993,1.014412667814014,0.3289549950293993,1.066202099112955
2025-06-25T00:00:00,saturn,j2000,3.4166666666666665,-1.0380555555555557,2.0743367829938393,-1.5090548523390241,1.342329883672818,0.4709992967834684,1.4222480654198428
2025-06-25T00:00:00,saturn,of_date,3.4166666666666665,-1.0380555555555557,2.401345495000271,-1.3669611988867174,1.0153211716663861,0.3289056433311617,1.067051610525609
2025-06-25T06:00:00,saturn,j2000,3.425,-1.0358333333333334,2.081646158630633,-1.5071117654376918,1.3433538413693782,0.4712784321043584,1.4233074635666605
2025-06-25T06:00:00,saturn,of_date,3.425,-1.0358333333333334,2.4086770144593856,-1.3650087688211083,1.0163229855406257,0.32917543548777495,1.0680883320135013
2025-06-25T12:00:00,saturn,j2000,3.4333333333333336,-1.033888888888889,2.088862120606848,-1.5052100892076576,1.3444712127264893,0.47132120031876856,1.4243766847708845
2025-06-25T12:00:00,saturn,of_date,3.4333333333333336,-1.033888888888889,2.415914951714683,-1.363097803443987,1.0174183816186542,0.3292089145550978,1.0691412220474426
2025-06-25T18:00:00,saturn,j2000,3.441666666666667,-1.0322222222222222,2.0959845605602823,-1.5033498511904988,1.3456821061063806,0.47112762896827665,1.4254560169315635
2025-06-25T18:00:00,saturn,of_date,3.441666666666667,-1.0322222222222222,2.4230590449614624,-1.3612283970495718,1.0186076217052005,0.3290061748273496,1.0702107762903923
2025-06-26T00:00:00,saturn,j2000,3.45,-1.0302777777777776,2.1030133731269984,-1.5015310765229217,1.3469866268729902,0.4712532987451441,1.4267294125101346
2025-06-26T00:00:00,saturn,of_date,3.45,-1.0302777777777776,2.430109044649555,-1.3594006378368384,1.0198909553504336,0.3291228600590608,1.0714682692077415
2025-06-26T06:00:00,saturn,j2000,3.4583333333333335,-1.0283333333333333,2.1099484581125694,-1.4997537889599553,1.3483848752207734,0.47142045562662194,1.4281050130213035
2025-06-26T06:00:00,saturn,of_date,3.4583333333333335,-1.0283333333333333,2.437064718356339,-1.3576146077370896,1.0212686149770036,0.3292812744037563,1.072828391259142
2025-06-26T12:00:00,saturn,j2000,3.4625,-1.0266666666666666,2.116789718111761,-1.4980180099871048,1.3457102818882447,0.47135134332043815,1.425559217637483
2025-06-26T12:00:00,saturn,of_date,3.4625,-1.0266666666666666,2.443925850675271,-1.355870380511281,1.018574149324735,0.32920371384461444,1.0702415999062318
2025-06-26T18:00:00,saturn,j2000,3.470833333333333,-1.025,2.123537059774435,-1.4963237594295742,1.3472962735588965,0.4713237594295743,1.427047446324575
2025-06-26T18:00:00,saturn,of_date,3.470833333333333,-1.025,2.4506922462688294,-1.3541680215476593,1.020141087064502,0.32916802154765934,1.0717219813347731
2025-06-27T00:00:00,saturn,j2000,3.479166666666667,-1.0233333333333332,2.1301903922881706,-1.4946710551514648,1.3489762743784866,0.4713377218181316,1.4286383077893072
2025-06-27T00:00:00,saturn,of_date,3.479166666666667,-1.0233333333333332,2.457363729630856,-1.3525075869659344,1.021802937035801,0.3291742536326012,1.0733057803889956
2025-06-27T06:00:00,saturn,j2000,3.4875000000000003,-1.0216666666666665,2.136749629573103,-1.493059913712423,1.3507503704269084,0.47139324704575647,1.430331878889668
2025-06-27T06:00:00,saturn,of_date,3.4875000000000003,-1.0216666666666665,2.4639401480444576,-1.350889123899894,1.0235598519555538,0.3292224572332274,1.0749931407434368
2025-06-27T12:00:00,saturn,j2000,3.4916666666666667,-1.02,2.143214687776606,-1.4914903498918561,1.3484519788900684,0.4714903498918561,1.4281954651627256
2025-06-27T12:00:00,saturn,of_date,3.4916666666666667,-1.02,2.4704213693404427,-1.3493126698638112,1.0212452973262316,0.32931266986381114,1.0728187679366272
2025-06-27T18:00:00,saturn,j2000,3.5,-1.0186111111111111,2.1495854863142085,-1.4899623770576855,1.3504145136857915,0.4713512659465744,1.4300025304493713
2025-06-27T18:00:00,saturn,of_date,3.5,-1.0186111111111111,2.476807282732409,-1.3477782531672158,1.023192717267591,0.32916714205610464,1.074627867782829
2025-06-28T00:00:00,saturn,j2000,3.5041666666666664,-1.0172222222222222,2.1558619474645866,-1.4884760072032888,1.3483047192020763,0.4712537849810665,1.427979820722192
2025-06-28T00:00:00,saturn,of_date,3.5041666666666664,-1.0172222222222222,2.4830977977856037,-1.3462858931821542,1.0210688688810592,0.32906367095993194,1.0725754945636465
2025-06-28T06:00:00,saturn,j2000,3.5124999999999997,-1.0155555555555555,2.162043996264174,-1.4870312510240355,1.3504560037358146,0.47147569546848,1.4300841645090743
2025-06-28T06:00:00,saturn,of_date,3.5124999999999997,-1.0155555555555555,2.4892928433254724,-1.3448356008092732,1.0232071566745162,0.3292800452537177,1.0746772488071465
2025-06-28T12:00:00,saturn,j2000,3.5208333333333335,-1.0141666666666667,2.168131560287236,-1.4856281180192983,1.3527017730461068,0.4714614513526316,1.4322000460465216
2025-06-28T12:00:00,saturn,of_date,3.5208333333333335,-1.0141666666666667,2.495392365939267,-1.3434273790998907,1.0254409673940756,0.3292607124332241,1.0767979627276967
2025-06-28T18:00:00,saturn,j2000,3.5250000000000004,-1.0130555555555556,2.1741245695487805,-1.4842666165624383,1.3508754304512252,0.4712110610068827,1.4303941354444172
2025-06-28T18:00:00,saturn,of_date,3.5250000000000004,-1.0130555555555556,2.5013963283830662,-1.3420612239452185,1.0236036716169394,0.32900566838966294,1.0749715364135843
2025-06-29T00:00:00,saturn,j2000,3.533333333333333,-1.0116666666666667,2.1800229563422704,-1.4829467539836882,1.353310376991061,0.47128008731702153,1.4327161985025492
2025-06-29T00:00:00,saturn,of_date,3.533333333333333,-1.0116666666666667,2.507304707778019,-1.3407371248462254,1.0260286255553126,0.3290704581795587,1.0773001504770567
2025-06-29T06:00:00,saturn,j2000,3.5375,-1.0105555555555557,2.1858266551533347,-1.4816685366322662,1.3516733448466596,0.4711129810767105,1.4311163015346398
2025-06-29T06:00:00,saturn,of_date,3.5375,-1.0105555555555557,2.513117493809716,-1.3394550656997861,1.0243825061902783,0.32889951014423047,1.0756812946810632
2025-06-29T12:00:00,saturn,j2000,3.5458333333333334,-1.0091666666666668,2.191535602469969,-1.4804319699586197,1.354297730863351,0.47126530329195293,1.4336447771878036
2025-06-29T12:00:00,saturn,of_date,3.5458333333333334,-1.0091666666666668,2.518834686813989,-1.3382150256140684,1.0269986465193313,0.3290483589474016,1.0782177891651288
2025-06-29T18:00:00,saturn,j2000,3.55,-1.0080555555555555,2.1971497367133566,-1.479237058565795,1.3528502632866548,0.47118150301023953,1.4322511425585915
2025-06-29T18:00:00,saturn,of_date,3.55,-1.0080555555555555,2.5244562960305075,-1.3370169796774043,1.025543703969504,0.3289614241218488,1.0768064803577047
2025-06-30T00:00:00,saturn,j2000,3.5541666666666667,-1.0069444444444444,2.202668998111676,-1.4780838062701136,1.3514976685549982,0.4711393618256692,1.4309608833068008
2025-06-30T00:00:00,saturn,of_date,3.5541666666666667,-1.0069444444444444,2.5299823378912265,-1.3358608997008765,1.0241843287754477,0.3289164552564321,1.0754990872871515
2025-06-30T06:00:00,saturn,j2000,3.5625000000000004,-1.0058333333333334,2.2080933286457594,-1.476972216143319,1.3544066713542406,0.4711388828099856,1.433707737895696
2025-06-30T06:00:00,saturn,of_date,3.5625000000000004,-1.0058333333333334,2.53541283450636,-1.3347467548913774,1.02708716549364,0.32891342155804404,1.0782620874872597
2025-06-30T12:00:00,saturn,j2000,3.566666666666667,-1.005,2.2134226719024355,-1.475902290570017,1.3532439947642274,0.4709022905700171,1.4325326171092316
2025-06-30T12:00:00,saturn,of_date,3.566666666666667,-1.005,2.5407478122061207,-1.3336745124788667,1.0259188544605422,0.3286745124788668,1.0770771568936959
2025-06-30T18:00:00,saturn,j2000,3.575,-1.0038888888888888,2.2186569730385486,-1.474874031279268,1.35634302696144,0.47098514239037925,1.4354867930889799
2025-06-30T18:00:00,saturn,of_date,3.575,-1.0038888888888888,2.545987300351783,-1.3326441382511738,1.0290126996482059,0.32875524936228495,1.080048175425334
2025-07-01T00:00:00,saturn,j2000,3.5791666666666666,-1.0030555555555556,2.2237961786936467,-1.4738874393831698,1.3553704879730333,0.4708318838276142,1.4345184772021606
2025-07-01T00:00:00,saturn,of_date,3.5791666666666666,-1.0030555555555556,2.5511313302552594,-1.3316555970283652,1.0280353364114205,0.32860004147280963,1.0790704704659821
2025-07-01T06:00:00,saturn,j2000,3.5833333333333335,-1.0022222222222221,2.2288409973670014,-1.4729422011604671,1.3544923359663414,0.470719978938245,1.43365288199661
2025-07-01T06:00:00,saturn,of_date,3.5833333333333335,-1.0022222222222221,2.556180694686873,-1.330708538864653,1.02715263864647,0.3284863166424308,1.078195562439472
2025-07-01T12:00:00,saturn,j2000,3.5875,-1.0013888888888889,2.233790617882903,-1.4720386308183655,1.3537093821171027,0.4706497419294766,1.4328908798455586
2025-07-01T12:00:00,saturn,of_date,3.5875,-1.0013888888888889,2.5611346657164518,-1.3298032419811814,1.026365334283554,0.3284143530922925,1.077424234192391
2025-07-01T18:00:00,saturn,j2000,3.595833333333333,-1.0008333333333332,2.2386449910621877,-1.471176727767487,1.3571883422711437,0.47034339443415374,1.4360764804169797
2025-07-01T18:00:00,saturn,of_date,3.595833333333333,-1.0008333333333332,2.5659932757173465,-1.3289396704432377,1.029840057615985,0.32810633710990444,1.0806401203586709
2025-07-02T00:00:00,saturn,j2000,3.5999999999999996,-1.0,2.2434040690160373,-1.4703564908987221,1.356595930983957,0.4703564908987221,1.4355215786221587
2025-07-02T00:00:00,saturn,of_date,3.5999999999999996,-1.0,2.570756556196841,-1.3281177886093891,1.0292434438031535,0.3281177886093891,1.0800755712252963
2025-07-02T06:00:00,saturn,j2000,3.604166666666667,-0.9994444444444444,2.2480678051486507,-1.4695779185933084,1.3560988615180065,0.4701334741488641,1.4349793122468255
2025-07-02T06:00:00,saturn,of_date,3.604166666666667,-0.9994444444444444,2.5754245373834124,-1.327337561327964,1.0287421292832448,0.32789311688351974,1.0795300310867282
2025-07-02T12:00:00,saturn,j2000,3.6083333333333334,-0.998611111111111,2.252636154077038,-1.468841008745275,1.355697179256282,0.470229897634164,1.4346318731747896
2025-07-02T12:00:00,saturn,of_date,3.6083333333333334,-0.998611111111111,2.5799972477856272,-1.3265989541219432,1.0283360855476928,0.32798784301083217,1.0791723157450084
2025-07-02T18:00:00,saturn,j2000,3.6125000000000003,-0.9980555555555555,2.257109071643413,-1.4681457587666271,1.3553909283565986,0.47009020321107164,1.434297123937599
2025-07-02T18:00:00,saturn,of_date,3.6125000000000003,-0.9980555555555555,2.5844747138802404,-1.3259019333402597,1.028025286119771,0.32784637778470427,1.078833503989647
2025-07-03T00:00:00,saturn,j2000,3.6166666666666667,-0.9977777777777778,2.261486514878243,-1.4674921655998345,1.3551801517884314,0.46971438782205677,1.4339751212458096
2025-07-03T00:00:00,saturn,of_date,3.6166666666666667,-0.9977777777777778,2.5888569597739775,-1.3252464663063708,1.0278097068926968,0.327468688528593,1.0785135916985618
2025-07-03T06:00:00,saturn,j2000,3.6208333333333336,-0.9972222222222221,2.265768442016281,-1.4668802257212767,1.3550648913170562,0.4696580034990546,1.4338480573964605
2025-07-03T06:00:00,saturn,of_date,3.6208333333333336,-0.9972222222222221,2.5931440069300606,-1.3246325214521488,1.0276893264032765,0.3274102992299267,1.078381392532612
2025-07-03T12:00:00,saturn,j2000,3.629166666666667,-0.9966666666666666,2.269954812432843,-1.466309935155994,1.3592118542338198,0.46964326848932747,1.4377614299688302
2025-07-03T12:00:00,saturn,of_date,3.629166666666667,-0.9966666666666666,2.597335873822203,-1.32406006846024,1.0318307928444597,0.32739340179357335,1.0823223627126684
2025-07-03T18:00:00,saturn,j2000,3.6333333333333333,-0.9963888888888889,2.2740455866632487,-1.4657812894794344,1.359287746670077,0.46939240059054554,1.4377514188739609
2025-07-03T18:00:00,saturn,of_date,3.6333333333333333,-0.9963888888888889,2.601432575676938,-1.323529078391513,1.0319007576563877,0.32714018950262413,1.0823126159378336
2025-07-04T00:00:00,saturn,j2000,3.6374999999999997,-0.9961111111111111,2.2780407263751954,-1.4652942838262082,1.3594592736247932,0.46918317271509713,1.4378454109737655
2025-07-04T00:00:00,saturn,of_date,3.6374999999999997,-0.9961111111111111,2.6054341241732573,-1.3230395238173498,1.0320658758267314,0.32692841270623874,1.082406130938774
2025-07-04T06:00:00,saturn,j2000,3.6374999999999997,-0.9958333333333332,2.2819401943863795,-1.4648489128929392,1.3555598056136091,0.46901557955960593,1.4341061707788179
2025-07-04T06:00:00,saturn,of_date,3.6374999999999997,-0.9958333333333332,2.6093405271980714,-1.3225913789423862,1.0281594728019172,0.32675804560905297,1.0786320906839781
2025-07-04T12:00:00,saturn,j2000,3.6416666666666666,-0.9955555555555555,2.2857439546075398,-1.4644451709506239,1.3559227120591402,0.46888961539506835,1.434408030104684
2025-07-04T12:00:00,saturn,of_date,3.6416666666666666,-0.9955555555555555,2.613151788540506,-1.322184619731142,1.028514878126174,0.32662906417558646,1.0789317967171086
2025-07-04T18:00:00,saturn,j2000,3.6458333333333335,-0.9952777777777777,2.289451972060135,-1.4640830518480634,1.3563813612732076,0.4688052740702857,1.4348139847870012
2025-07-04T18:00:00,saturn,of_date,3.6458333333333335,-0.9952777777777777,2.61686790768033,-1.321819224017781,1.0289654256530127,0.32654144624000336,1.0793347234794823
2025-07-05T00:00:00,saturn,j2000,3.6500000000000004,-0.9952777777777777,2.2930642128479803,-1.4637625490215078,1.3569357871520253,0.4684847712437301,1.435233302928379
2025-07-05T00:00:00,saturn,of_date,3.6500000000000004,-0.9952777777777777,2.6204888795547276,-1.3214951716120262,1.029511120445278,0.3262173938342485,1.0797568623313902
2025-07-05T06:00:00,saturn,j2000,3.654166666666667,-0.9952777777777777,2.2965806441684435,-1.4634836555014221,1.357586022498225,0.4682058777236444,1.4357568934167468
2025-07-05T06:00:00,saturn,of_date,3.654166666666667,-0.9952777777777777,2.62401469439277,-1.3212124443904356,1.0301519722738988,0.3259346666126579,1.0802823738387255
2025-07-05T12:00:00,saturn,j2000,3.6583333333333337,-0.9952777777777777,2.3000012342552623,-1.4632463639259805,1.3583320990780692,0.4679685861482028,1.4363847756756793
2025-07-05T12:00:00,saturn,of_date,3.6583333333333337,-0.9952777777777777,2.627445337511517,-1.3209710263817043,1.0308879958218142,0.32569324860392657,1.0809112531764988
2025-07-05T18:00:00,saturn,j2000,3.6625,-0.9952777777777777,2.3033259523863876,-1.4630506665498,1.3591740476136067,0.4677728887720223,1.437116968117315
2025-07-05T18:00:00,saturn,of_date,3.6625,-0.9952777777777777,2.630780789207847,-1.3207709038340654,1.0317192107921471,0.32549312605628766,1.0816435012362362
2025-07-06T00:00:00,saturn,j2000,3.6666666666666665,-0.9952777777777777,2.3065547688489687,-1.4628965552577162,1.3601118978176885,0.4676187774799385,1.4379534881834595
2025-07-06T00:00:00,saturn,of_date,3.6666666666666665,-0.9952777777777777,2.6340210246377183,-1.3206120652751125,1.032645642028939,0.32533428749733484,1.0824791247701804
2025-07-06T06:00:00,saturn,j2000,3.6666666666666665,-0.9952777777777777,2.3096876549394096,-1.4627840215774381,1.3569790117272476,0.46750624379966044,1.4349552994729389
2025-07-06T06:00:00,saturn,of_date,3.6666666666666665,-0.9952777777777777,2.6371660137572803,-1.3204945015587974,1.0295006529093769,0.32521672378101973,1.0794451625022607
2025-07-06T12:00:00,saturn,j2000,3.6708333333333334,-0.9955555555555555,2.3127245829001026,-1.4627130566968285,1.3581087504332174,0.46715750114127297,1.4359096553303474
2025-07-06T12:00:00,saturn,of_date,3.6708333333333334,-0.9955555555555555,2.6402157212245925,-1.3204182059067526,1.0306176121087276,0.3248626503511971,1.080403506076652
2025-07-06T18:00:00,saturn,j2000,3.675,-0.9958333333333332,2.3156655259138574,-1.4626836514794805,1.359334474086154,0.4668503181461473,1.4369685980577793
2025-07-06T18:00:00,saturn,of_date,3.675,-0.9958333333333332,2.6431701063809214,-1.320383173938832,1.03182989361909,0.32454984060549885,1.0814655550701933
2025-07-07T00:00:00,saturn,j2000,3.675,-0.9961111111111111,2.3185104580596203,-1.462695796483425,1.356489541940391,0.466584685372314,1.4341924127206227
2025-07-07T00:00:00,saturn,of_date,3.675,-0.9961111111111111,2.6460291232115196,-1.3203894036989114,1.0289708767884918,0.3242782925878004,1.0786575064095345
2025-07-07T06:00:00,saturn,j2000,3.6791666666666667,-0.9963888888888889,2.3212593542981494,-1.462749481980944,1.3579073123685248,0.466360593092055,1.4354599229499394
2025-07-07T06:00:00,saturn,of_date,3.6791666666666667,-0.9963888888888889,2.648792720353981,-1.3204368956742747,1.030373946312693,0.3240480067853858,1.0799263000595807
2025-07-07T12:00:00,saturn,j2000,3.683333333333333,-0.9966666666666666,2.3239121904018134,-1.4628446979794787,1.3594211429315237,0.4661780313128121,1.4368320542625477
2025-07-07T12:00:00,saturn,of_date,3.683333333333333,-0.9966666666666666,2.6514608410696496,-1.3205256528083544,1.0318724922636875,0.32385898614168784,1.0812988999501976
2025-07-07T18:00:00,saturn,j2000,3.683333333333333,-0.9969444444444444,2.32646894293498,-1.4629814342437333,1.356864390398357,0.46603698979928887,1.4343684878735827
2025-07-07T18:00:00,saturn,of_date,3.683333333333333,-0.9969444444444444,2.654033423288354,-1.320655680505245,1.0292999100449833,0.32371123606080054,1.078800782948246
2025-07-08T00:00:00,saturn,j2000,3.6875,-0.9974999999999999,2.328929589200584,-1.463159680318803,1.358570410799416,0.465659680318803,1.435859100683584
2025-07-08T00:00:00,saturn,of_date,3.6875,-0.9974999999999999,2.656510399647402,-1.3208269866233162,1.0309896003525978,0.32332698662331627,1.0802972078579962
2025-07-08T06:00:00,saturn,j2000,3.6875,-0.9980555555555555,2.3312941072134095,-1.4633794255552917,1.3562058927865905,0.4653238699997362,1.4335138858606797
2025-07-08T06:00:00,saturn,of_date,3.6875,-0.9980555555555555,2.658891697595436,-1.321039581454931,1.0286083024045638,0.32298402589937547,1.0779228270367271
2025-07-08T12:00:00,saturn,j2000,3.691666666666667,-0.998611111111111,2.333562475624319,-1.4636406591324664,1.3581041910423437,0.46502954802135543,1.4352135207400993
2025-07-08T12:00:00,saturn,of_date,3.691666666666667,-0.998611111111111,2.6611772394962827,-1.3212934776836487,1.0304894271703802,0.3226823665725377,1.0796269608379865
2025-07-08T18:00:00,saturn,j2000,3.691666666666667,-0.9991666666666666,2.335734673691263,-1.463943370084046,1.3559319929753997,0.4647767034173794,1.4330769354322737
2025-07-08T18:00:00,saturn,of_date,3.691666666666667,-0.9991666666666666,2.663366942841037,-1.3215886903176044,1.0282997238256257,0.32242202365093775,1.0774598994184295
2025-07-09T00:00:00,saturn,j2000,3.6958333333333333,-0.9997222222222222,2.3378106812204464,-1.4642875473228334,1.3580226521128793,0.4645653251006112,1.434985626572613
2025-07-09T00:00:00,saturn,of_date,3.6958333333333333,-0.9997222222222222,2.665460720506303,-1.3219252365893523,1.0303726128270227,0.32220301436713017,1.0793720224436636
2025-07-09T06:00:00,saturn,j2000,3.6958333333333333,-1.0005555555555556,2.3397904785318815,-1.4646731796680774,1.3560428548014443,0.4641176241125218,1.4329676788153254
2025-07-09T06:00:00,saturn,of_date,3.6958333333333333,-1.0005555555555556,2.6674584811264594,-1.322303135819828,1.0283748522068663,0.3217475802642724,1.077329594426304
2025-07-09T12:00:00,saturn,j2000,3.7,-1.0013888888888889,2.3416740463867427,-1.4651002558659734,1.358325953613246,0.4637113669770845,1.4349957652115293
2025-07-09T12:00:00,saturn,of_date,3.7,-1.0013888888888889,2.669360129529082,-1.3227224092313843,1.0306398704709068,0.3213335203424954,1.079367451272289
2025-07-09T18:00:00,saturn,j2000,3.7,-1.0019444444444445,2.3434613659538854,-1.4655687646156503,1.3565386340461032,0.4636243201712058,1.4332764437625158
2025-07-09T18:00:00,saturn,of_date,3.7,-1.0019444444444445,2.67116556732185,-1.323183079717289,1.0288344326781385,0.32123863527284446,1.0776159017112803
2025-07-10T00:00:00,saturn,j2000,3.7,-1.0027777777777778,2.3451524187549353,-1.4660786945899043,1.3548475812450533,0.4633009168121265,1.431571770625285
2025-07-10T00:00:00,saturn,of_date,3.7,-1.0027777777777778,2.6728746935767163,-1.3236851715539306,1.0271253064232724,0.32090739377615285,1.0758858647536282
2025-07-10T06:00:00,saturn,j2000,3.7041666666666666,-1.0038888888888888,2.3467471866329674,-1.4666300344589829,1.3574194800337125,0.46274114557009405,1.4338237812246761
2025-07-10T06:00:00,saturn,of_date,3.7041666666666666,-1.0038888888888888,2.6744874056581125,-1.3242287100623746,1.0296792610085674,0.3203398211734858,1.078154272101147
2025-07-10T12:00:00,saturn,j2000,3.7041666666666666,-1.0047222222222223,2.3482456516896377,-1.4672227729039453,1.3559210149770422,0.462500550681723,1.4323278664125665
2025-07-10T12:00:00,saturn,of_date,3.7041666666666666,-1.0047222222222223,2.676003600138529,-1.324813721206769,1.0281630665281511,0.3200914989845467,1.0766328438404724
2025-07-10T18:00:00,saturn,j2000,3.7041666666666666,-1.0058333333333334,2.3496477962606264,-1.4678568986357947,1.3545188704060536,0.46202356530246136,1.4308467100881015
2025-07-10T18:00:00,saturn,of_date,3.7041666666666666,-1.0058333333333334,2.677423173861996,-1.3254402311485123,1.026743492804684,0.3196068978151789,1.075133369310496
2025-07-11T00:00:00,saturn,j2000,3.7041666666666666,-1.0066666666666666,2.3509536028755633,-1.4685324004063838,1.3532130637911166,0.4618657337397172,1.4295598438326054
2025-07-11T00:00:00,saturn,of_date,3.7041666666666666,-1.0066666666666666,2.67874602508914,-1.3261082657478735,1.02542064157754,0.31944159908120695,1.0738212108261864
2025-07-11T06:00:00,saturn,j2000,3.7083333333333335,-1.0077777777777779,2.3521638355159666,-1.46924894855785,1.3561694978173762,0.46147117078007205,1.4322297694671025
2025-07-11T06:00:00,saturn,of_date,3.7083333333333335,-1.0077777777777779,2.679972835992544,-1.3268175316205946,1.028360497340799,0.3190397538428167,1.0765082663953929
2025-07-11T12:00:00,saturn,j2000,3.7083333333333335,-1.008888888888889,2.3532776949324443,-1.4700068506775255,1.3550556384008985,0.4611179617886365,1.4310613088759008
2025-07-11T12:00:00,saturn,of_date,3.7083333333333335,-1.008888888888889,2.681102729367524,-1.3275683710604866,1.027230603965819,0.3186794821715977,1.0753222652146406
2025-07-11T18:00:00,saturn,j2000,3.7083333333333335,-1.0102777777777778,2.3542951641127274,-1.4708060956816496,1.3540381692206154,0.4605283179038717,1.4299078369908043
2025-07-11T18:00:00,saturn,of_date,3.7083333333333335,-1.0102777777777778,2.6821356153675424,-1.3283608056949585,1.0261977179658004,0.3180830279171807,1.0741588786848981
2025-07-12T00:00:00,saturn,j2000,3.7083333333333335,-1.011388888888889,2.355216226161872,-1.4716466725428827,1.353117107171471,0.46025778365399383,1.4289484607377092
2025-07-12T00:00:00,saturn,of_date,3.7083333333333335,-1.011388888888889,2.6830714107499603,-1.3291948545694114,1.0252619225833826,0.31780596568052255,1.0731828595819826
2025-07-12T06:00:00,saturn,j2000,3.7083333333333335,-1.0127777777777778,2.356040864307033,-1.4725285702903663,1.3522924690263096,0.45975079251258855,1.4280041294281838
2025-07-12T06:00:00,saturn,of_date,3.7083333333333335,-1.0127777777777778,2.6839100401852534,-1.3300705335691922,1.0244232931480894,0.31729275579141447,1.0722296710867139
2025-07-12T12:00:00,saturn,j2000,3.7083333333333335,-1.0138888888888888,2.3567690618941697,-1.4734517779889205,1.3515642714391731,0.4595628891000316,1.4272538832765684
2025-07-12T12:00:00,saturn,of_date,3.7083333333333335,-1.0138888888888888,2.6846514374894923,-1.3309878548468268,1.0236818958438505,0.31709896595793796,1.071463929588325
2025-07-12T18:00:00,saturn,j2000,3.7083333333333335,-1.0152777777777777,2.357400802410382,-1.4744162847290148,1.350932530922961,0.45913850695123704,1.4265187325209365
2025-07-12T18:00:00,saturn,of_date,3.7083333333333335,-1.0152777777777777,2.6852955467822426,-1.331946826299957,1.0230377865511002,0.31666904852217925,1.0707211859652392
2025-07-13T00:00:00,saturn,j2000,3.7083333333333335,-1.0169444444444444,2.3579360695059677,-1.47542207960208,1.3503972638273751,0.4584776351576356,1.4257987952290638
2025-07-13T00:00:00,saturn,of_date,3.7083333333333335,-1.0169444444444444,2.6858423235140094,-1.3329474510879529,1.0224910098193334,0.31600300664350844,1.0700016403966974
2025-07-13T06:00:00,saturn,j2000,3.7083333333333335,-1.0183333333333333,2.358374847031314,-1.4764691516819375,1.3499584863020289,0.4581358183486042,1.425272932078172
2025-07-13T06:00:00,saturn,of_date,3.7083333333333335,-1.0183333333333333,2.686291735351233,-1.3339897272199597,1.0220415979821098,0.31565639388662636,1.0694695963093794
2025-07-13T12:00:00,saturn,j2000,3.7083333333333335,-1.0197222222222222,2.3587171190752088,-1.4775574899817165,1.349616214258134,0.45783526775949435,1.4248517070099946
2025-07-13T12:00:00,saturn,of_date,3.7083333333333335,-1.0197222222222222,2.6866437628819995,-1.3350736471943803,1.0216895704513433,0.31535142497215807,1.0690428967222754
2025-07-13T18:00:00,saturn,j2000,3.7083333333333335,-1.021388888888889,2.358962870020889,-1.478687083424955,1.3493704633124537,0.4572981945360661,1.424445863794064
2025-07-13T18:00:00,saturn,of_date,3.7083333333333335,-1.021388888888889,2.686898400140535,-1.3361991977369916,1.0214349331928076,0.3148103088481027,1.0686396275491157
2025-07-14T00:00:00,saturn,j2000,3.7083333333333335,-1.0230555555555556,2.3591120846075455,-1.479857920799816,1.3492212487257973,0.4568023652442603,1.4241447816362556
2025-07-14T00:00:00,saturn,of_date,3.7083333333333335,-1.0230555555555556,2.6870556549238245,-1.3373663596134637,1.0212776784095183,0.3143108040579081,1.06834182807454
2025-07-14T06:00:00,saturn,j2000,3.7083333333333335,-1.024722222222222,2.3591647480030247,-1.4810699907211198,1.3491685853303181,0.4563477684988977,1.4239484636557427
2025-07-14T06:00:00,saturn,of_date,3.7083333333333335,-1.024722222222222,2.687115548896543,-1.3385751075455274,1.0212177844368,0.31385288532330535,1.0681494567184646
2025-07-14T12:00:00,saturn,j2000,3.7083333333333335,-1.0263888888888888,2.35912084588324,-1.4823232815659204,1.349212487450103,0.4559343926770316,1.423856912503256
2025-07-14T12:00:00,saturn,of_date,3.7083333333333335,-1.0263888888888888,2.6870781174753233,-1.3398254101992138,1.0212552158580195,0.31343652131032496,1.0680624572382922
2025-07-14T18:00:00,saturn,j2000,3.7083333333333335,-1.0280555555555555,2.358980364523518,-1.483617781426168,1.349352968809825,0.45556222587061246,1.4238701302679226
2025-07-14T18:00:00,saturn,of_date,3.7083333333333335,-1.0280555555555555,2.6869434094971325,-1.3411172302893248,1.0213899238362103,0.31306167473376934,1.0680807590906038
2025-07-15T00:00:00,saturn,j2000,3.7083333333333335,-1.03,2.358743290897735,-1.4849534780434428,1.349590042435608,0.45495347804344277,1.4238992766760532
2025-07-15T00:00:00,saturn,of_date,3.7083333333333335,-1.03,2.686711486671925,-1.3424505247641645,1.021621846661418,0.31245052476416446,1.06812294174479
2025-07-15T06:00:00,saturn,j2000,3.7041666666666666,-1.0319444444444443,2.358409612784328,-1.4863303587541514,1.3457570538823518,0.4543859143097071,1.4200861088465602
2025-07-15T06:00:00,saturn,of_date,3.7041666666666666,-1.0319444444444443,2.686382422824579,-1.3438252450962973,1.017784243842101,0.311880800651853,1.0642869123120697
2025-07-15T12:00:00,saturn,j2000,3.7041666666666666,-1.0336111111111113,2.3579793188842473,-1.4877484104060408,1.3461873477824327,0.4541372992949295,1.420413429725382
2025-07-15T12:00:00,saturn,of_date,3.7041666666666666,-1.0336111111111113,2.685956302942998,-1.3452413376363699,1.0182103637236821,0.3116302265252586,1.0646203294636147
2025-07-15T18:00:00,saturn,j2000,3.7041666666666666,-1.0355555555555556,2.3574523989424847,-1.4892076192958508,1.3467142677241952,0.4536520637402952,1.420756741188605
2025-07-15T18:00:00,saturn,of_date,3.7041666666666666,-1.0355555555555556,2.6854332220349875,-1.3466987440746507,1.0187334446316925,0.31114318851909517,1.0649774103147238
2025-07-16T00:00:00,saturn,j2000,3.7041666666666666,-1.037777777777778,2.3568288438810328,-1.4907079710878213,1.3473378227856472,0.45293019331004336,1.421116384630166
2025-07-16T00:00:00,saturn,of_date,3.7041666666666666,-1.037777777777778,2.684813283818187,-1.3481974019640028,1.019353382848493,0.31041962418622493,1.0653584799923321
2025-07-16T06:00:00,saturn,j2000,3.7,-1.0397222222222224,2.3561086459310445,-1.492249450746343,1.343891354068944,0.45252722852412064,1.4177213510097846
2025-07-16T06:00:00,saturn,of_date,3.7,-1.0397222222222224,2.6840965992474253,-1.3497372453305287,1.0159034007525634,0.3100150231083063,1.0619405930190844
2025-07-16T12:00:00,saturn,j2000,3.7,-1.0419444444444446,2.3552917989030107,-1.4938320424283262,1.344708201096978,0.4518875979838817,1.4182904500995466
2025-07-16T12:00:00,saturn,of_date,3.7,-1.0419444444444446,2.68328328503668,-1.3513182053096087,1.0167167149633087,0.3093737608651641,1.0625307748034454
2025-07-16T18:00:00,saturn,j2000,3.7,-1.043888888888889,2.354378297738492,-1.4954557294539919,1.3456217022614965,0.45156684056510277,1.4190531813359193
2025-07-16T18:00:00,saturn,of_date,3.7,-1.043888888888889,2.6823734613420243,-1.3529402109170463,1.0176265386579644,0.3090513220281572,1.0633066271795713
2025-07-17T00:00:00,saturn,j2000,3.6958333333333333,-1.0461111111111112,2.3533681398561157,-1.4971204941259664,1.34246519347721,0.45100938301485516,1.4158832354079784
2025-07-17T00:00:00,saturn,of_date,3.6958333333333333,-1.0461111111111112,2.681367251139875,-1.3546031897155852,1.0144660821934508,0.30849207860447403,1.0601201156798163
2025-07-17T06:00:00,saturn,j2000,3.6958333333333333,-1.0483333333333333,2.35226132411708,-1.4988263177413796,1.3435720092162455,0.4504929844080463,1.4167669334259696
2025-07-17T06:00:00,saturn,of_date,3.6958333333333333,-1.0483333333333333,2.680264777152786,-1.3563070687101337,1.0155685561805399,0.3079737353768004,1.061023429745284
2025-07-17T12:00:00,saturn,j2000,3.691666666666667,-1.0508333333333333,2.3510578517349927,-1.5005731804735831,1.3406088149316702,0.44973984714024984,1.4137177350122083
2025-07-17T12:00:00,saturn,of_date,3.691666666666667,-1.0508333333333333,2.6790661606763706,-1.3580517751364227,1.0126005059902923,0.30721844180308944,1.0579638189923566
2025-07-17T18:00:00,saturn,j2000,3.691666666666667,-1.0530555555555556,2.3497577256198383,-1.502361061127206,1.3419089410468246,0.4493055055716504,1.4148110886183862
2025-07-17T18:00:00,saturn,of_date,3.691666666666667,-1.0530555555555556,2.6777715188286493,-1.3598372371329324,1.0138951478380136,0.30678168157737673,1.0590751562538783
2025-07-18T00:00:00,saturn,j2000,3.6875,-1.0555555555555556,2.3483609519552147,-1.504189937384362,1.3391390480447853,0.44863438182880633,1.4119710715225238
2025-07-18T00:00:00,saturn,of_date,3.6875,-1.0555555555555556,2.676380964055568,-1.3616633848991835,1.0111190359444322,0.3061078293436279,1.0562227102493598
2025-07-18T06:00:00,saturn,j2000,3.6875,-1.057777777777778,2.3468675389540863,-1.5060597853903612,1.3406324610459137,0.4482820076125833,1.4132739969733745
2025-07-18T06:00:00,saturn,of_date,3.6875,-1.057777777777778,2.6748946008759162,-1.3635301511720364,1.0126053991240838,0.3057523733942584,1.0575415024767854
2025-07-18T12:00:00,saturn,j2000,3.683333333333333,-1.0602777777777779,2.34527749776629,-1.5079705797934309,1.3380558355670473,0.447692802015653,1.4106430906116365
2025-07-18T12:00:00,saturn,of_date,3.683333333333333,-1.0602777777777779,2.67331252487935,-1.3654374721173832,1.0100208084539872,0.3051596943396053,1.0548957248321984
2025-07-18T18:00:00,saturn,j2000,3.6791666666666667,-1.0627777777777778,2.343590842495132,-1.5099222936447678,1.335575824171542,0.44714451586699,1.4081168075013832
2025-07-18T18:00:00,saturn,of_date,3.6791666666666667,-1.0627777777777778,2.671634820976749,-1.3673852880246782,1.0075318456899254,0.30460751024690036,1.0523532080098414
2025-07-19T00:00:00,saturn,j2000,3.6791666666666667,-1.0655555555555556,2.3418075903848035,-1.5119148982956065,1.3373590762818708,0.44635934274005096,1.4095574358924647
2025-07-19T00:00:00,saturn,of_date,3.6791666666666667,-1.0655555555555556,2.6698615620082364,-1.369373543922072,1.0093051046584378,0.3038179883665164,1.0538215602020997
2025-07-19T06:00:00,saturn,j2000,3.675,-1.0680555555555555,2.3399277619835175,-1.5139483633219057,1.3350722380164939,0.4458928077663502,1.4072400105963843
2025-07-19T06:00:00,saturn,of_date,3.675,-1.0680555555555555,2.6679928075569705,-1.3714021901235047,1.0070071924430408,0.3033466345679492,1.0514850396070594
2025-07-19T12:00:00,saturn,j2000,3.675,-1.0708333333333333,2.3379513813636663,-1.5160226564313954,1.337048618636345,0.44518932309806214,1.4088905635447477
2025-07-19T12:00:00,saturn,of_date,3.675,-1.0708333333333333,2.666028603091604,-1.3734711826439763,1.0089713969084073,0.30263784931064297,1.0531606917677432
2025-07-19T18:00:00,saturn,j2000,3.6708333333333334,-1.073611111111111,2.33587847615388,-1.5181377433057528,1.33495485717944,0.4445266321946417,1.4066939764499566
2025-07-19T18:00:00,saturn,of_date,3.6708333333333334,-1.073611111111111,2.6639689792304466,-1.375580483418293,1.0068643541028734,0.3019693723071819,1.0509500137027832
2025-07-20T00:00:00,saturn,j2000,3.6666666666666665,-1.0763888888888888,2.33370907796791,-1.5202935876849515,1.332957588698747,0.44390469879606265,1.404601785367347
2025-07-20T00:00:00,saturn,of_date,3.6666666666666665,-1.0763888888888888,2.6618139517456143,-1.3777300606151142,1.0048527149210429,0.3013411717262253,1.0488422630010912
2025-07-20T06:00:00,saturn,j2000,3.6625,-1.0791666666666666,2.331443222295036,-1.5224901511319906,1.3310567777049584,0.443323484465324,1.4026139449621458
2025-07-20T06:00:00,saturn,of_date,3.6625,-1.0791666666666666,2.6595635213996047,-1.3799198884718884,1.0029364786003896,0.3007532218052218,1.0468374305477994
2025-07-20T12:00:00,saturn,j2000,3.6625,-1.0819444444444444,2.329080948827311,-1.524727393041856,1.3334190511726831,0.4427829485974115,1.4046830023956054
2025-07-20T12:00:00,saturn,of_date,3.6625,-1.0819444444444444,2.6572176746054765,-1.3821499472057972,1.0052823253945178,0.3002055027613528,1.0489262865301205
2025-07-20T18:00:00,saturn,j2000,3.6583333333333337,-1.085,2.326622301451664,-1.5270052704821626,1.3317110318816674,0.44200527048216265,1.4028160300511603
2025-07-20T18:00:00,saturn,of_date,3.6583333333333337,-1.085,2.654776384149386,-1.3844202225831777,1.0035569491839453,0.2994202225831777,1.0470477948471462
2025-07-21T00:00:00,saturn,j2000,3.654166666666667,-1.0877777777777777,2.324067328616252,-1.529323738307523,1.3300993380504167,0.4415459605297454,1.4011408372916614
2025-07-21T00:00:00,saturn,of_date,3.654166666666667,-1.0877777777777777,2.6522396106801693,-1.3867307055897942,1.0019270559864992,0.29895292781201643,1.0453517843821503
2025-06-21T00:00:00,jupiter,j2000,92.55833333333334,23.02138888888889,92.3784879928524,23.272725511337484,0.17984534048093792,-0.2513366224485942,0.30085955308885637
2025-06-21T00:00:00,jupiter,of_date,92.55833333333334,23.02138888888889,92.76635402078898,23.268715924734437,-0.20802068745564384,-0.24732703584554727,0.3126623007162649
2025-06-21T06:00:00,jupiter,j2000,92.62083333333334,23.020833333333332,92.4406302654861,23.272176161738535,0.1802030678472306,-0.2513428284052033,0.30104603176513517
2025-06-21T06:00:00,jupiter,of_date,92.62083333333334,23.020833333333332,92.82850341767329,23.26800841679277,-0.20767008433995215,-0.24717508345943884,0.31234546862459656
2025-06-21T12:00:00,jupiter,j2000,92.6875,23.02,92.5027752362551,23.271601783121806,0.18472476374489588,-0.2516017831218065,0.3035694010971625
2025-06-21T12:00:00,jupiter,of_date,92.6875,23.02,92.89065669998018,23.267275497873253,-0.20315669998018393,-0.24727549787325387,0.30990642118002637
2025-06-21T18:00:00,jupiter,j2000,92.75,23.019166666666667,92.56492252888631,23.27100237641129,0.18507747111368644,-0.251835709744622,0.3039452867472832
2025-06-21T18:00:00,jupiter,of_date,92.75,23.019166666666667,92.95281337845819,23.26651757667577,-0.20281337845818825,-0.2473509100091036,0.30977710782859963
2025-06-22T00:00:00,jupiter,j2000,92.8125,23.01833333333333,92.62707176275234,23.270377943455756,0.18542823724766322,-0.2520446101224252,0.30429951725195326
2025-06-22T00:00:00,jupiter,of_date,92.8125,23.01833333333333,93.01497331390328,23.26573438311104,-0.20247331390328327,-0.24740104977771082,0.3096296938915352
2025-06-22T06:00:00,jupiter,j2000,92.87500000000001,23.0175,92.6892225534591,23.269728487060426,0.18577744654089656,-0.2522284870604281,0.3046323116104767
2025-06-22T06:00:00,jupiter,of_date,92.87500000000001,23.0175,93.07713608667603,23.264926108152125,-0.20213608667603467,-0.2474261081521263,0.30946405294383433
2025-06-22T12:00:00,jupiter,j2000,92.9375,23.016666666666666,92.7513745123191,23.26905401102799,0.1861254876808971,-0.25238734436132404,0.3049438940415167
2025-06-22T12:00:00,jupiter,of_date,92.9375,23.016666666666666,93.13930143436937,23.264092760978635,-0.20180143436937215,-0.24742609431196882,0.3092800042890731
2025-06-22T18:00:00,jupiter,j2000,93.0,23.015833333333333,92.81352724701992,23.268354520185373,0.18647275298008026,-0.2525211868520394,0.3052344937900639
2025-06-22T18:00:00,jupiter,of_date,93.0,23.015833333333333,93.2014685642497,23.263234635819074,-0.20146856424969428,-0.24740130248574133,0.30907730639207137
2025-06-23T00:00:00,jupiter,j2000,93.06666666666666,23.015,92.87568036163572,23.267630020414238,0.19098630503094682,-0.2526300204142373,0.3076750884843728
2025-06-23T00:00:00,jupiter,of_date,93.06666666666666,23.015,93.26363740251452,23.262351601792044,-0.19697073584785585,-0.24735160179204385,0.30657666947536605
2025-06-23T06:00:00,jupiter,j2000,93.12916666666666,23.01388888888889,92.93783345737307,23.26688051866965,0.19133320929358888,-0.2529916297807624,0.30815478351964715
2025-06-23T06:00:00,jupiter,of_date,93.12916666666666,23.01388888888889,93.32580734649628,23.261443809832834,-0.19664067982961342,-0.24755492094394427,0.30656242053952354
2025-06-23T12:00:00,jupiter,j2000,93.19166666666668,23.013055555555557,92.9999861321943,23.26610602300794,0.19168053447236844,-0.2530504674523826,0.30838612585691244
2025-06-23T12:00:00,jupiter,of_date,93.19166666666668,23.013055555555557,93.3879779548966,23.260511319158756,-0.1963112882299356,-0.24745576360319887,0.3063044455731892
2025-06-23T18:00:00,jupiter,j2000,93.25416666666666,23.011944444444445,93.06213798162713,23.265306542596395,0.1920286850395314,-0.25336209815194977,0.3088255478430289
2025-06-23T18:00:00,jupiter,of_date,93.25416666666666,23.011944444444445,93.4501485028652,23.259554255034303,-0.19598183619854126,-0.2476098105898572,0.30625135104034046
2025-06-24T00:00:00,jupiter,j2000,93.31666666666666,23.011111111111113,93.12428859891287,23.264482087726062,0.1923780677537934,-0.25337097661494923,0.30901726640483146
2025-06-24T00:00:00,jupiter,of_date,93.31666666666666,23.011111111111113,93.51231863063231,23.258572630589338,-0.19565196396564488,-0.24746151947822526,0.30595370371148906
2025-06-24T06:00:00,jupiter,j2000,93.38333333333333,23.01,93.186437575865,23.263632669810207,0.19689575746832588,-0.25363266981020516,0.31162783006258943
2025-06-24T06:00:00,jupiter,of_date,93.38333333333333,23.01,93.57448770182646,23.25756652245839,-0.19115436849313028,-0.2475665224583885,0.3036264062857528
2025-06-24T12:00:00,jupiter,j2000,93.44583333333334,23.00888888888889,93.24858450259546,23.262758301392715,0.1972488307378626,-0.2538694125038248,0.3120099596263613
2025-06-24T12:00:00,jupiter,of_date,93.44583333333334,23.00888888888889,93.63665512976831,23.256535981419006,-0.19082179643498876,-0.24764709253011574,0.30351599577628147
2025-06-24T18:00:00,jupiter,j2000,93.50833333333334,23.00777777777778,93.31072896840004,23.261858996135867,0.1976043649332837,-0.2540812183580883,0.31237318666451674
2025-06-24T18:00:00,jupiter,of_date,93.50833333333334,23.00777777777778,93.69882031777394,23.255481049355115,-0.19048698444061074,-0.24770327157733618,0.303384774269635
2025-06-25T00:00:00,jupiter,j2000,93.57083333333333,23.006666666666668,93.37287056196271,23.260934768811985,0.19796277137061224,-0.2542681021453177,0.3127177658418986
2025-06-25T00:00:00,jupiter,of_date,93.57083333333333,23.006666666666668,93.7609826635425,23.25440175881692,-0.1901493302091808,-0.24773509215025058,0.3032324144988368
2025-06-25T06:00:00,jupiter,j2000,93.63333333333333,23.005555555555556,93.43500887224656,23.259985635280053,0.19832446108677004,-0.2544300797244965,0.3130439557310678
2025-06-25T06:00:00,jupiter,of_date,93.63333333333333,23.005555555555556,93.82314156428379,23.253298132846503,-0.18980823095046162,-0.2477425772909463,0.3030585843377551
2025-06-25T12:00:00,jupiter,j2000,93.69583333333334,23.004444444444445,93.49714348822278,23.259011612474694,0.19868984511055032,-0.25456716803024904,0.313352019111103
2025-06-25T12:00:00,jupiter,of_date,93.69583333333334,23.004444444444445,93.88529642060138,23.252170185099594,-0.18946308726805228,-0.24772574065514874,0.3028629487297786
2025-06-25T18:00:00,jupiter,j2000,93.7625,23.003055555555555,93.55927399974053,23.2580127183738,0.20322600025946258,-0.25495716281824343,0.31611802447773135
2025-06-25T18:00:00,jupiter,of_date,93.7625,23.003055555555555,93.94744664130417,23.251017920211716,-0.1849466413041796,-0.24796236465616062,0.30068871649475176
2025-06-26T00:00:00,jupiter,j2000,93.825,23.001944444444444,93.6213999976843,23.25698897197285,0.20360000231568165,-0.2550445275284048,0.31639278357097655
2025-06-26T00:00:00,jupiter,of_date,93.825,23.001944444444444,94.00959164717705,23.24984133441979,-0.1845916471770579,-0.24789688997534753,0.30045096681579037
2025-06-26T06:00:00,jupiter,j2000,93.88749999999999,23.000555555555554,93.68352107479996,23.255940393244735,0.20397892520003325,-0.2553848376891814,0.31687433999440046
2025-06-26T06:00:00,jupiter,of_date,93.88749999999999,23.000555555555554,94.07173087498984,23.248640416383623,-0.1842308749898507,-0.2480848608280688,0.3004197600884208
2025-06-26T12:00:00,jupiter,j2000,93.95,22.999444444444446,93.74563682533432,23.254867003116132,0.2043631746656729,-0.25542255867168606,0.3171149436265226
2025-06-26T12:00:00,jupiter,of_date,93.95,22.999444444444446,94.13386377980976,23.247415148205558,-0.1838637798097693,-0.24797070376111208,0.3001359992828022
2025-06-26T18:00:00,jupiter,j2000,94.0125,22.998055555555556,93.80774684580285,23.25376882342289,0.20475315419713525,-0.2557132678673355,0.3175627019276801
2025-06-26T18:00:00,jupiter,of_date,94.0125,22.998055555555556,94.19598983787432,23.24616550656274,-0.18348983787433326,-0.24810995100718358,0.3000584488810313
2025-06-27T00:00:00,jupiter,j2000,94.075,22.996666666666666,93.86985073502348,23.252645876875825,0.2051492649765123,-0.2559792102091585,0.3179939261313671
2025-06-27T00:00:00,jupiter,of_date,94.075,22.996666666666666,94.25810854813147,23.244891463942277,-0.1831085481314858,-0.2482247972756113,0.2999573517183784
2025-06-27T06:00:00,jupiter,j2000,94.14166666666667,22.99527777777778,93.93194809481565,23.25149818701324,0.20971857185099907,-0.2562204092354605,0.3206986923044697
2025-06-27T06:00:00,jupiter,of_date,94.14166666666667,22.99527777777778,94.3202194338379,23.243592989906254,-0.17855276717125435,-0.24831521212847463,0.2977016172753643
2025-06-27T12:00:00,jupiter,j2000,94.20416666666667,22.99388888888889,93.99403852949769,23.250325778174524,0.21012813716896517,-0.25643688928563435,0.3210993286412837
2025-06-27T12:00:00,jupiter,of_date,94.20416666666667,22.99388888888889,94.38232204236476,23.2422700523806,-0.17815537569811113,-0.24838116349171102,0.2975561379083434
2025-06-27T18:00:00,jupiter,j2000,94.26666666666667,22.9925,94.05612164651103,23.249128675453182,0.21054502015562093,-0.25662867545318235,0.32148441280914564
2025-06-27T18:00:00,jupiter,of_date,94.26666666666667,22.9925,94.44441594557918,23.240922618879146,-0.177749278912529,-0.24842261887914674,0.29738618711757137
2025-06-28T00:00:00,jupiter,j2000,94.32916666666667,22.991111111111113,94.11819705631592,23.247906904663427,0.21096961035073036,-0.25679579355231397,0.3218542174783223
2025-06-28T00:00:00,jupiter,of_date,94.32916666666667,22.991111111111113,94.50650073900067,23.23955065766489,-0.17733407233401977,-0.24843954655377587,0.29719151182138864
2025-06-28T06:00:00,jupiter,j2000,94.39166666666667,22.989722222222223,94.18026437293975,23.24666049229478,0.21140229372690555,-0.2569382700725562,0.32220901835805515
2025-06-28T06:00:00,jupiter,of_date,94.39166666666667,22.989722222222223,94.56857604118642,23.238154138789483,-0.17690937451976652,-0.2484319165672595,0.2969718738983045
2025-06-28T12:00:00,jupiter,j2000,94.45416666666667,22.988333333333333,94.24232321334671,23.24538946549087,0.21184345331994336,-0.25705613215753687,0.3225490946938681
2025-06-28T12:00:00,jupiter,of_date,94.45416666666667,22.988333333333333,94.63064149159402,23.23673303502856,-0.176474824927368,-0.2483997016952273,0.29672704973337766
2025-06-28T18:00:00,jupiter,j2000,94.52083333333333,22.986666666666668,94.30437319792804,23.244093852007616,0.21646013540527065,-0.2574271853409478,0.325426245059391
2025-06-28T18:00:00,jupiter,of_date,94.52083333333333,22.986666666666668,94.69269674930729,23.23528732264692,-0.1718634159739736,-0.2486206559802504,0.2946158974087789
2025-06-29T00:00:00,jupiter,j2000,94.58333333333333,22.985277777777778,94.36641395027812,23.242773680187213,0.21691938305519898,-0.25749590240943476,0.32574035905993015
2025-06-29T00:00:00,jupiter,of_date,94.58333333333333,22.985277777777778,94.75474149087779,23.23381698202702,-0.17140815754447658,-0.2485392042492407,0.29432356687320416
2025-06-29T06:00:00,jupiter,j2000,94.64583333333333,22.983611111111113,94.42844509763438,23.2414289789198,0.21738823569893384,-0.25781786780868643,0.32626038239378696
2025-06-29T06:00:00,jupiter,of_date,94.64583333333333,22.983611111111113,94.81677540874347,23.232321998128757,-0.17094207541015294,-0.2487108870176442,0.29424026039728624
2025-06-29T12:00:00,jupiter,j2000,94.70833333333334,22.981944444444444,94.49046627014872,23.240059777631956,0.21786706318462734,-0.25811533318751145,0.3267667598887204
2025-06-29T12:00:00,jupiter,of_date,94.70833333333334,22.981944444444444,94.87879820846808,23.230802360830154,-0.17046487513474062,-0.24885791638570964,0.29413134221879444
2025-06-29T18:00:00,jupiter,j2000,94.77083333333333,22.980277777777776,94.55247710129379,23.238666106253113,0.21835623203952537,-0.25838832847533766,0.3272597561799769
2025-06-29T18:00:00,jupiter,of_date,94.77083333333333,22.980277777777776,94.94080960716974,23.229258065106333,-0.16997627383642566,-0.24898028732855693,0.2939966495937412
2025-06-30T00:00:00,jupiter,j2000,94.83333333333333,22.97861111111111,94.6144772275606,23.237247995198977,0.21885610577271564,-0.258636884087867,0.3277396396056502
2025-06-30T00:00:00,jupiter,of_date,94.83333333333333,22.97861111111111,95.00280933135076,23.22768911110601,-0.16947599801744673,-0.2490779999948991,0.2938360305746477
2025-06-30T06:00:00,jupiter,j2000,94.89583333333333,22.97694444444444,94.67646628884484,23.23580547534149,0.21936704448847877,-0.25886103089704804,0.3282066821017125
2025-06-30T06:00:00,jupiter,of_date,94.89583333333333,22.97694444444444,95.06479711556324,23.226095504110457,-0.16896378222992325,-0.24915105966601558,0.2936493432387907
2025-06-30T12:00:00,jupiter,j2000,94.9625,22.975277777777777,94.73844392766125,23.234338578007396,0.22405607233875457,-0.2590608002296193,0.33103335391985245
2025-06-30T12:00:00,jupiter,of_date,94.9625,22.975277777777777,95.12677270007833,23.22447725444189,-0.16427270007832817,-0.24919947666411346,0.2914310286942778
2025-06-30T18:00:00,jupiter,j2000,95.025,22.973611111111108,94.80040978951735,23.23284733495218,0.2245902104826598,-0.2592362238410715,0.33147811829097623
2025-06-30T18:00:00,jupiter,of_date,95.025,22.973611111111108,95.18873582990199,23.222834377282595,-0.16373582990198088,-0.24922326617148727,0.2911966159704856
2025-07-01T00:00:00,jupiter,j2000,95.08749999999999,22.971944444444443,94.86236352257964,23.231331778352104,0.22513647742033527,-0.2593873339076609,0.3319110912684277
2025-07-01T00:00:00,jupiter,of_date,95.08749999999999,22.971944444444443,95.25068625327077,23.2211668924718,-0.16318625327079417,-0.24922244802735705,0.2909357391336451
2025-07-01T06:00:00,jupiter,j2000,95.14999999999999,22.970277777777778,94.92430464434199,23.229791939055666,0.22569535565799015,-0.2595141612778882,0.3323326383973613
2025-07-01T06:00:00,jupiter,of_date,95.14999999999999,22.970277777777778,95.31262358733517,23.21947482286639,-0.16262358733519022,-0.24919704508861074,0.2906482259264724
2025-07-01T12:00:00,jupiter,j2000,95.2125,22.96833333333333,94.9862329398619,23.22822785196178,0.22626706013809894,-0.2598945186284496,0.3329598913243376
2025-07-01T12:00:00,jupiter,of_date,95.2125,22.96833333333333,95.37454771555042,23.217758198501745,-0.16204771555041475,-0.24942486516841456,0.2905725241349372
2025-07-01T18:00:00,jupiter,j2000,95.275,22.96638888888889,95.04814806516418,23.226639550433493,0.2268519348358211,-0.2602506615446032,0.3335759419408741
2025-07-01T18:00:00,jupiter,of_date,95.275,22.96638888888889,95.43645839040477,23.216017051758275,-0.16145839040476062,-0.24962816286938505,0.290470537177521
2025-07-02T00:00:00,jupiter,j2000,95.33749999999999,22.96472222222222,95.11004967855075,23.225027068214676,0.2274503214492256,-0.2603048459924544,0.33396436604356444
2025-07-02T00:00:00,jupiter,of_date,95.33749999999999,22.96472222222222,95.49835536414929,23.214251418732765,-0.16085536414931312,-0.24952919651054373,0.2901031294977927
2025-07-02T06:00:00,jupiter,j2000,95.39999999999999,22.962777777777777,95.17193744097267,23.223390439410732,0.22806255902730754,-0.2606126616329547,0.33455894624218735
2025-07-02T06:00:00,jupiter,of_date,95.39999999999999,22.962777777777777,95.56023838868174,23.212461339012716,-0.160238388681762,-0.24968356123493862,0.28994801565756395
2025-07-02T12:00:00,jupiter,j2000,95.4625,22.960833333333333,95.23381101525268,23.22172969850013,0.2286889847473219,-0.26089636516679704,0.33514315213937973
2025-07-02T12:00:00,jupiter,of_date,95.4625,22.960833333333333,95.6221072143461,23.210646855500546,-0.15960721434609582,-0.2498135221672122,0.2897663457805906
2025-07-02T18:00:00,jupiter,j2000,95.52916666666667,22.95888888888889,95.29567006646789,23.220044880316568,0.2334966001987766,-0.2611559914276782,0.3381389282163946
2025-07-02T18:00:00,jupiter,of_date,95.52916666666667,22.95888888888889,95.68396158993494,23.20880801422128,-0.1547949232682697,-0.24991912533239002,0.28764128539743195
2025-07-03T00:00:00,jupiter,j2000,95.59166666666667,22.956944444444442,95.35751426164632,23.21833602004963,0.23415240502035317,-0.2613915756051881,0.3387060941439476
2025-07-03T00:00:00,jupiter,of_date,95.59166666666667,22.956944444444442,95.74580126203216,23.206944864163614,-0.15413459536549112,-0.2500004197191714,0.28741274135824935
2025-07-03T06:00:00,jupiter,j2000,95.65416666666665,22.955,95.419343270161,23.21660315322688,0.23482339650564654,-0.26160315322688277,0.33926396438925516
2025-07-03T06:00:00,jupiter,of_date,95.65416666666665,22.955,95.80762597506839,23.205057457109778,-0.15345930840175015,-0.25005745710977934,0.2871574238545509
2025-07-03T12:00:00,jupiter,j2000,95.71666666666665,22.953055555555554,95.48115676297755,23.214846315728067,0.23550990368909197,-0.2617907601725129,0.3398128376557404
2025-07-03T12:00:00,jupiter,of_date,95.71666666666665,22.953055555555554,95.86943547023691,23.203145847505212,-0.15276880357026812,-0.2500902919496575,0.28687526651838424
2025-07-03T18:00:00,jupiter,j2000,95.77916666666668,22.95111111111111,95.54295441305925,23.213065543767488,0.23621225360744802,-0.26195443265637763,0.34035301828100323
2025-07-03T18:00:00,jupiter,of_date,95.77916666666668,22.95111111111111,95.9312294855718,23.201210092293874,-0.1520628189051081,-0.25009898118276297,0.28656620623353135
2025-07-04T00:00:00,jupiter,j2000,95.84166666666667,22.948888888888888,95.6047358950891,23.211260873895636,0.23693077157756193,-0.2623719850067481,0.3410985796902831
2025-07-04T00:00:00,jupiter,of_date,95.84166666666667,22.948888888888888,95.99300775535085,23.199250250770632,-0.15134108868417684,-0.25036136188174396,0.28647298299022833
2025-07-04T06:00:00,jupiter,j2000,95.90416666666667,22.946944444444444,95.66650088588665,23.209432342980666,0.23766578078002,-0.26248789853622156,0.3416220789944379
2025-07-04T06:00:00,jupiter,of_date,95.90416666666667,22.946944444444444,96.05477001020171,23.197266384404976,-0.1506033435350389,-0.2503219399605321,0.2861102083289221
2025-07-04T12:00:00,jupiter,j2000,95.96666666666667,22.94472222222222,95.72824906367953,23.20757998822332,0.2384176029871412,-0.26285776600109756,0.34235119727305047
2025-07-04T12:00:00,jupiter,of_date,95.96666666666667,22.94472222222222,96.11651597608034,23.195258556692114,-0.1498493094136677,-0.2505363344698921,0.28596376044130817
2025-07-04T18:00:00,jupiter,j2000,96.02916666666668,22.942777777777778,95.78998010853002,23.205703847138118,0.2391865581366801,-0.2629260693603399,0.3428592494196549
2025-07-04T18:00:00,jupiter,of_date,96.02916666666668,22.942777777777778,96.17824537442641,23.193226832957368,-0.14907870775971332,-0.2504490551795904,0.28554705361115673
2025-07-05T00:00:00,jupiter,j2000,96.09166666666667,22.940555555555555,95.851693702077,23.203803957554385,0.23997296458966844,-0.2632484019988297,0.3435731284040099
2025-07-05T00:00:00,jupiter,of_date,96.09166666666667,22.940555555555555,96.23995792166164,23.191171280172522,-0.1482912549949731,-0.25061572461696713,0.2853471741577526
2025-07-05T06:00:00,jupiter,j2000,96.15416666666667,22.938333333333333,95.91338952797139,23.20188035759594,0.24077713869527884,-0.263547024262607,0.34427975672931216
2025-07-05T06:00:00,jupiter,of_date,96.15416666666667,22.938333333333333,96.30165332941505,23.189091966740172,-0.14748666274837774,-0.25075863340683924,0.2851206741256743
2025-07-05T12:00:00,jupiter,j2000,96.21666666666667,22.93611111111111,95.97506727116354,23.19993308569582,0.2415993955031297,-0.2638219745847117,0.3449794400519867
2025-07-05T12:00:00,jupiter,of_date,96.21666666666667,22.93611111111111,96.36333130363482,23.186988962308785,-0.14666463696815413,-0.25087785119767503,0.28486750963169843
2025-07-05T18:00:00,jupiter,j2000,96.27916666666667,22.933888888888887,96.03672661834224,23.19796218057537,0.24244004832442556,-0.26407329168648275,0.34567249025238483
2025-07-05T18:00:00,jupiter,of_date,96.27916666666667,22.933888888888887,96.42499154488775,23.184862337543763,-0.14582487822107737,-0.25097344865487514,0.28458763930426667
2025-07-06T00:00:00,jupiter,j2000,96.34583333333335,22.93166666666667,96.09836725769043,23.195967681244046,0.247466075642933,-0.2643010145773772,0.34884915631891555
2025-07-06T00:00:00,jupiter,of_date,96.34583333333335,22.93166666666667,96.48663374800964,23.18271216391715,-0.1408004146762778,-0.2510454972504803,0.28250247074634927
2025-07-06T06:00:00,jupiter,j2000,96.40833333333333,22.929444444444446,96.15998887932483,23.193949626976995,0.24834445400850313,-0.26450518253254884,0.3495339944265876
2025-07-06T06:00:00,jupiter,of_date,96.40833333333333,22.929444444444446,96.54825760247218,23.18053851347081,-0.13992426913884515,-0.2510940690263652,0.2821778675863485
2025-07-06T12:00:00,jupiter,j2000,96.47083333333333,22.926944444444445,96.2215911745896,23.19190805732935,0.24924215874372635,-0.26496361288490533,0.350423535709011
2025-07-06T12:00:00,jupiter,of_date,96.47083333333333,22.926944444444445,96.6098627916308,23.178341458617375,-0.13902945829747182,-0.25139701417293026,0.2820741348870846
2025-07-06T18:00:00,jupiter,j2000,96.53333333333335,22.924722222222222,96.28317383649824,23.189843012113077,0.2501594968351242,-0.2651207898908545,0.35109755624289507
2025-07-06T18:00:00,jupiter,of_date,96.53333333333335,22.924722222222222,96.67144899314621,23.176121071898404,-0.13811565981285412,-0.25139884967618187,0.2816963813960531
2025-07-07T00:00:00,jupiter,j2000,96.59583333333333,22.9225,96.34473655948494,23.187754531396003,0.25109677384838847,-0.2652545313960033,0.3517668058626899
2025-07-07T00:00:00,jupiter,of_date,96.59583333333333,22.9225,96.73301587873596,23.173877425763216,-0.13718254540262365,-0.2513774257632164,0.2812918515007526
2025-07-07T06:00:00,jupiter,j2000,96.65833333333333,22.92,96.4062790398383,23.185642655477547,0.2520542934950356,-0.26564265547754573,0.3526409938522053
2025-07-07T06:00:00,jupiter,of_date,96.65833333333333,22.92,96.794563114629,23.171610592317325,-0.13622978129566832,-0.2516105923173235,0.2811091835247527
2025-07-07T12:00:00,jupiter,j2000,96.72083333333333,22.9175,96.46780097498885,23.183507424903112,0.253032358344484,-0.2660074249031119,0.3535105709216522
2025-07-07T12:00:00,jupiter,of_date,96.72083333333333,22.9175,96.85609036089613,23.169320643104744,-0.1352570275628011,-0.25182064310474317,0.2809004300750621
2025-07-07T18:00:00,jupiter,j2000,96.78333333333335,22.915277777777778,96.529302063935,23.181348880439817,0.25403126939835374,-0.26607110266203904,0.3541669690128656
2025-07-07T18:00:00,jupiter,of_date,96.78333333333335,22.915277777777778,96.9175972719433,23.16700764883797,-0.13426393860993358,-0.25172987106019207,0.28041613572664176
2025-07-08T00:00:00,jupiter,j2000,96.84583333333333,22.912777777777777,96.59078200697894,23.1791670630755,0.25505132635439054,-0.26638928529772343,0.35502855060269556
2025-07-08T00:00:00,jupiter,of_date,96.84583333333333,22.912777777777777,96.97908349634895,23.164671679140014,-0.13325016301561732,-0.2518939013622372,0.2801547860699304
2025-07-08T06:00:00,jupiter,j2000,96.90833333333333,22.910277777777775,96.65224050613955,23.17696201399398,0.25609282719378257,-0.26668423621620363,0.35588651927245946
2025-07-08T06:00:00,jupiter,of_date,96.90833333333333,22.910277777777775,97.04054867742212,23.16231280224523,-0.13221534408879165,-0.2520350244674532,0.27986732486352145
2025-07-08T12:00:00,jupiter,j2000,96.97083333333333,22.907777777777778,96.71367726441684,23.17473377459104,0.2571560689164869,-0.26695599681326243,0.35674121670182996
2025-07-08T12:00:00,jupiter,of_date,96.97083333333333,22.907777777777778,97.10199245266796,23.159931084727386,-0.13115911933462598,-0.2521533069496087,0.2795537499881817
2025-07-08T18:00:00,jupiter,j2000,97.03333333333335,22.905277777777776,96.7750919861897,23.172482386450472,0.25824134714366664,-0.2672046086726958,0.35759299152613205
2025-07-08T18:00:00,jupiter,of_date,97.03333333333335,22.905277777777776,97.16341445445971,23.15752659116826,-0.13008112112635217,-0.25224881339048366,0.2792140626728332
2025-07-09T00:00:00,jupiter,j2000,97.09583333333333,22.902777777777775,96.83648437692136,23.17020789134505,0.2593489564119693,-0.26743011356727564,0.3584421995834637
2025-07-09T00:00:00,jupiter,of_date,97.09583333333333,22.902777777777775,97.22481431010681,23.155099383838174,-0.12898097677347664,-0.25232160606039855,0.2788482675001512
2025-07-09T06:00:00,jupiter,j2000,97.15833333333333,22.9,96.8978541435381,23.167910331213147,0.2604791897952339,-0.2679103312131481,0.3594963308974365
2025-07-09T06:00:00,jupiter,of_date,97.15833333333333,22.9,97.28619164270071,23.152649522339352,-0.12785830936738307,-0.2526495223393539,0.27870820522697304
2025-07-09T12:00:00,jupiter,j2000,97.22083333333333,22.8975,96.95920099365787,23.165589748178412,0.26163233967545807,-0.26808974817841147,0.36034115542804396
2025-07-09T12:00:00,jupiter,of_date,97.22083333333333,22.8975,97.34754607093117,23.15017706328947,-0.12671273759784185,-0.25267706328946815,0.2782906275858752
2025-07-09T18:00:00,jupiter,j2000,97.28333333333335,22.895,97.0205246359481,23.1632461845284,0.26280869738525325,-0.268246184528401,0.36118450898341065
2025-07-09T18:00:00,jupiter,of_date,97.28333333333335,22.895,97.4088772101627,23.147682059963508,-0.1255438768293402,-0.252682059963508,0.2778469805520349
2025-07-10T00:00:00,jupiter,j2000,97.34583333333333,22.892222222222223,97.08182477979074,23.160879682719735,0.26400855354259534,-0.2686574604975114,0.3622329160263829
2025-07-10T00:00:00,jupiter,of_date,97.34583333333333,22.892222222222223,97.47018467295959,23.145164561974738,-0.12435133962625855,-0.252942339752515,0.2776303859956763
2025-07-10T06:00:00,jupiter,j2000,97.40416666666667,22.889444444444443,97.14310113561635,23.158490285358475,0.2610655310503205,-0.26904584091403194,0.36071438684870055
2025-07-10T06:00:00,jupiter,of_date,97.40416666666667,22.889444444444443,97.5314680704218,23.142624614950847,-0.12730140375512633,-0.25318017050640407,0.2789774510431702
2025-07-10T12:00:00,jupiter,j2000,97.46666666666667,22.886944444444445,97.2043534140928,23.156078035225857,0.2623132525738754,-0.2691335907814114,0.3615485460248421
2025-07-10T12:00:00,jupiter,of_date,97.46666666666667,22.886944444444445,97.59272701251695,23.14006226029172,-0.12606034585027714,-0.25311781584727555,0.27844386531165666
2025-07-10T18:00:00,jupiter,j2000,97.52916666666667,22.884166666666665,97.26558132643436,23.153642975261906,0.2635853402323107,-0.26947630859524097,0.3625891453664256
2025-07-10T18:00:00,jupiter,of_date,97.52916666666667,22.884166666666665,97.6539611096639,23.137477534927157,-0.12479444299722786,-0.2533108682604919,0.2781371179774729
2025-07-11T00:00:00,jupiter,j2000,97.59166666666667,22.88138888888889,97.32678458402415,23.15118514857716,0.2648820826425151,-0.26979625968827037,0.3636292540415797
2025-07-11T00:00:00,jupiter,of_date,97.59166666666667,22.88138888888889,97.71516997374471,23.134870471161417,-0.12350330707803892,-0.2534815822725278,0.2778051312971031
2025-07-11T06:00:00,jupiter,j2000,97.65416666666667,22.878611111111113,97.38796283808819,23.14870459196259,0.2662038285784831,-0.2700934808514788,0.36466928464279263
2025-07-11T06:00:00,jupiter,of_date,97.65416666666667,22.878611111111113,97.77635315925198,23.13224109023181,-0.122186492585314,-0.25362997912069574,0.2774479242856174
2025-07-11T12:00:00,jupiter,j2000,97.71666666666665,22.875833333333333,97.44911585864776,23.146201355510474,0.267550808018882,-0.2703680221771414,0.3657095942945698
2025-07-11T12:00:00,jupiter,of_date,97.71666666666665,22.875833333333333,97.83751034382647,23.12958942146474,-0.1208436771598258,-0.25375608813140715,0.27706558070110804
2025-07-11T18:00:00,jupiter,j2000,97.77916666666667,22.873055555555556,97.51024335702158,23.1436754828628,0.26892330964508915,-0.27061992730724427,0.36675057946812073
2025-07-11T18:00:00,jupiter,of_date,97.77916666666667,22.873055555555556,97.89864115230813,23.126915483025165,-0.11947448564146157,-0.25385992746960895,0.2766581652747051
2025-07-12T00:00:00,jupiter,j2000,97.84166666666667,22.87027777777778,97.57134504398516,23.14112701786285,0.2703216226815073,-0.27084924008507016,0.3677926451348668
2025-07-12T00:00:00,jupiter,of_date,97.84166666666667,22.87027777777778,97.95974521649185,23.124219288577727,-0.11807854982518506,-0.2539415107999474,0.27622575274217986
2025-07-12T06:00:00,jupiter,j2000,97.90416666666667,22.86722222222222,97.63242063002917,23.138556004548953,0.2717460366374951,-0.27133378232673167,0.3690405642829259
2025-07-12T06:00:00,jupiter,of_date,97.90416666666667,22.86722222222222,98.02082217693004,23.12150084752707,-0.11665551026337084,-0.254278625304849,0.2760243446534503
2025-07-12T12:00:00,jupiter,j2000,97.96666666666665,22.864444444444445,97.69346982447206,23.135962487197915,0.2731968421945794,-0.27151804275347047,0.37008560273981933
2025-07-12T12:00:00,jupiter,of_date,97.96666666666665,22.864444444444445,98.08187168351236,23.11876016540436,-0.11520501684572082,-0.25431572095991584,0.27554269173256596
2025-07-12T18:00:00,jupiter,j2000,98.02916666666667,22.861666666666668,97.75449233570271,23.133346510323335,0.2746743309639612,-0.271679843656667,0.37113297287789604
2025-07-12T18:00:00,jupiter,of_date,98.02916666666667,22.861666666666668,98.14289339706073,23.115997244297485,-0.11372673039406322,-0.25433057763081734,0.2750363389066795
2025-07-13T00:00:00,jupiter,j2000,98.0875,22.858611111111113,97.81548787074325,23.130708118704227,0.2720121292567512,-0.27209700759311417,0.369778225473925
2025-07-13T00:00:00,jupiter,of_date,98.0875,22.858611111111113,98.20388699009362,23.11321208339908,-0.1163869900936163,-0.2546009722879674,0.27622795635908454
2025-07-13T06:00:00,jupiter,j2000,98.14999999999999,22.855555555555558,97.87645613548574,23.128047357386706,0.27354386451423807,-0.27249180183114774,0.3710279536988095
2025-07-13T06:00:00,jupiter,of_date,98.14999999999999,22.855555555555558,98.26485214808184,23.110404679604535,-0.11485214808186583,-0.2548491240489774,0.2759130256495182
2025-07-13T12:00:00,jupiter,j2000,98.2125,22.852777777777778,97.93739683379147,23.125364271736764,0.27510316620853814,-0.27258649395898615,0.3720765128396916
2025-07-13T12:00:00,jupiter,of_date,98.2125,22.852777777777778,98.32578856935737,23.107575028232304,-0.11328856935736553,-0.2547972504545264,0.27531741822821776
2025-07-13T18:00:00,jupiter,j2000,98.275,22.849722222222223,97.9983096677314,23.122658907445647,0.2766903322686005,-0.2729366852234243,0.3733322033420441
2025-07-13T18:00:00,jupiter,of_date,98.275,22.849722222222223,98.38669596593019,23.104723123751175,-0.11169596593018127,-0.25500090152895183,0.2749550293533211
2025-07-14T00:00:00,jupiter,j2000,98.33749999999999,22.846666666666664,98.05919433714394,23.11993131056676,0.27830566285604164,-0.2732646439000952,0.3745913246576091
2025-07-14T00:00:00,jupiter,of_date,98.33749999999999,22.846666666666664,98.447574063373,23.101848960584856,-0.11007406337301973,-0.25518229391819247,0.2745694535045966
2025-07-14T06:00:00,jupiter,j2000,98.39999999999999,22.84361111111111,98.12005053987394,23.117181527523975,0.2799494601260335,-0.2735704164128663,0.37585431988107687
2025-07-14T06:00:00,jupiter,of_date,98.39999999999999,22.84361111111111,98.50842260112637,23.09895253391691,-0.10842260112639224,-0.2553414228058024,0.27416089707445795
2025-07-14T12:00:00,jupiter,j2000,98.4625,22.840555555555554,98.18087797088714,23.11440960517215,0.28162202911286727,-0.2738540496165953,0.37712164226505557
2025-07-14T12:00:00,jupiter,of_date,98.4625,22.840555555555554,98.56924133141217,23.09603384056741,-0.10674133141216657,-0.25547828501185776,0.27372958650125634
2025-07-14T18:00:00,jupiter,j2000,98.52083333333333,22.8375,98.2416763225217,23.111615590808263,0.27915701081161615,-0.27411559080826464,0.3757595415082794
2025-07-14T18:00:00,jupiter,of_date,98.52083333333333,22.8375,98.63003001901603,23.0930928798197,-0.10919668568271845,-0.2555928798197016,0.27465681915421036
2025-07-15T00:00:00,jupiter,j2000,98.58333333333333,22.834444444444443,98.30244528406621,23.108799532214547,0.2808880492671051,-0.274355087770104,0.3770295123526319
2025-07-15T00:00:00,jupiter,of_date,98.58333333333333,22.834444444444443,98.69078844013268,23.090129654269628,-0.10745510679936388,-0.2556852098251845,0.2741607846786974
2025-07-15T06:00:00,jupiter,j2000,98.64583333333333,22.83111111111111,98.36318454202461,23.105961477671322,0.28264879130870213,-0.2748503665602122,0.3785068836542624
2025-07-15T06:00:00,jupiter,of_date,98.64583333333333,22.83111111111111,98.75151638164209,23.087144170618313,-0.1056830483087765,-0.2560330595072031,0.2739021191168937
2025-07-15T12:00:00,jupiter,j2000,98.70833333333334,22.828055555555554,98.42389377926037,23.103101476023085,0.28443955407297494,-0.2750459204675302,0.3797879333421479
2025-07-15T12:00:00,jupiter,of_date,98.70833333333334,22.828055555555554,98.81221363902023,23.08413644048351,-0.10388030568688578,-0.2560808849279539,0.27336233959505085
2025-07-15T18:00:00,jupiter,j2000,98.77083333333333,22.82472222222222,98.48457267528312,23.10021957669306,0.28626065805019607,-0.2754973544708399,0.38127638213017434
2025-07-15T18:00:00,jupiter,of_date,98.77083333333333,22.82472222222222,98.87288001516248,23.081106481107444,-0.10204668182916521,-0.2563842588852232,0.27306171495142073
2025-07-16T00:00:00,jupiter,j2000,98.82916666666667,22.821666666666665,98.54522090586238,23.097315829730057,0.28394576080427214,-0.2756491630633917,0.3799201156551562
2025-07-16T00:00:00,jupiter,of_date,98.82916666666667,22.821666666666665,98.93351531832127,23.078054316038166,-0.10434865165461815,-0.2563876493715007,0.2738023275990304
2025-07-16T06:00:00,jupiter,j2000,98.89166666666665,22.81833333333333,98.60583814333938,23.094390285823142,0.28582852332726816,-0.2760569524898102,0.38141446351173697
2025-07-16T06:00:00,jupiter,of_date,98.89166666666665,22.81833333333333,98.99411936054867,23.074979975705684,-0.1024526938820145,-0.2566466423723526,0.27343835896977925
2025-07-16T12:00:00,jupiter,j2000,98.95416666666667,22.815,98.6664240558149,23.091442996370947,0.2877426108517511,-0.27644299637094605,0.3829156460787748
2025-07-16T12:00:00,jupiter,of_date,98.95416666666667,22.815,99.05469195484443,23.07188349797425,-0.10052528817777784,-0.2568834979742505,0.2730546134633939
2025-07-16T18:00:00,jupiter,j2000,99.01666666666667,22.811944444444446,98.72697830748433,23.088474013496917,0.28968835918232116,-0.27652956905247095,0.3842240139767224
2025-07-16T18:00:00,jupiter,of_date,99.01666666666667,22.811944444444446,99.11523291330371,23.068764928547086,-0.0985662466370627,-0.25682048410264,0.2723895534991832
2025-07-17T00:00:00,jupiter,j2000,99.07499999999999,22.808611111111112,98.78750055831,23.085483390096975,0.2874994416899881,-0.27687227898586286,0.38307924694928946
2025-07-17T00:00:00,jupiter,of_date,99.07499999999999,22.808611111111112,99.17574204448351,23.065624321305076,-0.10074204448352475,-0.25701321019396417,0.27324582553823745
2025-07-17T06:00:00,jupiter,j2000,99.13749999999999,22.80527777777778,98.84799046438343,23.08247117985372,0.2895095356165598,-0.277193402075941,0.3845965415761013
2025-07-17T06:00:00,jupiter,of_date,99.13749999999999,22.80527777777778,99.23621915136943,23.062461738502247,-0.09871915136943699,-0.25718396072446836,0.272780629966057
2025-07-17T12:00:00,jupiter,j2000,99.2,22.801944444444445,98.90844767717851,23.079437437305856,0.2915523228214738,-0.2774929928614114,0.3861226083938643
2025-07-17T12:00:00,jupiter,of_date,99.2,22.801944444444445,99.2966640281773,23.059277250903126,-0.09666402817731523,-0.25733280645868106,0.27229702793534905
2025-07-17T18:00:00,jupiter,j2000,99.2625,22.798611111111114,98.96887184394848,23.076382217861262,0.29362815605151127,-0.2777711067501478,0.3876580032627941
2025-07-17T18:00:00,jupiter,of_date,99.2625,22.798611111111114,99.35707645828063,23.056070937737875,-0.09457645828064187,-0.2574598266267607,0.2717955166011992
2025-07-18T00:00:00,jupiter,j2000,99.32083333333334,22.795,99.02926260735137,23.073305577848583,0.29157072598195555,-0.278305577848581,0.3867277667702428
2025-07-18T00:00:00,jupiter,of_date,99.32083333333334,22.795,99.41745621138745,23.052842886569547,-0.09662287805412006,-0.257842886569545,0.2727681946219508
2025-07-18T06:00:00,jupiter,j2000,99.38333333333334,22.791666666666668,99.08961960633661,23.07020757450449,0.29371372699671383,-0.27854090783782226,0.38827398847852623
2025-07-18T06:00:00,jupiter,of_date,99.38333333333334,22.791666666666668,99.47780304204457,23.049593192961428,-0.0944697087112445,-0.2579265262947601,0.2722075779405899
2025-07-18T12:00:00,jupiter,j2000,99.44583333333334,22.788333333333334,99.14994247479257,23.067088266074823,0.2958908585407585,-0.27875493274148866,0.389831094101983
2025-07-18T12:00:00,jupiter,of_date,99.44583333333334,22.788333333333334,99.53811668601696,23.046321960129024,-0.09228335268363708,-0.2579886267956901,0.2716302245994219
2025-07-18T18:00:00,jupiter,j2000,99.50416666666666,22.784722222222225,99.21023084247639,23.063947711798942,0.293935824190271,-0.2792254895767172,0.3889169214719273
2025-07-18T18:00:00,jupiter,of_date,99.50416666666666,22.784722222222225,99.59839685911186,23.043029298335878,-0.09423019244519537,-0.25830707611365256,0.27249922481444716
2025-07-19T00:00:00,jupiter,j2000,99.56666666666666,22.781388888888888,99.27048433471879,23.060785971955916,0.29618233194787535,-0.27939708306702826,0.39048733278313724
2025-07-19T00:00:00,jupiter,of_date,99.56666666666666,22.781388888888888,99.65864325499194,23.03971532422344,-0.09197658832528077,-0.2583264353345527,0.2718642286686664
2025-07-19T06:00:00,jupiter,j2000,99.62916666666665,22.77777777777778,99.33070257294241,23.057603107867397,0.29846409372424887,-0.2798253300896185,0.3922686071238962
2025-07-19T06:00:00,jupiter,of_date,99.62916666666665,22.77777777777778,99.71885554406867,23.036380159971866,-0.08968887740201126,-0.2586023821940877,0.27147843359541673
2025-07-19T12:00:00,jupiter,j2000,99.6875,22.774166666666666,99.39088517408015,23.054399181957002,0.2966148259198462,-0.28023251529033644,0.3913730646185073
2025-07-19T12:00:00,jupiter,of_date,99.6875,22.774166666666666,99.77903337160922,23.03302393240647,-0.09153337160921637,-0.2588572657398025,0.2722433044267313
2025-07-19T18:00:00,jupiter,j2000,99.74999999999999,22.770833333333332,99.45103175114025,23.051174257748247,0.29896824885975093,-0.2803409244149151,0.3929713526305216
2025-07-19T18:00:00,jupiter,of_date,99.74999999999999,22.770833333333332,99.83917635735202,23.029646771940705,-0.08917635735201657,-0.2588134386073726,0.27153755071324326
2025-07-20T00:00:00,jupiter,j2000,99.8125,22.76722222222222,99.51114191311927,23.047928399895042,0.3013580868807253,-0.2807061776728226,0.394781647738238
2025-07-20T00:00:00,jupiter,of_date,99.8125,22.76722222222222,99.89928409487004,23.02624881147202,-0.08678409487004046,-0.2590265892497996,0.2710832831992239
2025-07-20T06:00:00,jupiter,j2000,99.87083333333334,22.76361111111111,99.57121526561605,23.044661674172517,0.29961806771729016,-0.28105056306140597,0.3939068473548195
2025-07-20T06:00:00,jupiter,of_date,99.87083333333334,22.76361111111111,99.9593561520694,23.022830185176737,-0.08852281873606671,-0.2592190740656264,0.27174420670634164
2025-07-20T12:00:00,jupiter,j2000,99.93333333333334,22.76,99.63125141034914,23.041374147524923,0.30208192298420045,-0.2813741475249216,0.3957353637453979
2025-07-20T12:00:00,jupiter,of_date,99.93333333333334,22.76,100.0193920710459,23.01939102733023,-0.08605873771256256,-0.2593910273302278,0.2712366784736654
2025-07-20T18:00:00,jupiter,j2000,99.99166666666667,22.75638888888889,99.6912499458142,23.038065888049513,0.30041672085246773,-0.2816769991606236,0.3948791581404382
2025-07-20T18:00:00,jupiter,of_date,99.99166666666667,22.75638888888889,100.07939136954877,23.015931471053335,-0.08772470288209888,-0.25954258216444615,0.27183457981507575
2025-07-21T00:00:00,jupiter,j2000,100.05416666666666,22.752777777777776,99.75121046729868,23.03473696501239,0.30295619936799767,-0.28195918723461233,0.396727710073413
2025-07-21T00:00:00,jupiter,of_date,100.05416666666666,22.752777777777776,100.13935354226629,23.01245164711514,-0.0851868755996179,-0.25967386933736236,0.27127491084751354
2025-06-21T00:00:00,uranus,j2000,56.85416666666667,19.858333333333334,56.68010995767821,19.69680724564826,0.17405670898847347,0.16152608768507548,0.2300384942332673
2025-06-21T00:00:00,uranus,of_date,56.85416666666667,19.858333333333334,57.049120953560816,19.776404414143617,-0.19495428689413075,0.08192891918971767,0.200875811544435
2025-06-21T06:00:00,uranus,j2000,56.87083333333333,19.86138888888889,56.693539806802335,19.69965158112258,0.1772935265310025,0.1617373077663089,0.23236179610781757
2025-06-21T06:00:00,uranus,of_date,56.87083333333333,19.86138888888889,57.0625752835806,19.779219983272593,-0.1917419502472626,0.08216890561629597,0.1982166678173672
2025-06-21T12:00:00,uranus,j2000,56.88333333333333,19.86416666666667,56.70694638940313,19.70248973783276,0.17638694393019705,0.16167692883390927,0.23170582080978952
2025-06-21T12:00:00,uranus,of_date,56.88333333333333,19.86416666666667,57.07600758662028,19.782029471468572,-0.19267425328695253,0.08213719519809715,0.1989991720082899
2025-06-21T18:00:00,uranus,j2000,56.895833333333336,19.866944444444446,56.72032952058021,19.705321681428615,0.17550381275313498,0.16162276301583134,0.23107131016993754
2025-06-21T18:00:00,uranus,of_date,56.895833333333336,19.866944444444446,57.08941787648979,19.784832824320528,-0.19358454315644735,0.08211162012391782,0.1997660568295725
2025-06-22T00:00:00,uranus,j2000,56.90833333333333,19.869722222222222,56.73368901481831,19.70814737756504,0.17464431851502127,0.16157484465718142,0.23045834489601308
2025-06-22T00:00:00,uranus,of_date,56.90833333333333,19.869722222222222,57.10280558021407,19.787630352366516,-0.1944722468807356,0.08209186985570582,0.20051661643316168
2025-06-22T06:00:00,uranus,j2000,56.920833333333334,19.8725,56.74702468617977,19.710966791951993,0.17380864715357802,0.16153320804800586,0.2298670052272951
2025-06-22T06:00:00,uranus,of_date,56.920833333333334,19.8725,57.11617094429266,19.790421815465095,-0.19533761095931368,0.0820781845349039,0.20125107879379908
2025-06-22T12:00:00,uranus,j2000,56.9375,19.875555555555557,56.7603363482566,19.713779890353106,0.177163651743399,0.1617756652024518,0.23229014860334926
2025-06-22T12:00:00,uranus,of_date,56.9375,19.875555555555557,57.12951362614001,19.79320733538636,-0.19201362614001027,0.08234822016919807,0.19850903679394957
2025-06-22T18:00:00,uranus,j2000,56.949999999999996,19.878333333333334,56.7736238143799,19.71658663863824,0.17637618562008583,0.1617466946950934,0.23173670852371434
2025-06-22T18:00:00,uranus,of_date,56.949999999999996,19.878333333333334,57.14283362132102,19.795986899720777,-0.19283362132102866,0.08234643361255678,0.19920751563943537
2025-06-23T00:00:00,uranus,j2000,56.9625,19.88111111111111,56.78688689768762,19.719387002805256,0.1756131023123828,0.16172410830585449,0.23120522145930067
2025-06-23T00:00:00,uranus,of_date,56.9625,19.88111111111111,57.156130005505474,19.798760639797386,-0.19363000550546872,0.08235047131372397,0.19988864572106638
2025-06-23T06:00:00,uranus,j2000,56.975,19.883888888888887,56.80012541134596,19.7221809490334,0.17487458865403482,0.1617079398554857,0.230695770139659
2025-06-23T06:00:00,uranus,of_date,56.975,19.883888888888887,57.169403171161775,19.8015284537068,-0.19440317116178107,0.08236043518208547,0.20055273565779536
2025-06-23T12:00:00,uranus,j2000,56.9875,19.886666666666667,56.81333916852941,19.724968443684666,0.17416083147060135,0.16169822298200032,0.23020843692656184
2025-06-23T12:00:00,uranus,of_date,56.9875,19.886666666666667,57.182652593804335,19.80429038100124,-0.19515259380432326,0.08237628566542554,0.2011992537886113
2025-06-23T18:00:00,uranus,j2000,57.00416666666666,19.889444444444443,56.82652798264951,19.727749453356626,0.177638684017154,0.16169499108781693,0.23254449116270426
2025-06-23T18:00:00,uranus,of_date,57.00416666666666,19.889444444444443,57.195878153504,19.807046419610483,-0.19171148683733463,0.08239802483396019,0.19825683669328065
2025-06-24T00:00:00,uranus,j2000,57.016666666666666,19.892222222222223,56.83969166743816,19.73052394490318,0.17697499922849147,0.16169827731904363,0.23209634093023496
2025-06-24T00:00:00,uranus,of_date,57.016666666666666,19.892222222222223,57.20907890811611,19.809796534867957,-0.19241224144946045,0.08242568735426659,0.19886512378250165
2025-06-24T06:00:00,uranus,j2000,57.02916666666666,19.895,56.852830037176034,19.73329188548476,0.17633662949063478,0.16170811451523903,0.23167066726771
2025-06-24T06:00:00,uranus,of_date,57.02916666666666,19.895,57.2222551092554,19.81254071520485,-0.19308844258873137,0.0824592847951493,0.19945512375925328
2025-06-24T12:00:00,uranus,j2000,57.041666666666664,19.897777777777776,56.865942906675,19.73605324256521,0.17572375999165502,0.16172453521256713,0.2312675548860408
2025-06-24T12:00:00,uranus,of_date,57.041666666666664,19.897777777777776,57.235406193610515,19.815278916158707,-0.1937395269438582,0.08249886161906872,0.20002631888296732
2025-06-24T18:00:00,uranus,j2000,57.05416666666667,19.900277777777777,56.8790300914992,19.73880798395766,0.17513657516747116,0.1614697938201175,0.2306926794041735
2025-06-24T18:00:00,uranus,of_date,57.05416666666667,19.900277777777777,57.24853188993245,19.81801110468273,-0.19436522326577688,0.08226667309504876,0.20046443167592654
2025-06-25T00:00:00,uranus,j2000,57.06666666666666,19.903055555555554,56.89209140803507,19.74155607783718,0.17457525863159162,0.16149947771837248,0.23033460347346066
2025-06-25T00:00:00,uranus,of_date,57.06666666666666,19.903055555555554,57.26163153894015,19.820737173967384,-0.1949648722734878,0.08231838158816984,0.2009971428849947
2025-06-25T06:00:00,uranus,j2000,57.08333333333333,19.90583333333333,56.90512667369802,19.744297492780923,0.17820665963529336,0.161535840552407,0.23280587722314733
2025-06-25T06:00:00,uranus,of_date,57.08333333333333,19.90583333333333,57.274705063630506,19.823457104526103,-0.1913717302971918,0.08237622880722739,0.19794022698025207
2025-06-25T12:00:00,uranus,j2000,57.09583333333333,19.90861111111111,56.91813570688788,19.747032197754038,0.1776976264454504,0.1615789133570722,0.23248913079893357
2025-06-25T12:00:00,uranus,of_date,57.09583333333333,19.90861111111111,57.287752007139204,19.8261708049355,-0.19191867380587269,0.08244030617560938,0.19843184911941833
2025-06-25T18:00:00,uranus,j2000,57.10833333333333,19.911388888888887,56.93111832717619,19.749760162143364,0.1772150061571267,0.16162872674552275,0.23219550455416527
2025-06-25T18:00:00,uranus,of_date,57.10833333333333,19.911388888888887,57.30077199085929,19.82887818458776,-0.1924386575259689,0.08251070430112506,0.19890312876514474
2025-06-26T00:00:00,uranus,j2000,57.12083333333333,19.914166666666667,56.94407435533668,19.75248135575703,0.17675897799665563,0.16168531090963612,0.23192508466875963
2025-06-26T00:00:00,uranus,of_date,57.12083333333333,19.914166666666667,57.3137647649408,19.831579182037476,-0.1929314316074624,0.0825874846291903,0.19935384422510175
2025-06-26T06:00:00,uranus,j2000,57.13333333333333,19.916666666666668,56.95700361350862,19.75519574885099,0.17632971982470735,0.16147091781567724,0.2314842126991835
2025-06-26T06:00:00,uranus,of_date,57.13333333333333,19.916666666666668,57.32672992375643,19.83427368038942,-0.19339659042310586,0.08239298627724878,0.19966902807657305
2025-06-26T12:00:00,uranus,j2000,57.145833333333336,19.919444444444444,56.96990592510639,19.757903312101668,0.17592740822695419,0.16154113234277645,0.23126019066025655
2025-06-26T12:00:00,uranus,of_date,57.145833333333336,19.919444444444444,57.339667195667175,19.836961594815076,-0.19383386233383249,0.08248284962936836,0.2000778465133423
2025-06-26T18:00:00,uranus,j2000,57.15833333333333,19.922222222222224,56.982781114958584,19.76060401662603,0.17555221837474733,0.161618205596195,0.23105964305938875
2025-06-26T18:00:00,uranus,of_date,57.15833333333333,19.922222222222224,57.35257619138963,19.839642779248226,-0.19424285805629893,0.08257944297399789,0.2004652340842245
2025-06-27T00:00:00,uranus,j2000,57.170833333333334,19.925,56.99562900928839,19.763297833968085,0.17520432404495523,0.16170216603191534,0.23088265557738646
2025-06-27T00:00:00,uranus,of_date,57.170833333333334,19.925,57.36545698260733,19.842317295185712,-0.19462364927397857,0.08268270481428885,0.2008312102888045
2025-06-27T06:00:00,uranus,j2000,57.1875,19.927500000000002,57.00844943582911,19.765984736113264,0.17905056417089327,0.16151526388673787,0.23334737746987996
2025-06-27T06:00:00,uranus,of_date,57.1875,19.927500000000002,57.37830900519657,19.844984895444075,-0.19080900519657007,0.08251510455592737,0.19749487703102805
2025-06-27T12:00:00,uranus,j2000,57.199999999999996,19.93027777777778,57.02124222368519,19.768664695449427,0.1787577763147965,0.16161308232835125,0.23321438166237013
2025-06-27T12:00:00,uranus,of_date,57.199999999999996,19.93027777777778,57.39113215653737,19.847645542897435,-0.19113215653737825,0.08263223488034299,0.19781709963554409
2025-06-27T18:00:00,uranus,j2000,57.2125,19.93277777777778,57.034007203426256,19.771337684776704,0.1784927965737495,0.16144009300107598,0.23291284755929187
2025-06-27T18:00:00,uranus,of_date,57.2125,19.93277777777778,57.40392613572567,19.85029906370185,-0.19142613572566347,0.0824787140759291,0.19800164293221806
2025-06-28T00:00:00,uranus,j2000,57.225,19.935555555555556,57.04674420702639,19.77400367728501,0.1782557929736015,0.16155187827054718,0.23282769581971885
2025-06-28T00:00:00,uranus,of_date,57.225,19.935555555555556,57.416691105469795,19.852945645070232,-0.1916911054698005,0.08260991048532418,0.1982800022186661
2025-06-28T06:00:00,uranus,j2000,57.2375,19.938333333333333,57.059453067937454,19.77666264655994,0.17804693206255706,0.16167068677339103,0.2327667141655108
2025-06-28T06:00:00,uranus,of_date,57.2375,19.938333333333333,57.4294265844361,19.855584945610754,-0.19192658443608934,0.08274838772257809,0.19853618538222872
2025-06-28T12:00:00,uranus,j2000,57.25,19.940833333333334,57.072133620919885,19.779314566538172,0.1778663790801147,0.16151876679516164,0.23253707018501443
2025-06-28T12:00:00,uranus,of_date,57.25,19.940833333333334,57.44213255179926,19.85821698612297,-0.19213255179926136,0.08261634721036515,0.1986546384941954
2025-06-28T18:00:00,uranus,j2000,57.262499999999996,19.94361111111111,57.08478570210326,19.781959411511437,0.17771429789672766,0.1616516995996733,0.23252453185822422
2025-06-28T18:00:00,uranus,of_date,57.262499999999996,19.94361111111111,57.45480885580599,19.860841603581854,-0.19230885580600443,0.08276950752925671,0.19886630183200416
2025-06-29T00:00:00,uranus,j2000,57.27499999999999,19.94611111111111,57.09740914890119,19.784597156100464,0.1775908510987847,0.1615139550106477,0.2323433710937805
2025-06-29T00:00:00,uranus,of_date,57.27499999999999,19.94611111111111,57.46745550455819,19.86345904607264,-0.19245550455821103,0.08265206503847011,0.19894020711208246
2025-06-29T06:00:00,uranus,j2000,57.287499999999994,19.948888888888888,57.110003800063,19.78722777525809,0.1774961999369964,0.1616611136307995,0.23237969171099856
2025-06-29T06:00:00,uranus,of_date,57.287499999999994,19.948888888888888,57.48007229957483,19.86606896121441,-0.19257229957483446,0.08281992767447832,0.19910706420804583
2025-06-29T12:00:00,uranus,j2000,57.3,19.95138888888889,57.122569495488335,19.789851244223343,0.1774305045116762,0.16153764466554676,0.23224748098487555
2025-06-29T12:00:00,uranus,of_date,57.3,19.95138888888889,57.49265919803713,19.868671407543076,-0.19265919803711995,0.08271748134581358,0.19913613622790757
2025-06-29T18:00:00,uranus,j2000,57.3125,19.953888888888887,57.135106076275406,19.792467538524917,0.17739392372459406,0.16142135036396965,0.232139948469674
2025-06-29T18:00:00,uranus,of_date,57.3125,19.953888888888887,57.505216206799446,19.87126626742453,-0.1927162067994459,0.08262262146435617,0.19914286595459446
2025-06-30T00:00:00,uranus,j2000,57.324999999999996,19.956666666666667,57.147613384626595,19.795076633955464,0.1773866153733934,0.16159003271120298,0.23225030219838624
2025-06-30T00:00:00,uranus,of_date,57.324999999999996,19.956666666666667,57.51774302632606,19.873853753158343,-0.19274302632607032,0.08281291350832376,0.19924203044656305
2025-06-30T06:00:00,uranus,j2000,57.3375,19.959166666666665,57.16009126389571,19.79767850657592,0.1774087361042973,0.16148816009074451,0.23219245273388558
2025-06-30T06:00:00,uranus,of_date,57.3375,19.959166666666665,57.53023983031966,19.876433596002457,-0.19273983031965258,0.08273307066420799,0.19920347669787672
2025-06-30T12:00:00,uranus,j2000,57.35,19.961944444444445,57.172539558401354,19.800273132671695,0.17746044159864027,0.16167131177274996,0.2323527602621803
2025-06-30T12:00:00,uranus,of_date,57.35,19.961944444444445,57.54270648285973,19.879005856312638,-0.1927064828597338,0.08293858813180677,0.1992576244744138
2025-06-30T18:00:00,uranus,j2000,57.3625,19.964444444444442,57.184958113476,19.802860488758466,0.17754188652401126,0.16158395568597683,0.23234509073703094
2025-06-30T18:00:00,uranus,of_date,57.3625,19.964444444444442,57.55514311633169,19.88157048447761,-0.19264311633168063,0.08287395996683244,0.1991739196628445
2025-07-01T00:00:00,uranus,j2000,57.37499999999999,19.966944444444444,57.197346775375365,19.805440551559297,0.17765322462463473,0.16150389288514688,0.23236275727399336
2025-07-01T00:00:00,uranus,of_date,57.37499999999999,19.966944444444444,57.567549109485014,19.884127568258332,-0.19254910948501447,0.08281687618611144,0.19906716844976602
2025-07-01T06:00:00,uranus,j2000,57.387499999999996,19.96944444444444,57.20970557440154,19.808013337917107,0.17779442559844938,0.16143110652733483,0.23240575041306266
2025-07-01T06:00:00,uranus,of_date,57.387499999999996,19.96944444444444,57.57992515515531,19.886677038467084,-0.19242515515531977,0.0827674059773571,0.1989379892599537
2025-07-01T12:00:00,uranus,j2000,57.39999999999999,19.97222222222222,57.222034174599344,19.81057878482193,0.17796582540063355,0.16164343740028997,0.23266715854815637
2025-07-01T12:00:00,uranus,of_date,57.39999999999999,19.97222222222222,57.59227082335639,19.88921888320417,-0.19227082335640944,0.08300333901805246,0.19890163616414985
2025-07-01T18:00:00,uranus,j2000,57.412499999999994,19.97472222222222,57.234332424855495,19.81313686957093,0.17816757514449932,0.16158535265129004,0.23276139639856253
2025-07-01T18:00:00,uranus,of_date,57.412499999999994,19.97472222222222,57.60458631022817,19.89175313000472,-0.19208631022817713,0.08296909221749971,0.19872709893677643
2025-07-02T00:00:00,uranus,j2000,57.425,19.97722222222222,57.24660017483063,19.815687569625815,0.1783998251693788,0.16153465259640498,0.23288153962179695
2025-07-02T00:00:00,uranus,of_date,57.425,19.97722222222222,57.616870788512415,19.894279688107723,-0.19187078851240358,0.08294253411449759,0.19852930630355148
2025-07-02T06:00:00,uranus,j2000,57.4375,19.97972222222222,57.258837275019175,19.81823086262295,0.1786627249808248,0.16149135959927108,0.23302773883951353
2025-07-02T06:00:00,uranus,of_date,57.4375,19.97972222222222,57.62912495967089,19.896798650179694,-0.19162495967088944,0.0829235720425281,0.1983088376284645
2025-07-02T12:00:00,uranus,j2000,57.449999999999996,19.98222222222222,57.27104357658351,19.820766726337084,0.17895642341648,0.16145549588513575,0.23320014697007263
2025-07-02T12:00:00,uranus,of_date,57.449999999999996,19.98222222222222,57.64134850087828,19.899309990023895,-0.19134850087829136,0.08291223219832489,0.19806545252362015
2025-07-02T18:00:00,uranus,j2000,57.4625,19.984722222222224,57.2832189314189,19.823295138692988,0.17928106858110482,0.16142708352923663,0.23339891916412078
2025-07-02T18:00:00,uranus,of_date,57.4625,19.984722222222224,57.65354159074445,19.901813807998543,-0.19104159074444738,0.08290841422368089,0.19779929133333485
2025-07-03T00:00:00,uranus,j2000,57.475,19.987222222222222,57.29536319208455,19.825816077749582,0.17963680791544334,0.16140614447263957,0.23362421285422622
2025-07-03T00:00:00,uranus,of_date,57.475,19.987222222222222,57.66570340498225,19.904309827370202,-0.19070340498225846,0.08291239485201984,0.19750980243927146
2025-07-03T06:00:00,uranus,j2000,57.4875,19.989722222222223,57.3074762118726,19.828329521712735,0.18002378812741426,0.16139270050948795,0.2338761876887304
2025-07-03T06:00:00,uranus,of_date,57.4875,19.989722222222223,57.67783461361273,19.906798340543574,-0.19033461361271975,0.08292388167864928,0.1971974765233801
2025-07-03T12:00:00,uranus,j2000,57.49999999999999,19.9925,57.31955784465288,19.83083544890161,0.18044215534712293,0.16166455109839006,0.23434643693991164
2025-07-03T12:00:00,uranus,of_date,57.49999999999999,19.9925,57.689934883100136,19.909279262399924,-0.18993488310013618,0.08322073760007598,0.19697916548774982
2025-07-03T18:00:00,uranus,j2000,57.5125,19.994722222222222,57.33160794494569,19.83333383776245,0.18089205505430073,0.161388384459773,0.23446083091802325
2025-07-03T18:00:00,uranus,of_date,57.5125,19.994722222222222,57.70200428106273,19.911752747500707,-0.18950428106273876,0.08296947472151572,0.1965037550853519
2025-07-04T00:00:00,uranus,j2000,57.520833333333336,19.997222222222224,57.343626367861134,19.835824666854634,0.17720696547220882,0.16139755536758926,0.2319642996368245
2025-07-04T00:00:00,uranus,of_date,57.520833333333336,19.997222222222224,57.714042245181986,19.914218374328595,-0.19320891184864308,0.0830038478936288,0.1996774753582689
2025-07-04T06:00:00,uranus,j2000,57.53333333333333,19.999722222222225,57.35561296917439,19.83830791486489,0.17772036415894377,0.1614143073573331,0.2323209805050971
2025-07-04T06:00:00,uranus,of_date,57.53333333333333,19.999722222222225,57.72604914505234,19.916676586889114,-0.19271581171901175,0.08304563533311082,0.19927084274248216
2025-07-04T12:00:00,uranus,j2000,57.545833333333334,20.002222222222223,57.367567605177726,19.84078356057536,0.17826572815562258,0.16143866164686216,0.23270501589102974
2025-07-04T12:00:00,uranus,of_date,57.545833333333334,20.002222222222223,57.73802471975836,19.919127252669824,-0.19219138642500866,0.08309496955239837,0.19884090156664644
2025-07-04T18:00:00,uranus,j2000,57.55833333333334,20.004722222222224,57.37949013275829,19.84325158287811,0.1788432005750451,0.1614706393441132,0.233116580862755
2025-07-04T18:00:00,uranus,of_date,57.55833333333334,20.004722222222224,57.74996883210895,19.92157054716567,-0.1916354987756108,0.08315167505655552,0.1983875370272271
2025-07-05T00:00:00,uranus,j2000,57.57083333333333,20.00722222222222,57.39138040934142,19.845711960762127,0.17945292399190294,0.16151026146009428,0.23355585278293375
2025-07-05T00:00:00,uranus,of_date,57.57083333333333,20.00722222222222,57.761881445406345,19.924005990318154,-0.19104811207301964,0.08321623190406768,0.19791100184422664
2025-07-05T06:00:00,uranus,j2000,57.583333333333336,20.009722222222223,57.40323829296892,19.848164673327716,0.1800950403644208,0.1615575488945069,0.2340230111727016
2025-07-05T06:00:00,uranus,of_date,57.583333333333336,20.009722222222223,57.77376235693703,19.92643408460824,-0.1904290236036843,0.08328813761398379,0.19741100164098738
2025-07-05T12:00:00,uranus,j2000,57.59583333333334,20.01222222222222,57.41506364215434,19.85060969975506,0.18076969117899466,0.16161252246715918,0.2345182377801638
2025-07-05T12:00:00,uranus,of_date,57.59583333333334,20.01222222222222,57.785611464141596,19.92885467650865,-0.18977813080826422,0.08336754571357119,0.19688760995068816
2025-07-05T18:00:00,uranus,j2000,57.60416666666667,20.014444444444443,57.426856315960435,19.853047019318417,0.17731035070625012,0.16139742512602595,0.23202098486283904
2025-07-05T18:00:00,uranus,of_date,57.60416666666667,20.014444444444443,57.79742834772344,19.93126791701294,-0.1932616810567538,0.08317652743150461,0.1997764718097349
2025-07-06T00:00:00,uranus,j2000,57.61666666666667,20.016944444444444,57.438616173944524,19.85547661137287,0.17805049272215,0.1614678330715762,0.23256835701803877
2025-07-06T00:00:00,uranus,of_date,57.61666666666667,20.016944444444444,57.80921371653619,19.93367338967803,-0.19254704986951765,0.0832710547664135,0.19920293862782207
2025-07-06T06:00:00,uranus,j2000,57.62916666666667,20.019444444444442,57.45034307623308,19.85789845536784,0.17882359043358065,0.16154598907660045,0.23314421935045931
2025-07-06T06:00:00,uranus,of_date,57.62916666666667,20.019444444444442,57.82096657094621,19.936071526239655,-0.19179990427954863,0.08337291820478754,0.19860545080745604
2025-07-06T12:00:00,uranus,j2000,57.64166666666667,20.021944444444443,57.46203688337732,19.860312530815126,0.1796297832893572,0.16163191362931784,0.233748764701099
2025-07-06T12:00:00,uranus,of_date,57.64166666666667,20.021944444444443,57.832687039393306,19.938462190571695,-0.19102037272662642,0.08348225387274866,0.19798429715733804
2025-07-06T18:00:00,uranus,j2000,57.65416666666667,20.024166666666666,57.47369745642675,19.86271881730182,0.18046921023992013,0.16144784936484768,0.23419071349664045
2025-07-06T18:00:00,uranus,of_date,57.65416666666667,20.024166666666666,57.84437437686654,19.940845457100554,-0.19020771019987137,0.08332120956611178,0.19722157009978833
2025-07-07T00:00:00,uranus,j2000,57.66666666666667,20.026666666666667,57.48532465687043,19.865117294475837,0.18134200979625348,0.1615493721908301,0.23485363222226738
2025-07-07T00:00:00,uranus,of_date,57.66666666666667,20.026666666666667,57.85603016499414,19.943221115537348,-0.18936349832745236,0.08344555112931928,0.19655301221778596
2025-07-07T06:00:00,uranus,j2000,57.675000000000004,20.028888888888886,57.49691834670551,19.867507942057745,0.1780816532944982,0.1613809468311409,0.23251998161402007
2025-07-07T06:00:00,uranus,of_date,57.675000000000004,20.028888888888886,57.867652479343406,19.94558937764771,-0.19265247934339413,0.08329951124117585,0.1992923958852758
2025-07-07T12:00:00,uranus,j2000,57.68750000000001,20.031388888888888,57.50847838828901,19.8698907398075,0.1790216117109935,0.16149814908138893,0.23323614588380406
2025-07-07T12:00:00,uranus,of_date,57.68750000000001,20.031388888888888,57.87924172221807,19.947950170067642,-0.19174172221806884,0.08343871882124532,0.1985710988705528
2025-07-07T18:00:00,uranus,j2000,57.7,20.03388888888889,57.52000464440283,19.87226566753536,0.17999535559715696,0.1616232213535298,0.23398187612439145
2025-07-07T18:00:00,uranus,of_date,57.7,20.03388888888889,57.89079682725634,19.950303439288604,-0.1907968272563494,0.08358544960028524,0.19782512570093336
2025-07-08T00:00:00,uranus,j2000,57.712500000000006,20.03611111111111,57.531496978187874,19.874632705085617,0.18100302181213124,0.1614784060254948,0.23456617582269626
2025-07-08T00:00:00,uranus,of_date,57.712500000000006,20.03611111111111,57.90232023867088,19.952649322252938,-0.18982023867087605,0.08346178885817324,0.19693893078863212
2025-07-08T06:00:00,uranus,j2000,57.72083333333334,20.038611111111113,57.54295525320384,19.87699183234622,0.17787808012948858,0.16161927876489202,0.23254051633646428
2025-07-08T06:00:00,uranus,of_date,57.72083333333334,20.038611111111113,57.913809119799396,19.954987663134656,-0.1929757864660644,0.08362344797645704,0.1996938869362504
2025-07-08T12:00:00,uranus,j2000,57.73333333333334,20.040833333333335,57.55437933327289,19.87934302921387,0.17895400006045747,0.1614903041194644,0.23317759800943988
2025-07-08T12:00:00,uranus,of_date,57.73333333333334,20.040833333333335,57.92526414493261,19.957318496119182,-0.1919308115992635,0.0835148372141532,0.19875455537258796
2025-07-08T18:00:00,uranus,j2000,57.74583333333334,20.043055555555558,57.56576908253464,19.881686275602636,0.1800642507986936,0.16136927995292183,0.2338461893659615
2025-07-08T18:00:00,uranus,of_date,57.74583333333334,20.043055555555558,57.93668399074875,19.95964159805971,-0.1908506574154103,0.08341395749584635,0.19778903847791496
2025-07-09T00:00:00,uranus,j2000,57.75833333333333,20.045555555555556,57.57712436537071,19.884021551425803,0.18120896796261832,0.16153400412975216,0.23473749976730582
2025-07-09T00:00:00,uranus,of_date,57.75833333333333,20.045555555555556,57.9480717813459,19.961957564748815,-0.18973844801257655,0.0835979908067408,0.1969174819568402
2025-07-09T06:00:00,uranus,j2000,57.76666666666667,20.047777777777778,57.5884450464535,19.886348836603233,0.17822162021317922,0.16142894117454532,0.2326335964716004
2025-07-09T06:00:00,uranus,of_date,57.76666666666667,20.047777777777778,57.959423957806166,19.96426575437813,-0.19275729113948614,0.08351202339964914,0.19945113728788907
2025-07-09T12:00:00,uranus,j2000,57.77916666666667,20.05,57.599730990581236,19.888668111025066,0.17943567608543276,0.1613318889749351,0.2333877217991108
2025-07-09T12:00:00,uranus,of_date,57.77916666666667,20.05,57.970741409691755,19.966566343712536,-0.19157474302508604,0.08343365628746469,0.19840727526431906
2025-07-09T18:00:00,uranus,j2000,57.79166666666667,20.052500000000002,57.61098206272169,19.890979354558212,0.18068460394499652,0.16152064544179012,0.23436551612652387
2025-07-09T18:00:00,uranus,of_date,57.79166666666667,20.052500000000002,57.98202268941128,19.96885891962117,-0.19035602274459507,0.08364108037883256,0.19745418101350218
2025-07-10T00:00:00,uranus,j2000,57.80416666666667,20.054722222222225,57.62219812792745,19.89328254702692,0.18196853873922691,0.16143967519530378,0.23518398736789098
2025-07-10T00:00:00,uranus,of_date,57.80416666666667,20.054722222222225,57.99327123084527,19.971144585456656,-0.18910456417859223,0.08357763676556829,0.19636030190526046
2025-07-10T06:00:00,uranus,j2000,57.81250000000001,20.056944444444444,57.63337905137399,19.89557766821844,0.17912094862600725,0.1613667762260036,0.2331928613285314
2025-07-10T06:00:00,uranus,of_date,57.81250000000001,20.056944444444444,58.00448314100191,19.973422159348633,-0.19198314100191283,0.08352228509581039,0.1987855506324408
2025-07-10T12:00:00,uranus,j2000,57.825,20.059444444444445,57.64452469818775,19.89786469784611,0.18047530181223692,0.16157974659833485,0.234258390847782
2025-07-10T12:00:00,uranus,of_date,57.825,20.059444444444445,58.015659410417015,19.975691975886825,-0.19065941041702672,0.08375246855761986,0.19775249090104982
2025-07-10T18:00:00,uranus,j2000,57.8375,20.061666666666667,57.655634933480144,19.900143615554818,0.18186506651986178,0.16152305111184972,0.2351650962227463
2025-07-10T18:00:00,uranus,of_date,57.8375,20.061666666666667,58.02679866347847,19.977953446502404,-0.1892986634784677,0.08371322016426319,0.19657601319859516
2025-07-11T00:00:00,uranus,j2000,57.84583333333334,20.06388888888889,57.66670962225612,19.902414400901076,0.17912371107721015,0.16147448798781383,0.23326397116699316
2025-07-11T00:00:00,uranus,of_date,57.84583333333334,20.06388888888889,58.03790411200629,19.98020813423573,-0.19207077867295652,0.08368075465315883,0.19891973965076698
2025-07-11T06:00:00,uranus,j2000,57.858333333333334,20.066111111111113,57.67774883219971,19.904677074301034,0.18058450113363733,0.1614340368100784,0.23422700180618666
2025-07-11T06:00:00,uranus,of_date,57.858333333333334,20.066111111111113,58.04897229694535,19.98245440565332,-0.1906389636120025,0.08365670545779125,0.19768761514056896
2025-07-11T12:00:00,uranus,j2000,57.87083333333334,20.06833333333333,57.688752224148004,19.906931573916903,0.18208110918533293,0.1614017594164281,0.23522415019055862
2025-07-11T12:00:00,uranus,of_date,57.87083333333334,20.06833333333333,58.06000394245825,19.984692698224965,-0.1891706091249148,0.08364063510836672,0.19642938529148224
2025-07-11T18:00:00,uranus,j2000,57.87916666666667,20.070555555555554,57.699719662561904,19.909177878990995,0.1794470041047589,0.16137767656455893,0.23341119236440425
2025-07-11T18:00:00,uranus,of_date,57.87916666666667,20.070555555555554,58.070997974744614,19.98692230727887,-0.19183130807795123,0.0836332482766835,0.1986886836744178
2025-07-12T00:00:00,uranus,j2000,57.89166666666667,20.072777777777777,57.710651011587856,19.911415968633673,0.18101565507882356,0.16136180914410403,0.23446578442343677
2025-07-12T00:00:00,uranus,of_date,57.89166666666667,20.072777777777777,58.081956777499215,19.989145090114135,-0.19029011083253522,0.08363268766364129,0.19737363578086184
2025-07-12T06:00:00,uranus,j2000,57.9,20.075,57.721546135087124,19.913645821830084,0.17845386491288195,0.16135417816991549,0.2327180768329832
2025-07-12T06:00:00,uranus,of_date,57.9,20.075,58.09287756964079,19.991359055583096,-0.1928775696407854,0.08364094441690284,0.19957934889083645
2025-07-12T12:00:00,uranus,j2000,57.9125,20.077222222222222,57.732404896463606,19.915867417406236,0.18009510353638802,0.16135480481598563,0.23383062507227678
2025-07-12T12:00:00,uranus,of_date,57.9125,20.077222222222222,58.103761030154715,19.993564775709288,-0.1912610301547204,0.08365744651293383,0.19820611502714225
2025-07-12T18:00:00,uranus,j2000,57.925000000000004,20.079444444444444,57.74322715869448,19.918080734036987,0.18177284130553062,0.161363710407457,0.23497858661102336
2025-07-12T18:00:00,uranus,of_date,57.925000000000004,20.079444444444444,58.11460659252293,19.995761532080227,-0.1896065925229209,0.08368291236421754,0.19680668729435125
2025-07-13T00:00:00,uranus,j2000,57.93333333333334,20.081666666666667,57.754012784243,19.920285750230267,0.17932054909033468,0.16138091643639996,0.23331900353637766
2025-07-13T00:00:00,uranus,of_date,57.93333333333334,20.081666666666667,58.12541528263057,19.997951201719374,-0.19208194929723277,0.08371546494729287,0.19892536411675815
2025-07-13T06:00:00,uranus,j2000,57.94583333333333,20.083888888888886,57.76476163509329,19.922482444337,0.18107169824003222,0.16140644455188635,0.2345260179154674
2025-07-13T06:00:00,uranus,of_date,57.94583333333333,20.083888888888886,58.1361857703896,20.000131769759065,-0.19035243705627636,0.08375711912982098,0.1974680303403081
2025-07-13T12:00:00,uranus,j2000,57.954166666666666,20.08611111111111,57.77547357258629,19.924670794520548,0.1786930940803586,0.16144031659056068,0.23293130776972273
2025-07-13T12:00:00,uranus,of_date,57.954166666666666,20.08611111111111,58.14691831939973,20.002303818281877,-0.19275165273307948,0.08380729282923127,0.19953021881374072
2025-07-13T18:00:00,uranus,j2000,57.96666666666667,20.08833333333333,57.78614845746114,19.926850778768777,0.1805182092055304,0.16148255456455374,0.23419799239990197
2025-07-13T18:00:00,uranus,of_date,57.96666666666667,20.08833333333333,58.15761298019993,20.00446674231629,-0.19094631353326008,0.08386659101704197,0.19801520821533414
2025-07-14T00:00:00,uranus,j2000,57.97916666666667,20.090277777777775,57.79678614977871,19.92902237488248,0.1823805168879744,0.16125540289529638,0.23531114477333204
2025-07-14T00:00:00,uranus,of_date,57.97916666666667,20.090277777777775,58.16826914791966,20.006622103049107,-0.18910248125297358,0.08365567472866786,0.1963554340041212
2025-07-14T06:00:00,uranus,j2000,57.9875,20.092499999999998,57.80738650896785,19.931185560489222,0.18011349103215935,0.1613144395107753,0.23380337203510507
2025-07-14T06:00:00,uranus,of_date,57.9875,20.092499999999998,58.17888723679653,20.008768221213952,-0.19138723679651548,0.08373177878604565,0.19832916258619981
2025-07-14T12:00:00,uranus,j2000,58.0,20.09472222222222,57.817949393678305,19.933340313018146,0.18205060632169534,0.16138190920407425,0.23516880814142424
2025-07-14T12:00:00,uranus,of_date,58.0,20.09472222222222,58.18946700501175,20.01090558506366,-0.18946700501174973,0.08381663715855936,0.19672933633208967
2025-07-14T18:00:00,uranus,j2000,58.00833333333333,20.096944444444443,57.828474661836026,19.935486609716527,0.17985867149729984,0.16145783472791564,0.2337257523808853
2025-07-14T18:00:00,uranus,of_date,58.00833333333333,20.096944444444443,58.20000907568618,20.01303382302681,-0.19167574235285656,0.08391062141763328,0.19864582642528894
2025-07-15T00:00:00,uranus,j2000,58.020833333333336,20.098888888888887,57.83896217058333,19.937624427643136,0.18187116275001358,0.1612644612457501,0.23496223344627729
2025-07-15T00:00:00,uranus,of_date,58.020833333333336,20.098888888888887,58.21051134699508,20.015153866418416,-0.18967801366173376,0.08373502247047071,0.19686963153594997
2025-07-15T06:00:00,uranus,j2000,58.02916666666667,20.101111111111113,57.84941177634255,19.939753743687163,0.1797548903241193,0.16135736742394968,0.23358256923318613
2025-07-15T06:00:00,uranus,of_date,58.02916666666667,20.101111111111113,58.22097583400301,20.017264706988342,-0.1918091673363449,0.08384640412277022,0.19872796438103518
2025-07-15T12:00:00,uranus,j2000,58.041666666666664,20.103333333333335,57.859823334688826,19.941874534548507,0.18184333197783076,0.16145879878482816,0.23507321832246483
2025-07-15T12:00:00,uranus,of_date,58.041666666666664,20.103333333333335,58.23140182425419,20.01936664016802,-0.1897351575875348,0.08396669316531558,0.19701239023824293
2025-07-15T18:00:00,uranus,j2000,58.050000000000004,20.10527777777778,57.870196700423264,19.94398677675921,0.17980329957674712,0.16129100101856864,0.23356636058159372
2025-07-15T18:00:00,uranus,of_date,58.050000000000004,20.10527777777778,58.241790293066,20.021459603690086,-0.19179029306599205,0.08381817408769265,0.19869562800954832
2025-07-16T00:00:00,uranus,j2000,58.0625,20.1075,57.88053172753405,19.946090446682366,0.18196827246595149,0.16140955331763607,0.23512142739696537
2025-07-16T00:00:00,uranus,of_date,58.0625,20.1075,58.25213824075962,20.023543703020394,-0.18963824075962066,0.08395629697960771,0.19692132244067986
2025-07-16T06:00:00,uranus,j2000,58.07083333333333,20.109444444444446,57.89082826927944,19.948185520535905,0.18000506405388705,0.1612589239085409,0.2336781128292038
2025-07-16T06:00:00,uranus,of_date,58.07083333333333,20.109444444444446,58.262448644176004,20.02561880943733,-0.19161531084267835,0.08382563500711626,0.19854543685395476
2025-07-16T12:00:00,uranus,j2000,58.083333333333336,20.111666666666668,57.90108617808295,19.950271974378524,0.18224715525039414,0.16139469228814463,0.23529851705199115
2025-07-16T12:00:00,uranus,of_date,58.083333333333336,20.111666666666668,58.27272050114669,20.027684961929925,-0.18938716781335074,0.08398170473674327,0.19671460791865925
2025-07-16T18:00:00,uranus,j2000,58.09166666666667,20.113611111111112,57.91130530562691,19.952349784136086,0.18036136103975764,0.16126132697502626,0.23391889508213912
2025-07-16T18:00:00,uranus,of_date,58.09166666666667,20.113611111111112,58.28295380508416,20.029742166044056,-0.19128713841749345,0.08386894506705644,0.1982800631528379
2025-07-17T00:00:00,uranus,j2000,58.10416666666667,20.115833333333335,57.92148550283633,19.95441892560576,0.1826811638303525,0.1614144077275732,0.23560559762096325
2025-07-17T00:00:00,uranus,of_date,58.10416666666667,20.115833333333335,58.29314854736083,20.03179043378036,-0.18898188069414346,0.08404289955297628,0.19639238116423355
2025-07-17T06:00:00,uranus,j2000,58.1125,20.11777777777778,57.93162661998241,19.9564793744847,0.18087338001760145,0.16129840329307754,0.2342898597668173
2025-07-17T06:00:00,uranus,of_date,58.1125,20.11777777777778,58.303304715087165,20.033829783201355,-0.1908047150871539,0.08394799457642321,0.19789881114384958
2025-07-17T12:00:00,uranus,j2000,58.12083333333333,20.119722222222222,57.94172850660192,19.958531106361285,0.17910482673141814,0.16119111586093737,0.23301183944037887
2025-07-17T12:00:00,uranus,of_date,58.12083333333333,20.119722222222222,58.31342228868323,20.035860237885817,-0.1925889553498905,0.08386198433640502,0.19937938549551393
2025-07-17T18:00:00,uranus,j2000,58.13333333333333,20.121944444444445,57.95179101161261,19.960574096746253,0.1815423217207126,0.1613703476981918,0.23479224211675706
2025-07-17T18:00:00,uranus,of_date,58.13333333333333,20.121944444444445,58.32350123966114,20.037881826309984,-0.19016790632781522,0.08406261813446037,0.19740188556116872
2025-07-18T00:00:00,uranus,j2000,58.141666666666666,20.12388888888889,57.96181398330123,19.962608321077948,0.17985268336542504,0.16128056781094102,0.23357823666249763
2025-07-18T00:00:00,uranus,of_date,58.141666666666666,20.12388888888889,58.33354152833573,20.03989458109564,-0.19187486166907775,0.08399430779324746,0.19882269432928776
2025-07-18T06:00:00,uranus,j2000,58.15416666666666,20.125833333333333,57.97179726952453,19.96463375477075,0.18236939714213918,0.16119957856258083,0.2352370313580407
2025-07-18T06:00:00,uranus,of_date,58.15416666666666,20.125833333333333,58.34354310184574,20.04189853820071,-0.18937643517907077,0.08393479513262392,0.19667090823258934
2025-07-18T12:00:00,uranus,j2000,58.1625,20.12777777777778,57.9817407175409,19.966650373188436,0.18075928245909267,0.16112740458934383,0.2340864864048133
2025-07-18T12:00:00,uranus,of_date,58.1625,20.12777777777778,58.353505891949624,20.043893735944923,-0.19100589194962936,0.08388404183285658,0.1980324394230608
2025-07-18T18:00:00,uranus,j2000,58.170833333333334,20.13,57.991644174222586,19.968658151694676,0.17918915911076283,0.16134184830532305,0.2331654337084758
2025-07-18T18:00:00,uranus,of_date,58.170833333333334,20.13,58.36342981339351,20.04588021403431,-0.1925964800601605,0.08411978596569014,0.19948374417237247
2025-07-19T00:00:00,uranus,j2000,58.18333333333334,20.131944444444446,58.00150748606853,19.97065706566281,0.181825847264804,0.1612873787816369,0.234920879579439
2025-07-19T00:00:00,uranus,of_date,58.18333333333334,20.131944444444446,58.37331476231782,20.04785801248304,-0.18998142898448123,0.0840864319614063,0.19724329386806963
2025-07-19T06:00:00,uranus,j2000,58.19166666666667,20.133888888888887,58.01133049935078,19.972647090512574,0.1803361673158861,0.16124179837631303,0.2338724340180229
2025-07-19T06:00:00,uranus,of_date,58.19166666666667,20.133888888888887,58.38316061508374,20.049827170518498,-0.1914939484170759,0.08406171837038912,0.1985166596489915
2025-07-19T12:00:00,uranus,j2000,58.199999999999996,20.135833333333334,58.0211130600843,19.974628201710612,0.17888693991568516,0.16120513162272232,0.232861332642677
2025-07-19T12:00:00,uranus,of_date,58.199999999999996,20.135833333333334,58.3929672272526,20.051787725428095,-0.19296722725260906,0.08404560790523874,0.19976213893181494
2025-07-19T18:00:00,uranus,j2000,58.2125,20.137777777777778,58.03085501418485,19.97660037480879,0.18164498581515431,0.1611774029689883,0.23471719529796292
2025-07-19T18:00:00,uranus,of_date,58.2125,20.137777777777778,58.402734433122646,20.053739711445036,-0.1902344331226402,0.08403806633274158,0.1974316194425914
2025-07-20T00:00:00,uranus,j2000,58.22083333333333,20.139722222222222,58.04055620752143,19.978563585460737,0.18027712581189803,0.16115863676148479,0.2337703343690566
2025-07-20T00:00:00,uranus,of_date,58.22083333333333,20.139722222222222,58.412462045563416,20.055683158639823,-0.19162871223008437,0.08403906358239865,0.19861565048268584
2025-07-20T06:00:00,uranus,j2000,58.22916666666667,20.141666666666666,58.05021648608334,19.980517809461052,0.17895018058334244,0.1611488572056139,0.23286072596159516
2025-07-20T06:00:00,uranus,of_date,58.22916666666667,20.141666666666666,58.42214985639265,20.057618091888447,-0.19298318972596462,0.08404857477821892,0.1997708637221293
2025-07-20T12:00:00,uranus,j2000,58.24166666666667,20.14361111111111,58.0598356959689,19.982463022747854,0.18183097069777432,0.16114808836325523,0.2348194798009948
2025-07-20T12:00:00,uranus,of_date,58.24166666666667,20.14361111111111,58.43179763701659,20.059544529886068,-0.19013097034991233,0.0840665812250414,0.19734984272594439
2025-07-20T18:00:00,uranus,j2000,58.25,20.145555555555553,58.06941368355962,19.984399201442255,0.18058631644038314,0.16115635411329876,0.23397466291910812
2025-07-20T18:00:00,uranus,of_date,58.25,20.145555555555553,58.44140513970103,20.06146248430618,-0.19140513970103257,0.08409307124937371,0.1984422745614457
2025-07-21T00:00:00,uranus,j2000,58.25833333333333,20.1475,58.07895029558813,19.986326321865562,0.17938303774519682,0.16117367813443906,0.23316703777121012
2025-07-21T00:00:00,uranus,of_date,58.25833333333333,20.1475,58.45097209917179,20.063371959072047,-0.19263876583846695,0.08412804092795412,0.1995049075532536
2025-06-21T00:00:00,neptune,j2000,2.4291666666666667,-0.5341666666666667,2.145144828707487,-0.5039209424697499,0.28402183795918745,-0.030245724196916735,0.2856161522706897
2025-06-21T00:00:00,neptune,of_date,2.4291666666666667,-0.5341666666666667,2.4719354923261108,-0.3619478905051824,-0.042768825659436516,-0.1722187761614843,0.17744961559630645
2025-06-21T06:00:00,neptune,j2000,2.433333333333333,-0.5336111111111111,2.146924023948941,-0.5033851864123422,0.28640930938439624,-0.030225924698768947,0.28798815869607436
2025-06-21T06:00:00,neptune,of_date,2.433333333333333,-0.5336111111111111,2.473723890988367,-0.36140840493147386,-0.04039055765503008,-0.1722027061796373,0.17687585594259256
2025-06-21T12:00:00,neptune,j2000,2.433333333333333,-0.5333333333333334,2.148672160952742,-0.5028629995653038,0.28466117238059496,-0.030470333768029656,0.28627573561812186
2025-06-21T12:00:00,neptune,of_date,2.433333333333333,-0.5333333333333334,2.4754823077744277,-0.3608820303520188,-0.04214897444109056,-0.1724513029813146,0.17752712025494005
2025-06-21T18:00:00,neptune,j2000,2.4375,-0.5327777777777778,2.150389211472941,-0.5023543915485418,0.28711078852705896,-0.030423386229236016,0.28870652765230187
2025-06-21T18:00:00,neptune,of_date,2.4375,-0.5327777777777778,2.477210777789992,-0.3603687462265309,-0.03971077778999188,-0.17240903155124687,0.17692292968188267
2025-06-22T00:00:00,neptune,j2000,2.4375,-0.5322222222222223,2.152075148116751,-0.5018593715293145,0.2854248518832492,-0.030362850692907783,0.2870237147756177
2025-06-22T00:00:00,neptune,of_date,2.4375,-0.5322222222222223,2.4789093173484957,-0.3598685398737961,-0.04140931734849573,-0.17235368234842618,0.17725805529899252
2025-06-22T06:00:00,neptune,j2000,2.4375,-0.5319444444444444,2.1537299444233327,-0.5013779481838744,0.28377005557666735,-0.030566496260570064,0.2854000797588435
2025-06-22T06:00:00,neptune,of_date,2.4375,-0.5319444444444444,2.480577922466921,-0.35938140717596245,-0.04307792246692088,-0.172563037268482,0.17785835814269704
2025-06-22T12:00:00,neptune,j2000,2.4416666666666664,-0.5313888888888889,2.155353574911146,-0.5009101296689008,0.2863130917555168,-0.030478759219988105,0.2879192368646175
2025-06-22T12:00:00,neptune,of_date,2.4416666666666664,-0.5313888888888889,2.4822165678119177,-0.35890735308940924,-0.04054990114525481,-0.17248153579947967,0.17718373001082205
2025-06-22T18:00:00,neptune,j2000,2.4416666666666664,-0.5308333333333334,2.1569460151533235,-0.5004559235855885,0.28472065151333936,-0.030377409747744832,0.28632511031068586
2025-06-22T18:00:00,neptune,of_date,2.4416666666666664,-0.5308333333333334,2.4838252062157267,-0.35844639191809535,-0.04215853954906379,-0.17238694141523803,0.17746687479688092
2025-06-23T00:00:00,neptune,j2000,2.4458333333333333,-0.5305555555555556,2.158507241833206,-0.5000153369505831,0.2873260915001197,-0.03054021860497247,0.28893305232185484
2025-06-23T00:00:00,neptune,of_date,2.4458333333333333,-0.5305555555555556,2.485403768752633,-0.3579985473444976,-0.03957043541930716,-0.17255700821105796,0.17703571705689053
2025-06-23T06:00:00,neptune,j2000,2.4458333333333333,-0.53,2.1600372328120443,-0.4995883761647553,0.28579610052128146,-0.030411623835244705,0.2873981252571927
2025-06-23T06:00:00,neptune,of_date,2.4458333333333333,-0.53,2.4869521654278515,-0.3575638521985583,-0.041118832094525715,-0.17243614780144173,0.17727064256606423
2025-06-23T12:00:00,neptune,j2000,2.4458333333333333,-0.5297222222222223,2.1615359671640704,-0.49917504699273213,0.2842973661692554,-0.030547175229490187,0.28592237499259016
2025-06-23T12:00:00,neptune,of_date,2.4458333333333333,-0.5297222222222223,2.488470286430413,-0.3571423479769213,-0.04263695309708737,-0.17257987424530102,0.1777684238060646
2025-06-23T18:00:00,neptune,j2000,2.45,-0.5294444444444445,2.1630034252345354,-0.4987753545377934,0.28699657476545326,-0.03066908990665107,0.28861911505036
2025-06-23T18:00:00,neptune,of_date,2.45,-0.5294444444444445,2.4899580039798366,-0.3567340841058487,-0.039958003979847945,-0.17271036033859577,0.17727214658885365
2025-06-24T00:00:00,neptune,j2000,2.45,-0.528888888888889,2.1644395886740995,-0.4983893032251499,0.28556041132588916,-0.03049958566373906,0.28717314999031796
2025-06-24T00:00:00,neptune,of_date,2.45,-0.528888888888889,2.491415174671886,-0.3563391169799361,-0.04141517467189715,-0.17254977190895288,0.17745009671964998
2025-06-24T06:00:00,neptune,j2000,2.45,-0.5286111111111111,2.16584444048209,-0.498016896785202,0.28415555951789884,-0.03059421432590914,0.28578646806037616
2025-06-24T06:00:00,neptune,of_date,2.45,-0.5286111111111111,2.4928416422870328,-0.35595750879603844,-0.042841642287044124,-0.1726536023150727,0.177889184471528
2025-06-24T12:00:00,neptune,j2000,2.4541666666666666,-0.5283333333333334,2.167217965015709,-0.49765813824797267,0.28694870165097086,-0.030675195085360762,0.28857221358971286
2025-06-24T12:00:00,neptune,of_date,2.4541666666666666,-0.5283333333333334,2.4942372409311133,-0.3555893262298412,-0.04007057426443339,-0.17274400710349225,0.1773303306256168
2025-06-24T18:00:00,neptune,j2000,2.4541666666666666,-0.5280555555555556,2.168560148017775,-0.4973130299349931,0.28560651864890474,-0.03074252562056251,0.28724493626570824
2025-06-24T18:00:00,neptune,of_date,2.4541666666666666,-0.5280555555555556,2.495601798461223,-0.3552346389835297,-0.04143513179454317,-0.17282091657202592,0.17771841784855386
2025-06-25T00:00:00,neptune,j2000,2.4541666666666666,-0.5277777777777778,2.1698709766206434,-0.4969815734597574,0.2842956900460365,-0.03079620431802038,0.28594751288369863
2025-06-25T00:00:00,neptune,of_date,2.4541666666666666,-0.5277777777777778,2.4969351400429787,-0.3548935182629872,-0.04276847337629874,-0.17288425951479058,0.1780954788585708
2025-06-25T06:00:00,neptune,j2000,2.4583333333333335,-0.5275000000000001,2.1711504393556993,-0.49666376972925574,0.2871828939776435,-0.030836230270744336,0.2888222600577119
2025-06-25T06:00:00,neptune,of_date,2.4583333333333335,-0.5275000000000001,2.498237091754163,-0.35456603522642205,-0.03990375842082017,-0.17293396477357803,0.17747780299102445
2025-06-25T12:00:00,neptune,j2000,2.4583333333333335,-0.5272222222222223,2.172398526131701,-0.496359618955531,0.28593480720164166,-0.03086260326669127,0.28758422945819523
2025-06-25T12:00:00,neptune,of_date,2.4583333333333335,-0.5272222222222223,2.499507484082244,-0.35425225946351846,-0.041174150748901184,-0.1729699627587038,0.17780274774730193
2025-06-25T18:00:00,neptune,j2000,2.4583333333333335,-0.5269444444444445,2.1736152282289822,-0.4960691206654189,0.2847181051043606,-0.030875323779025632,0.28637601569927895
2025-06-25T18:00:00,neptune,of_date,2.4583333333333335,-0.5269444444444445,2.500746155253921,-0.3539522575409175,-0.04241282192057838,-0.17299218690352702,0.17811523384341485
2025-06-26T00:00:00,neptune,j2000,2.4625,-0.5266666666666667,2.1748005382718247,-0.49579227371766715,0.28769946172818095,-0.030874392948999574,0.289339967672671
2025-06-26T00:00:00,neptune,of_date,2.4625,-0.5266666666666667,2.5019529542602754,-0.3536660916674662,-0.039452954260269735,-0.17300057499920052,0.1774419384023314
2025-06-26T06:00:00,neptune,j2000,2.4625,-0.5263888888888889,2.1759544502081667,-0.49552907632006005,0.286545549791839,-0.03085981256882886,0.28819116623705643
2025-06-26T06:00:00,neptune,of_date,2.4625,-0.5263888888888889,2.5031277435207357,-0.353393818509866,-0.040627743520730064,-0.1729950703790229,0.17770146136473428
2025-06-26T12:00:00,neptune,j2000,2.4625,-0.5261111111111112,2.177076959261001,-0.49527952605489856,0.2854230407390048,-0.03083158505621264,0.2870721594741385
2025-06-26T12:00:00,neptune,of_date,2.4625,-0.5261111111111112,2.5042704010826924,-0.35313548819823837,-0.0417704010826867,-0.17297562291287283,0.17794726321635404
2025-06-26T18:00:00,neptune,j2000,2.4625,-0.5261111111111112,2.178168061897395,-0.4950436199013464,0.2843319381026106,-0.03106749120976482,0.28601296875793036
2025-06-26T18:00:00,neptune,of_date,2.4625,-0.5261111111111112,2.5053808223560736,-0.35289114353226053,-0.04288082235606794,-0.17321996757885066,0.178448346874752
2025-06-27T00:00:00,neptune,j2000,2.466666666666667,-0.5258333333333334,2.1792277557794932,-0.4948213542631764,0.2874389108871753,-0.03101197907015696,0.28909568298306226
2025-06-27T00:00:00,neptune,of_date,2.466666666666667,-0.5258333333333334,2.5064589213195063,-0.352660819410181,-0.039792254652837755,-0.17317251392315236,0.1776852521806544
2025-06-27T06:00:00,neptune,j2000,2.466666666666667,-0.5255555555555556,2.18025603972535,-0.4946127249949034,0.28641062694131847,-0.030942830560652168,0.28806596919038274
2025-06-27T06:00:00,neptune,of_date,2.466666666666667,-0.5255555555555556,2.5075046312211953,-0.35244454247784907,-0.04083796455452671,-0.1731110130777065,0.17786248346379668
2025-06-27T12:00:00,neptune,j2000,2.466666666666667,-0.5255555555555556,2.181252913646915,-0.49441772743336454,0.28541375301975336,-0.031137828122191014,0.28709601008359864
2025-06-27T12:00:00,neptune,of_date,2.466666666666667,-0.5255555555555556,2.5085179047560473,-0.35224233100054764,-0.04185123808937874,-0.17331322455500792,0.17829440771692112
2025-06-27T18:00:00,neptune,j2000,2.466666666666667,-0.5252777777777778,2.1822183785076277,-0.4942363564250093,0.2844482881590409,-0.03104142135276855,0.2861258326555875
2025-06-27T18:00:00,neptune,of_date,2.466666666666667,-0.5252777777777778,2.5094987137950966,-0.3520541949350241,-0.04283204712842803,-0.17322358284275374,0.1784401439717592
2025-06-28T00:00:00,neptune,j2000,2.470833333333333,-0.5252777777777778,2.183152436266539,-0.49406860635615096,0.28768089706679234,-0.03120917142162688,0.2893574955842117
2025-06-28T00:00:00,neptune,of_date,2.470833333333333,-0.5252777777777778,2.5104470486824653,-0.35188013618966996,-0.03961371534913383,-0.1733976415881079,0.177864823413726
2025-06-28T06:00:00,neptune,j2000,2.470833333333333,-0.525,2.1840550898340325,-0.49391447118050663,0.2867782434992989,-0.03108552881949339,0.28844681823776525
2025-06-28T06:00:00,neptune,of_date,2.470833333333333,-0.525,2.51136291718592,-0.3517201490419486,-0.04052958385258876,-0.17327985095805143,0.17795633315975332
2025-06-28T12:00:00,neptune,j2000,2.470833333333333,-0.525,2.1849263430114547,-0.49377394444893136,0.2859069903218767,-0.031226055551068665,0.2875959158091071
2025-06-28T12:00:00,neptune,of_date,2.470833333333333,-0.525,2.5122463431419533,-0.3515742206891802,-0.04141300980862184,-0.17342577931081982,0.17830153293535667
2025-06-28T18:00:00,neptune,j2000,2.470833333333333,-0.525,2.185766200448654,-0.49364701933534805,0.2850671328846772,-0.031352980664651975,0.2867749226753248
2025-06-28T18:00:00,neptune,of_date,2.470833333333333,-0.525,2.5130973649034445,-0.35144233189522806,-0.04226403157011305,-0.17355766810477197,0.17862924359068721
2025-06-29T00:00:00,neptune,j2000,2.470833333333333,-0.5247222222222223,2.1865746675945843,-0.49353368866269964,0.28425866573874714,-0.03118853355952267,0.28595337313475616
2025-06-29T00:00:00,neptune,of_date,2.470833333333333,-0.5247222222222223,2.5139160336385658,-0.3513244577053694,-0.04308270030523431,-0.1733977645168529,0.17866951029720085
2025-06-29T06:00:00,neptune,j2000,2.4749999999999996,-0.5247222222222223,2.187351750658536,-0.49343394492631387,0.2876482493414585,-0.03128827729590844,0.2893336097567341
2025-06-29T06:00:00,neptune,of_date,2.4749999999999996,-0.5247222222222223,2.514702411569317,-0.35122056819594183,-0.03970241156932275,-0.17350165402628048,0.17798598857254613
2025-06-29T12:00:00,neptune,j2000,2.4749999999999996,-0.5247222222222223,2.188097456559433,-0.49334778031769533,0.28690254344056143,-0.031374441904526984,0.2886016736770991
2025-06-29T12:00:00,neptune,of_date,2.4749999999999996,-0.5247222222222223,2.515456570191418,-0.35113062923370264,-0.04045657019142368,-0.17359159298851967,0.17824331224900186
2025-06-29T18:00:00,neptune,j2000,2.4749999999999996,-0.5247222222222223,2.1888117928933184,-0.49327518674437876,0.2861882071066759,-0.031447035477843555,0.2878995313888101
2025-06-29T18:00:00,neptune,of_date,2.4749999999999996,-0.5247222222222223,2.5161785885616155,-0.351054603215705,-0.041178588561621154,-0.17366761900651734,0.17848254174729988
2025-06-30T00:00:00,neptune,j2000,2.4749999999999996,-0.5247222222222223,2.1894947678946437,-0.4932161558492084,0.2855052321053506,-0.0315060663730139,0.28722714980775715
2025-06-30T00:00:00,neptune,of_date,2.4749999999999996,-0.5247222222222223,2.5168685516731557,-0.3509924497729957,-0.04186855167316139,-0.1737297724492266,0.1787034015846817
2025-06-30T06:00:00,neptune,j2000,2.4749999999999996,-0.5247222222222223,2.1901463904090406,-0.4931706790271686,0.28485360959095374,-0.03155154319505371,0.28658449798658053
2025-06-30T06:00:00,neptune,of_date,2.4749999999999996,-0.5247222222222223,2.5175265489694993,-0.3509441264208061,-0.04252654896950503,-0.17377809580141623,0.17890563702054718
2025-06-30T12:00:00,neptune,j2000,2.4749999999999996,-0.5247222222222223,2.1907666698554635,-0.49313874744169184,0.2842333301445308,-0.031583474780530474,0.28597154720638884
2025-06-30T12:00:00,neptune,of_date,2.4749999999999996,-0.5247222222222223,2.518152672997644,-0.35090958914698883,-0.04315267299764969,-0.17381263307523348,0.17908901263583288
2025-06-30T18:00:00,neptune,j2000,2.4791666666666665,-0.5247222222222223,2.1913556162052146,-0.49312035203789717,0.2878110504614426,-0.03160187018432514,0.28952951774133456
2025-06-30T18:00:00,neptune,of_date,2.4791666666666665,-0.5247222222222223,2.5187470182375478,-0.35088879293062364,-0.03958035157089057,-0.17383342929159867,0.17828228375356367
2025-07-01T00:00:00,neptune,j2000,2.4791666666666665,-0.5247222222222223,2.1919132399553405,-0.4931154835551269,0.2872534267113167,-0.0316067386670954,0.2889757864130642
2025-07-01T00:00:00,neptune,of_date,2.4791666666666665,-0.5247222222222223,2.519309680086394,-0.35088169219230575,-0.04014301341973692,-0.17384053002991656,0.17841495477121075
2025-07-01T06:00:00,neptune,j2000,2.4791666666666665,-0.5247222222222223,2.19243983023739,-0.49312401769699565,0.286726836429267,-0.03159820452522666,0.2884514466067517
2025-07-01T06:00:00,neptune,of_date,2.4791666666666665,-0.5247222222222223,2.51984103213141,-0.3508881263538908,-0.04067436546475278,-0.17383409586833154,0.17852898652428134
2025-07-01T12:00:00,neptune,j2000,2.4791666666666665,-0.5247222222222223,2.1929351202086877,-0.49314605973403663,0.28623154645796944,-0.03157616248818568,0.2879567435151899
2025-07-01T12:00:00,neptune,of_date,2.4791666666666665,-0.5247222222222223,2.520340890835371,-0.3509081647045356,-0.041174224168713636,-0.1738140575176867,0.17862402704773916
2025-07-01T18:00:00,neptune,j2000,2.4791666666666665,-0.525,2.1933991218380697,-0.493181599844939,0.28576754482858746,-0.031818400155061044,0.2875222619632404
2025-07-01T18:00:00,neptune,of_date,2.4791666666666665,-0.525,2.5208093497457185,-0.35094176205505556,-0.04164268307906127,-0.17405823794494446,0.17897005501528798
2025-07-02T00:00:00,neptune,j2000,2.4791666666666665,-0.525,2.193831847550257,-0.49323062803821116,0.28533481911640024,-0.03176937196178886,0.28708678436673507
2025-07-02T00:00:00,neptune,of_date,2.4791666666666665,-0.525,2.521246500650477,-0.35098887386319344,-0.04207983398381998,-0.17401112613680658,0.17902647740652755
2025-07-02T06:00:00,neptune,j2000,2.4791666666666665,-0.525,2.194233310216191,-0.49329313415882603,0.28493335645046614,-0.03170686584117399,0.28668088535186226
2025-07-02T06:00:00,neptune,of_date,2.4791666666666665,-0.525,2.5216524331578967,-0.35104945642775015,-0.042485766491239474,-0.17395054357224987,0.17906346663241784
2025-07-02T12:00:00,neptune,j2000,2.4791666666666665,-0.5252777777777778,2.194603523137914,-0.4933691078929554,0.284563143528743,-0.03190866988482244,0.286335371755826
2025-07-02T12:00:00,neptune,of_date,2.4791666666666665,-0.5252777777777778,2.5220272343235592,-0.3511234670567128,-0.04286056765690205,-0.17415431072106502,0.1793506156626938
2025-07-02T18:00:00,neptune,j2000,2.4791666666666665,-0.5252777777777778,2.1949425000417477,-0.4934585387731429,0.28422416662490946,-0.03181923900463496,0.2859885561457895
2025-07-02T18:00:00,neptune,of_date,2.4791666666666665,-0.5252777777777778,2.522370988322791,-0.3512108642193697,-0.04320432165613397,-0.17406691355840814,0.17934824550887885
2025-07-03T00:00:00,neptune,j2000,2.4791666666666665,-0.5255555555555556,2.19525025506897,-0.49356141618206945,0.2839164115976871,-0.03199413937348611,0.28570225086274
2025-07-03T00:00:00,neptune,of_date,2.4791666666666665,-0.5255555555555556,2.5226837761428555,-0.35131160768685904,-0.04351710947619836,-0.1742439478686965,0.17959560083770998
2025-07-03T06:00:00,neptune,j2000,2.4791666666666665,-0.5255555555555556,2.1955268027699617,-0.49367772935716414,0.2836398638966955,-0.03187782619839141,0.2854144383068658
2025-07-03T06:00:00,neptune,of_date,2.4791666666666665,-0.5255555555555556,2.5229656752910614,-0.351425658667827,-0.04379900862440422,-0.17412989688772856,0.1795535026494889
2025-07-03T12:00:00,neptune,j2000,2.483333333333333,-0.5258333333333334,2.1957721580945986,-0.49380746739270853,0.2875611752387215,-0.03202586594062484,0.2893277319723496
2025-07-03T12:00:00,neptune,of_date,2.483333333333333,-0.5258333333333334,2.523216759505374,-0.35155297993862333,-0.03988342617205376,-0.17428035339471004,0.17878544343670855
2025-07-03T18:00:00,neptune,j2000,2.483333333333333,-0.5261111111111112,2.195986336387989,-0.49395061924375794,0.28734699694533106,-0.03216049186735326,0.28912981361651807
2025-07-03T18:00:00,neptune,of_date,2.483333333333333,-0.5261111111111112,2.5234370984754264,-0.3516935359733086,-0.04010376514210634,-0.1744175751378026,0.17896845219006907
2025-07-04T00:00:00,neptune,j2000,2.483333333333333,-0.5261111111111112,2.1961693533835387,-0.4941071737287168,0.2871639799497814,-0.032003937382394376,0.28893055388733574
2025-07-04T00:00:00,neptune,of_date,2.483333333333333,-0.5261111111111112,2.523626757566433,-0.35184729307002965,-0.04029342423311277,-0.17426381804108154,0.17886123604751944
2025-07-04T06:00:00,neptune,j2000,2.483333333333333,-0.5263888888888889,2.196321225198119,-0.49427711953369985,0.28701210813520106,-0.03211176935518906,0.28879158349091916
2025-07-04T06:00:00,neptune,of_date,2.483333333333333,-0.5263888888888889,2.523785797554524,-0.3520142194754244,-0.040452464221203854,-0.17437466941346452,0.17900511103667627
2025-07-04T12:00:00,neptune,j2000,2.483333333333333,-0.5266666666666667,2.196441968324507,-0.4944604452136647,0.2868913650088132,-0.032206221453002004,0.28868210604593625
2025-07-04T12:00:00,neptune,of_date,2.483333333333333,-0.5266666666666667,2.5239142743737375,-0.35219428550007165,-0.04058094104041743,-0.17447238116659508,0.17912935668780558
2025-07-04T18:00:00,neptune,j2000,2.483333333333333,-0.5269444444444445,2.1965315996263826,-0.4946571391969198,0.2868017337069375,-0.03228730524752477,0.28860208743832466
2025-07-04T18:00:00,neptune,of_date,2.483333333333333,-0.5269444444444445,2.524012238885007,-0.3523874636292421,-0.04067890555168674,-0.17455698081520243,0.17923396494385874
2025-07-05T00:00:00,neptune,j2000,2.483333333333333,-0.5272222222222223,2.196590136331622,-0.49486718978777183,0.28674319700169804,-0.032355032434450426,0.2885514961046364
2025-07-05T00:00:00,neptune,of_date,2.483333333333333,-0.5272222222222223,2.5240797366678294,-0.3525937286216251,-0.040746403334509296,-0.17462849360059718,0.1793189365524433
2025-07-05T06:00:00,neptune,j2000,2.483333333333333,-0.5275000000000001,2.196617596025135,-0.49509058517208787,0.2867157373081852,-0.03240941482791221,0.2885303030450466
2025-07-05T06:00:00,neptune,of_date,2.483333333333333,-0.5275000000000001,2.5241168078399596,-0.3528130575990884,-0.04078347450663955,-0.1746869424009117,0.17938428078090407
2025-07-05T12:00:00,neptune,j2000,2.483333333333333,-0.5277777777777778,2.196613996641588,-0.49532731341866937,0.286719336691732,-0.03245046435910842,0.28853848182863795
2025-07-05T12:00:00,neptune,of_date,2.483333333333333,-0.5277777777777778,2.524123486906774,-0.3530454301194426,-0.040790153573453836,-0.17473234765833517,0.17943001519300755
2025-07-05T18:00:00,neptune,j2000,2.483333333333333,-0.5280555555555556,2.1965793564569367,-0.495577362485507,0.2867539768763834,-0.03247819307004862,0.28857600862378424
2025-07-05T18:00:00,neptune,of_date,2.483333333333333,-0.5280555555555556,2.524099802640876,-0.3532908282408345,-0.04076646930755601,-0.1747647273147211,0.17945616550477564
2025-07-06T00:00:00,neptune,j2000,2.483333333333333,-0.5283333333333334,2.1965136940801244,-0.49584072022348114,0.28681963925319565,-0.0324926131098523,0.28864286218666896
2025-07-06T00:00:00,neptune,of_date,2.483333333333333,-0.5283333333333334,2.524045777991091,-0.35354923657087983,-0.04071244465777113,-0.1747840967624536,0.179462765439704
2025-07-06T06:00:00,neptune,j2000,2.483333333333333,-0.5286111111111111,2.1964170284422835,-0.4961173743837994,0.2869163048910366,-0.03249373672731176,0.28873902387740236
2025-07-06T06:00:00,neptune,of_date,2.483333333333333,-0.5286111111111111,2.5239614300171525,-0.3538206423077166,-0.04062809668383238,-0.17479046880339455,0.17944985667845165
2025-07-06T12:00:00,neptune,j2000,2.483333333333333,-0.528888888888889,2.1962893787873554,-0.49640731262063503,0.28704395454596465,-0.03248157626825393,0.288864477650693
2025-07-06T12:00:00,neptune,of_date,2.483333333333333,-0.528888888888889,2.5238467698486033,-0.3541050352658949,-0.040513436515283274,-0.1747838536229941,0.1794174888296075
2025-07-06T18:00:00,neptune,j2000,2.483333333333333,-0.5294444444444445,2.1961307646602677,-0.49671052249916886,0.2872025686730524,-0.032733921945275635,0.2890505293432878
2025-07-06T18:00:00,neptune,of_date,2.483333333333333,-0.5294444444444445,2.523701802663709,-0.3544024078984993,-0.040368469330388734,-0.1750420365459452,0.17963638178874258
2025-07-07T00:00:00,neptune,j2000,2.483333333333333,-0.5297222222222223,2.195941205894428,-0.4970269915013255,0.287392127438892,-0.032695230720896806,0.2892344724185751
2025-07-07T00:00:00,neptune,of_date,2.483333333333333,-0.5297222222222223,2.523526527685817,-0.3547127553090108,-0.04019319435249713,-0.1750094669132115,0.17956533321454407
2025-07-07T06:00:00,neptune,j2000,2.4791666666666665,-0.53,2.1957207225983097,-0.49735670703487206,0.28344594406834744,-0.03264329296512797,0.28530812829734725
2025-07-07T06:00:00,neptune,of_date,2.4791666666666665,-0.53,2.523320938196264,-0.35503607525894076,-0.044154271529606604,-0.17496392474105926,0.18044904224509095
2025-07-07T12:00:00,neptune,j2000,2.4791666666666665,-0.5305555555555556,2.1954693351421497,-0.49769965643765623,0.2836973315245075,-0.03285589911789932,0.285582218453782
2025-07-07T12:00:00,neptune,of_date,2.4791666666666665,-0.5305555555555556,2.52308502156734,-0.35537236816278334,-0.04391835490068274,-0.17518318739277222,0.18060413686504703
2025-07-07T18:00:00,neptune,j2000,2.4791666666666665,-0.5308333333333334,2.1951870641432265,-0.49805582698742723,0.2839796025234307,-0.03277750634590615,0.2858535921467054
2025-07-07T18:00:00,neptune,of_date,2.4791666666666665,-0.5308333333333334,2.5228187593150437,-0.3557216370790346,-0.04365209264838654,-0.1751116962542988,0.18047020757355692
2025-07-08T00:00:00,neptune,j2000,2.4791666666666665,-0.5313888888888889,2.1948739304501714,-0.4984252059089609,0.28429273621648576,-0.03296368297992802,0.2861860142257359
2025-07-08T00:00:00,neptune,of_date,2.4791666666666665,-0.5313888888888889,2.5225221271812757,-0.3560838876865133,-0.04335546051461847,-0.17530500120237563,0.18058633723310358
2025-07-08T06:00:00,neptune,j2000,2.4791666666666665,-0.5316666666666667,2.194529955124949,-0.49880778038512436,0.2846367115417081,-0.03285888628154238,0.2865156370108197
2025-07-08T06:00:00,neptune,of_date,2.4791666666666665,-0.5316666666666667,2.5221950952504812,-0.3564591282486477,-0.04302842858382405,-0.175207538418019,0.18041345440695708
2025-07-08T12:00:00,neptune,j2000,2.4791666666666665,-0.5322222222222223,2.1941551594296698,-0.49920353756141383,0.2850115072369874,-0.03301868466080843,0.28690627329435736
2025-07-08T12:00:00,neptune,of_date,2.4791666666666665,-0.5322222222222223,2.5218376281207497,-0.35684736955059265,-0.04267096145409255,-0.1753748526716296,0.18049110470287222
2025-07-08T18:00:00,neptune,j2000,2.4791666666666665,-0.5327777777777778,2.193749564807206,-0.4996124645574217,0.28541710185945135,-0.033165313220356096,0.28732602697774634
2025-07-08T18:00:00,neptune,of_date,2.4791666666666665,-0.5327777777777778,2.5214496851310173,-0.357248624816729,-0.04228301846436011,-0.17552915296104882,0.18054979351818548
2025-07-09T00:00:00,neptune,j2000,2.4791666666666665,-0.5330555555555556,2.1933131928652188,-0.5000345484741255,0.28585347380143844,-0.033021007081430076,0.287742857287881
2025-07-09T00:00:00,neptune,of_date,2.4791666666666665,-0.5330555555555556,2.521031220667737,-0.35766290959154096,-0.04186455400108002,-0.17539264596401466,0.1803194772606691
2025-07-09T06:00:00,neptune,j2000,2.4791666666666665,-0.5336111111111111,2.1928460653556385,-0.5004697764058649,0.28632060131101866,-0.03314133470524627,0.2882206737827055
2025-07-09T06:00:00,neptune,of_date,2.4791666666666665,-0.5336111111111111,2.5205821845557352,-0.3580902415864953,-0.041415517889078046,-0.17552086952461587,0.18034055439364585
2025-07-09T12:00:00,neptune,j2000,2.4791666666666665,-0.5341666666666667,2.1923482041617603,-0.5009181354442569,0.28681846250489684,-0.03324853122240978,0.2887275203098951
2025-07-09T12:00:00,neptune,of_date,2.4791666666666665,-0.5341666666666667,2.5201025225599665,-0.3585306404747697,-0.04093585589330928,-0.175636026191897,0.18034315896810862
2025-07-09T18:00:00,neptune,j2000,2.4749999999999996,-0.5347222222222222,2.1918196312789746,-0.5013796126894302,0.2831803687210197,-0.033342609532792,0.28512504789633747
2025-07-09T18:00:00,neptune,of_date,2.4749999999999996,-0.5347222222222222,2.519592176991182,-0.35898412764426063,-0.04459217699118767,-0.17573809457796158,0.1813069707151411
2025-07-10T00:00:00,neptune,j2000,2.4749999999999996,-0.5352777777777777,2.191260368799078,-0.501854195256561,0.28373963120091616,-0.03342358252121669,0.28568989700104186
2025-07-10T00:00:00,neptune,of_date,2.4749999999999996,-0.5352777777777777,2.5190510874350593,-0.3594507258938747,-0.04405108743506503,-0.17582705188390302,0.18126094630554637
2025-07-10T06:00:00,neptune,j2000,2.4749999999999996,-0.5358333333333333,2.1906704388912885,-0.5023418702866007,0.2843295611087058,-0.03349146304673256,0.2862836699575238
2025-07-10T06:00:00,neptune,of_date,2.4749999999999996,-0.5358333333333333,2.5184791915972937,-0.3599304590803939,-0.043479191597299405,-0.17590287425293938,0.18119642456055884
2025-07-10T12:00:00,neptune,j2000,2.4749999999999996,-0.5363888888888889,2.190049863792865,-0.5028426249480823,0.2849501362071294,-0.03354626394080662,0.28690634645023183
2025-07-10T12:00:00,neptune,of_date,2.4749999999999996,-0.5363888888888889,2.5178764262767572,-0.36042335170380463,-0.04287642627676291,-0.1759655371850843,0.18111362225187252
2025-07-10T18:00:00,neptune,j2000,2.4749999999999996,-0.5369444444444444,2.189398665791771,-0.5033564464464907,0.28560133420822353,-0.033587997997953756,0.28755790896621497
2025-07-10T18:00:00,neptune,of_date,2.4749999999999996,-0.5369444444444444,2.517242728439612,-0.3609294284503524,-0.04224272843961785,-0.17601501599409203,0.18101277028463358
2025-07-11T00:00:00,neptune,j2000,2.4749999999999996,-0.5375,2.1887168672169537,-0.5038833220275667,0.28628313278304063,-0.033616677972433284,0.28823834276597216
2025-07-11T00:00:00,neptune,of_date,2.4749999999999996,-0.5375,2.516578036396993,-0.3614487136854234,-0.04157803639699864,-0.17605128631457656,0.18089411482390202
2025-07-11T06:00:00,neptune,j2000,2.470833333333333,-0.5380555555555555,2.188004772117438,-0.5044231237605832,0.2828285612158936,-0.03363243179497233,0.28480960852983606
2025-07-11T06:00:00,neptune,of_date,2.470833333333333,-0.5380555555555555,2.5158825727496037,-0.36198111570710845,-0.04504923941627226,-0.17607443984844706,0.18174574423912807
2025-07-11T12:00:00,neptune,j2000,2.470833333333333,-0.5386111111111112,2.187262120784453,-0.5049759543586172,0.2835712125488783,-0.033635156752493955,0.28554734279379107
2025-07-11T12:00:00,neptune,of_date,2.470833333333333,-0.5386111111111112,2.5151560002213955,-0.36252677194167593,-0.04432266688806408,-0.17608433916943522,0.18157662368957148
2025-07-11T18:00:00,neptune,j2000,2.470833333333333,-0.5391666666666667,2.186488935614136,-0.50554180121067,0.2843443977191953,-0.03362486545599663,0.28631389394204454
2025-07-11T18:00:00,neptune,of_date,2.470833333333333,-0.5391666666666667,2.5143982688695132,-0.3630857024392812,-0.04356493553618179,-0.1760809642273855,0.1813898851114604
2025-07-12T00:00:00,neptune,j2000,2.470833333333333,-0.54,2.1856852390133668,-0.5061206517557589,0.2851480943199647,-0.0338793482442411,0.2871418940759959
2025-07-12T00:00:00,neptune,of_date,2.470833333333333,-0.54,2.5136093353253273,-0.36365792464114427,-0.04277600199199583,-0.17634207535885577,0.18145577603373383
2025-07-12T06:00:00,neptune,j2000,2.470833333333333,-0.5405555555555556,2.1848510533920376,-0.5067124934864667,0.2859822799412939,-0.033843062069088825,0.28796594246460133
2025-07-12T06:00:00,neptune,of_date,2.470833333333333,-0.5405555555555556,2.512789164085916,-0.36424345280559806,-0.04195583075258469,-0.1763121027499575,0.18123503573684954
2025-07-12T12:00:00,neptune,j2000,2.466666666666667,-0.5413888888888889,2.1839864011722625,-0.507317313940417,0.28268026549440606,-0.034071574948471905,0.28471443581375333
2025-07-12T12:00:00,neptune,of_date,2.466666666666667,-0.5413888888888889,2.511937728752457,-0.36484229744864044,-0.04527106208578857,-0.17654659144024848,0.18225816364419983
2025-07-12T18:00:00,neptune,j2000,2.466666666666667,-0.5419444444444445,2.183091304786217,-0.5079351007005825,0.28357536188045174,-0.034009343743862,0.2855956390314881
2025-07-12T18:00:00,neptune,of_date,2.466666666666667,-0.5419444444444445,2.511055013155726,-0.36545446483365573,-0.04438834648905754,-0.17648997961078872,0.18198602447943604
2025-07-13T00:00:00,neptune,j2000,2.466666666666667,-0.5425,2.182165786685289,-0.5085658413879424,0.28450087998137974,-0.03393415861205762,0.28650561257648793
2025-07-13T00:00:00,neptune,of_date,2.466666666666667,-0.5425,2.510141012360691,-0.36607995650723046,-0.04347434569402253,-0.17642004349276952,0.18169735872673054
2025-07-13T06:00:00,neptune,j2000,2.466666666666667,-0.5433333333333333,2.1812098693420694,-0.5092095236593437,0.28545679732459917,-0.03412380967398965,0.287477200094969
2025-07-13T06:00:00,neptune,of_date,2.466666666666667,-0.5433333333333333,2.5091957335061466,-0.3667187689058685,-0.04252906683947799,-0.17661456442746482,0.1816626279298204
2025-07-13T12:00:00,neptune,j2000,2.4625,-0.5441666666666667,2.1802235752730326,-0.5098661351918661,0.2822764247269731,-0.03430053147480061,0.2843409270218317
2025-07-13T12:00:00,neptune,of_date,2.4625,-0.5441666666666667,2.5082191964826848,-0.36737089302549125,-0.04571919648267908,-0.17679577364117544,0.1826112170281532
2025-07-13T18:00:00,neptune,j2000,2.4625,-0.5447222222222222,2.1792069270460956,-0.5105356636776971,0.28329307295391004,-0.034186558544525125,0.28533642931317543
2025-07-13T18:00:00,neptune,of_date,2.4625,-0.5447222222222222,2.507211434396197,-0.36803631418620314,-0.04471143439619141,-0.17668590803601908,0.18225502475033603
2025-07-14T00:00:00,neptune,j2000,2.4625,-0.5455555555555556,2.1781599473023903,-0.5112180968100378,0.2843400526976154,-0.034337458745517746,0.28639386938281713
2025-07-14T00:00:00,neptune,of_date,2.4625,-0.5455555555555556,2.506172493830775,-0.3687150118796057,-0.0436724938307691,-0.17684054367594987,0.18215307211933005
2025-07-14T06:00:00,neptune,j2000,2.4625,-0.5463888888888889,2.177082658769109,-0.5119134222751005,0.2854173412308967,-0.03447546661378842,0.2874798531307568
2025-07-14T06:00:00,neptune,of_date,2.4625,-0.5463888888888889,2.5051024348803708,-0.3694069597182179,-0.04260243488036508,-0.17698192917067102,0.18203695599908565
2025-07-14T12:00:00,neptune,j2000,2.4583333333333335,-0.5469444444444445,2.1759750842947483,-0.5126216277298699,0.2823582490385945,-0.0343228167145746,0.28442471410688436
2025-07-14T12:00:00,neptune,of_date,2.4583333333333335,-0.5469444444444445,2.5040013309745177,-0.3701121254693039,-0.04566799764117491,-0.17683231897514057,0.18263378608229464
2025-07-14T18:00:00,neptune,j2000,2.4583333333333335,-0.5477777777777778,2.1748372468676394,-0.5133427007912799,0.28349608646570346,-0.03443507698649795,0.2855677008356058
2025-07-14T18:00:00,neptune,of_date,2.4583333333333335,-0.5477777777777778,2.502869268460131,-0.37083047119930507,-0.04453593512678822,-0.17694730657847274,0.18246553041175548
2025-07-15T00:00:00,neptune,j2000,2.4583333333333335,-0.548611111111111,2.173669169649031,-0.5140766290161074,0.2846641636843117,-0.03453448209500365,0.286739158908923
2025-07-15T00:00:00,neptune,of_date,2.4583333333333335,-0.548611111111111,2.5017063459742417,-0.37156195350715376,-0.04337301264089888,-0.17704915760395729,0.182284117894642
2025-07-15T06:00:00,neptune,j2000,2.4541666666666666,-0.5494444444444444,2.1724708759961118,-0.5148233998877791,0.28169579067056816,-0.03462104455666526,0.2838032562002002
2025-07-15T06:00:00,neptune,of_date,2.4541666666666666,-0.5494444444444444,2.5005126735899807,-0.37230652385998214,-0.04634600692330082,-0.17713792058446226,0.18310012173972093
2025-07-15T12:00:00,neptune,j2000,2.4541666666666666,-0.5502777777777779,2.171242389508734,-0.5155830007883195,0.2829242771579459,-0.03469477698945833,0.2850314835828834
2025-07-15T12:00:00,neptune,of_date,2.4541666666666666,-0.5502777777777779,2.4992883717807217,-0.37306412900555636,-0.04512170511404179,-0.1772136487722215,0.18286747052147875
2025-07-15T18:00:00,neptune,j2000,2.4541666666666666,-0.5511111111111111,2.1699837340576096,-0.5163554189826884,0.28418293260907035,-0.034755692128422666,0.28628811877164295
2025-07-15T18:00:00,neptune,of_date,2.4541666666666666,-0.5511111111111111,2.4980335701723106,-0.37383471148346453,-0.04386690350563072,-0.17727639962764657,0.18262283587412906
2025-07-16T00:00:00,neptune,j2000,2.4541666666666666,-0.5519444444444445,2.1686949338268846,-0.517140641593864,0.2854717328397953,-0.03480380285058049,0.287573154821124
2025-07-16T00:00:00,neptune,of_date,2.4541666666666666,-0.5519444444444445,2.4967484061325536,-0.37461821020734687,-0.042581739465873625,-0.1773262342370976,0.1823668771826504
2025-07-16T06:00:00,neptune,j2000,2.45,-0.5527777777777778,2.1673760133452333,-0.5179386555856828,0.2826239866547553,-0.03483912219209506,0.28475095490517827
2025-07-16T06:00:00,neptune,of_date,2.45,-0.5527777777777778,2.4954330231880135,-0.3754145611280783,-0.04543302318802489,-0.1773632166496995,0.183089412970246
2025-07-16T12:00:00,neptune,j2000,2.45,-0.5536111111111112,2.1660269975429287,-0.518749447729988,0.2839730024570599,-0.034861663381123176,0.28609253285731634
2025-07-16T12:00:00,neptune,of_date,2.45,-0.5536111111111112,2.4940875693257,-0.3762236979465386,-0.04408756932571123,-0.17738741316457257,0.18278369344692175
2025-07-16T18:00:00,neptune,j2000,2.4458333333333333,-0.5547222222222222,2.16464791178646,-0.5195730045876218,0.28118542154686565,-0.03514921763460044,0.2833615312897864
2025-07-16T18:00:00,neptune,of_date,2.4458333333333333,-0.5547222222222222,2.492712195152876,-0.3770455528965188,-0.046878861819550366,-0.17767666932570342,0.18375657661866945
2025-07-17T00:00:00,neptune,j2000,2.4458333333333333,-0.5555555555555556,2.1632387819288965,-0.5204093124801346,0.28259455140442924,-0.035146243075421024,0.28475936478233155
2025-07-17T00:00:00,neptune,of_date,2.4458333333333333,-0.5555555555555556,2.4913070519756957,-0.3778800575648202,-0.04547371864236993,-0.1776754979907354,0.18340202509793596
2025-07-17T06:00:00,neptune,j2000,2.4458333333333333,-0.5563888888888889,2.16179963434746,-0.5212583574695977,0.2840336989858656,-0.03513053141929123,0.28618553277145165
2025-07-17T06:00:00,neptune,of_date,2.4458333333333333,-0.5563888888888889,2.489872289794903,-0.37872714375479527,-0.04403895646157707,-0.17766174513409366,0.18303823280214732
2025-07-17T12:00:00,neptune,j2000,2.4416666666666664,-0.5575,2.160330496007248,-0.5221201253228163,0.2813361706594151,-0.03537987467718373,0.28353967704767175
2025-07-17T12:00:00,neptune,of_date,2.4416666666666664,-0.5575,2.4884080552867545,-0.37958674435743256,-0.046741388620091584,-0.17791325564256744,0.18395036310837973
2025-07-17T18:00:00,neptune,j2000,2.4416666666666664,-0.5583333333333333,2.1588313945003392,-0.5229946014904795,0.28283527216632365,-0.035338731842853854,0.28502191421784584
2025-07-17T18:00:00,neptune,of_date,2.4416666666666664,-0.5583333333333333,2.486914489749495,-0.380458794246832,-0.04524782308283193,-0.17787453908650136,0.1835390369773412
2025-07-18T00:00:00,neptune,j2000,2.4416666666666664,-0.5591666666666667,2.157302358105369,-0.5238817710747117,0.2843643085612939,-0.03528489559195502,0.28653247303170354
2025-07-18T00:00:00,neptune,of_date,2.4416666666666664,-0.5591666666666667,2.4853917270953616,-0.38134323115856694,-0.043725060428698725,-0.17782343550809976,0.18311997379795894
2025-07-18T06:00:00,neptune,j2000,2.4375,-0.5602777777777779,2.1557434158150954,-0.5247816188151063,0.28175658418490457,-0.03549615896267155,0.2839711778029912
2025-07-18T06:00:00,neptune,of_date,2.4375,-0.5602777777777779,2.483839891874652,-0.38223999656462004,-0.04633989187465204,-0.17803778121315783,0.18396926406538827
2025-07-18T12:00:00,neptune,j2000,2.4375,-0.5611111111111111,2.1541545974230303,-0.5256941290409137,0.2833454025769697,-0.03541698207019739,0.2855376610427296
2025-07-18T12:00:00,neptune,of_date,2.4375,-0.5611111111111111,2.4822590974613377,-0.3831490364751416,-0.04475909746133766,-0.17796207463596952,0.18350405765141556
2025-07-18T18:00:00,neptune,j2000,2.433333333333333,-0.5622222222222223,2.15253593355186,-0.5266192856571155,0.280797399781477,-0.035602936565106824,0.28303290907946127
2025-07-18T18:00:00,neptune,of_date,2.433333333333333,-0.5622222222222223,2.480649444327014,-0.3840703022160862,-0.04731611099367683,-0.1781519200061361,0.18432787767074243
2025-07-19T00:00:00,neptune,j2000,2.433333333333333,-0.5633333333333334,2.1508874557148943,-0.5275570721118448,0.28244587761844286,-0.03577626122148858,0.28468997601472157
2025-07-19T00:00:00,neptune,of_date,2.433333333333333,-0.5633333333333334,2.479011018536198,-0.38500375111125434,-0.045677685202861085,-0.178329582222079,0.18408624674589505
2025-07-19T06:00:00,neptune,j2000,2.433333333333333,-0.5641666666666667,2.1492091963546613,-0.5285074713766562,0.2841241369786758,-0.03565919529001049,0.2863402889688103
2025-07-19T06:00:00,neptune,of_date,2.433333333333333,-0.5641666666666667,2.4773438904518343,-0.385949347081047,-0.04401055711849722,-0.1782173195856197,0.18357071504842135
2025-07-19T12:00:00,neptune,j2000,2.4291666666666667,-0.5652777777777778,2.1475011889122015,-0.5294704659099211,0.2816654777544727,-0.035807311867856684,0.28391963950917837
2025-07-19T12:00:00,neptune,of_date,2.4291666666666667,-0.5652777777777778,2.475648113743773,-0.3869070611097641,-0.04648144707709889,-0.17837071666801368,0.18432711838102497
2025-07-19T18:00:00,neptune,j2000,2.4291666666666667,-0.5663888888888889,2.145763467864356,-0.5304460376384502,0.28340319880231846,-0.03594285125043872,0.285660464126502
2025-07-19T18:00:00,neptune,of_date,2.4291666666666667,-0.5663888888888889,2.473923724677718,-0.3878768715991566,-0.04475705801104368,-0.17851201728973232,0.1840369365752514
2025-07-20T00:00:00,neptune,j2000,2.425,-0.5675,2.1439960687783923,-0.5314341679295748,0.28100393122161904,-0.03606583207042524,0.28329611556680134
2025-07-20T00:00:00,neptune,of_date,2.425,-0.5675,2.4721707417659218,-0.388858764565334,-0.04717074176591041,-0.17864123543466598,0.18476366822439533
2025-07-20T06:00:00,neptune,j2000,2.425,-0.5686111111111111,2.142199028344635,-0.5324348375755478,0.28280097165537654,-0.0361762735355633,0.285092487279425
2025-07-20T06:00:00,neptune,of_date,2.425,-0.5686111111111111,2.470389165766676,-0.38985273368841905,-0.04538916576666452,-0.17875837742269202,0.18443044236771236
2025-07-20T12:00:00,neptune,j2000,2.4208333333333334,-0.5694444444444444,2.140372384440184,-0.5334480267611315,0.2804609488931362,-0.035996417683312965,0.28274864682592826
2025-07-20T12:00:00,neptune,of_date,2.4208333333333334,-0.5694444444444444,2.4685789801030182,-0.39085878017716097,-0.04774564676969817,-0.17858566426728345,0.184857578504198
2025-07-20T18:00:00,neptune,j2000,2.4208333333333334,-0.5705555555555556,2.13851617615677,-0.5344737150509837,0.2823171571765499,-0.03608184050457186,0.2846005311790263
2025-07-20T18:00:00,neptune,of_date,2.4208333333333334,-0.5705555555555556,2.4667401516429095,-0.3918769124803077,-0.045906818309589426,-0.1786786430752479,0.18448128115485202
2025-07-21T00:00:00,neptune,j2000,2.4166666666666665,-0.5716666666666667,2.1366304438444104,-0.535511881368714,0.2800362228222468,-0.036154785297952685,0.28234753656291284
2025-07-21T00:00:00,neptune,of_date,2.4166666666666665,-0.5716666666666667,2.464872631887033,-0.3929071458170295,-0.0482059652203759,-0.17875952084963714,0.18514484827613648
2025-06-21T00:00:00,pluto,j2000,298.4583333333333,-20.554722222222225,306.19051259355024,-23.07687686386063,-7.732179260216924,2.522154641638405,7.607097446846156
2025-06-21T00:00:00,pluto,of_date,298.4583333333333,-20.554722222222225,306.56653574299565,-22.994563047813102,-8.10820240966234,2.4398408255908777,7.913484148887431
2025-06-21T06:00:00,pluto,j2000,298.45,-20.55611111111111,306.1857098804162,-23.0785689978934,-7.735709880416209,2.5224578867822878,7.610215810444537
2025-06-21T06:00:00,pluto,of_date,298.45,-20.55611111111111,306.5617495943459,-22.996259266734366,-8.111749594345895,2.4401481556232554,7.916633714964133
2025-06-21T12:00:00,pluto,j2000,298.4458333333333,-20.5575,306.1808886028677,-23.080263531973845,-7.735055269534371,2.522763531973844,7.609670717229477
2025-06-21T12:00:00,pluto,of_date,298.4458333333333,-20.5575,306.5569461145729,-22.99795734361064,-8.11111278123957,2.440457343610639,7.916089257779695
2025-06-21T18:00:00,pluto,j2000,298.44166666666666,-20.55888888888889,306.17604887190737,-23.08196043398476,-7.734382205240706,2.5230715450958705,7.609110238847859
2025-06-21T18:00:00,pluto,of_date,298.44166666666666,-20.55888888888889,306.5521253914736,-22.99965762412659,-8.11045872480696,2.4407687352377003,7.915530236902741
2025-06-22T00:00:00,pluto,j2000,298.4333333333333,-20.560277777777777,306.171190799815,-23.083659671508972,-7.737857466481728,2.5233818937311945,7.612182155075462
2025-06-22T00:00:00,pluto,of_date,298.4333333333333,-20.560277777777777,306.5472877174929,-23.001359782177023,-8.113954384159626,2.441082004399245,7.918635817975449
2025-06-22T06:00:00,pluto,j2000,298.4291666666667,-20.561666666666667,306.1663145001236,-23.085361211838794,-7.737147833456902,2.523694545172127,7.611591048579384
2025-06-22T06:00:00,pluto,of_date,298.4291666666667,-20.561666666666667,306.5424332129081,-23.003063953026203,-8.113266546241448,2.4413972863595355,7.918048033300418
2025-06-22T12:00:00,pluto,j2000,298.4208333333333,-20.563055555555557,306.16142008767844,-23.087065021955905,-7.740586754345145,2.524009466400347,7.6146324722114676
2025-06-22T12:00:00,pluto,of_date,298.4208333333333,-20.563055555555557,306.53756212871417,-23.004770073476124,-8.11672879538088,2.441714517920566,7.921125141833561
2025-06-22T18:00:00,pluto,j2000,298.4166666666667,-20.564444444444444,306.15650767859927,-23.088771068544734,-7.739841011932583,2.52432662410029,7.614011102528917
2025-06-22T18:00:00,pluto,of_date,298.4166666666667,-20.564444444444444,306.532674222279,-23.00647845364256,-8.116007555612327,2.4420340091981174,7.920509021826079
2025-06-23T00:00:00,pluto,j2000,298.4125,-20.565833333333334,306.1515773902877,-23.090479317989164,-7.739077390287662,2.5246459846558302,7.613374807807948
2025-06-23T00:00:00,pluto,of_date,298.4125,-20.565833333333334,306.5277699285493,-23.008188856472522,-8.115269928549253,2.442355523139188,7.919879049840385
2025-06-23T06:00:00,pluto,j2000,298.40416666666664,-20.56722222222222,306.1466293413736,-23.09218973639047,-7.742462674706985,2.5249675141682495,7.6163711377790175
2025-06-23T06:00:00,pluto,of_date,298.40416666666664,-20.56722222222222,306.52284918870174,-23.009901415351752,-8.118682522035101,2.442679193129532,7.922913965576784
2025-06-23T12:00:00,pluto,j2000,298.40000000000003,-20.56861111111111,306.14166365174395,-23.09390228955564,-7.74166365174392,2.5252911784445295,7.615705144108218
2025-06-23T12:00:00,pluto,of_date,298.40000000000003,-20.56861111111111,306.5179121133122,-23.01161613753015,-8.117912113312173,2.4430050264190406,7.9222562428779
2025-06-23T18:00:00,pluto,j2000,298.39166666666665,-20.57,306.13668044247197,-23.0956169430199,-7.745013775805319,2.525616943019898,7.618671907848722
2025-06-23T18:00:00,pluto,of_date,298.39166666666665,-20.57,306.5129584850593,-23.013333171262968,-8.121291818392649,2.4433331712629673,7.925263290383344
2025-06-24T00:00:00,pluto,j2000,298.3875,-20.57138888888889,306.1316798357944,-23.097333662052257,-7.744179835794398,2.525944773163367,7.617976600504747
2025-06-24T00:00:00,pluto,of_date,298.3875,-20.57138888888889,306.5079885245114,-23.01505245033417,-8.120488524511416,2.4436635614452804,7.924577796175995
2025-06-24T06:00:00,pluto,j2000,298.3833333333333,-20.572777777777777,306.12666195502476,-23.09905241168211,-7.7433286216914325,2.5262746339043325,7.617266853356075
2025-06-24T06:00:00,pluto,of_date,298.3833333333333,-20.572777777777777,306.50300212943847,-23.01677404622757,-8.119668796105145,2.4439962684497942,7.923878498867214
2025-06-24T12:00:00,pluto,j2000,298.375,-20.574166666666667,306.1216269245537,-23.100773156696224,-7.746626924553709,2.5266064900295575,7.620189953585608
2025-06-24T12:00:00,pluto,of_date,298.375,-20.574166666666667,306.49799919249773,-23.018498009840112,-8.12299919249773,2.4443313431734452,7.926843800155671
2025-06-24T18:00:00,pluto,j2000,298.3708333333333,-20.575555555555557,306.1165748697502,-23.102495861668793,-7.745741536416915,2.526940306113236,7.619451485477922
2025-06-24T18:00:00,pluto,of_date,298.3708333333333,-20.575555555555557,306.49297986568433,-23.020224304719168,-8.122146532351053,2.444668749163611,7.926116736909728
2025-06-25T00:00:00,pluto,j2000,298.3625,-20.577222222222222,306.1115059169129,-23.10422049097417,-7.749005916912893,2.5269982687519494,7.6222474733468975
2025-06-25T00:00:00,pluto,of_date,298.3625,-20.577222222222222,306.48794388996544,-23.021953007424283,-8.125443889965425,2.4447307852020614,7.928961672963841
2025-06-25T06:00:00,pluto,j2000,298.3583333333333,-20.578611111111112,306.1064201931623,-23.105947008819797,-7.748086859829016,2.527335897708685,7.621480665549746
2025-06-25T06:00:00,pluto,of_date,298.3583333333333,-20.578611111111112,306.4828912735951,-23.02368410503105,-8.124557940261809,2.44507299391994,7.928206541404698
2025-06-25T12:00:00,pluto,j2000,298.35416666666663,-20.58,306.10131782642213,-23.10767537924796,-7.747151159755504,2.527675379247963,7.620699924018493
2025-06-25T12:00:00,pluto,of_date,298.35416666666663,-20.58,306.4778219590378,-23.025417595185385,-8.123655292371154,2.4454175951853863,7.927437403238484
2025-06-25T18:00:00,pluto,j2000,298.3458333333333,-20.58138888888889,306.09619894530704,-23.10940556617013,-7.750365611973734,2.52801667728124,7.6235522819687
2025-06-25T18:00:00,pluto,of_date,298.3458333333333,-20.58138888888889,306.47273589424265,-23.02715346552733,-8.126902560909343,2.4457645766384424,7.93033242817429
2025-06-26T00:00:00,pluto,j2000,298.34166666666664,-20.58277777777778,306.0910636790646,-23.111137533382244,-7.749397012397935,2.528359755604466,7.622743835719617
2025-06-26T00:00:00,pluto,of_date,298.34166666666664,-20.58277777777778,306.4676330362759,-23.02889169352498,-8.125966369609273,2.446113915747201,7.929535005734109
2025-06-26T06:00:00,pluto,j2000,298.3333333333333,-20.584166666666665,306.08591215746026,-23.112871244599244,-7.752578824126942,2.5287045779325794,7.625568612259575
2025-06-26T06:00:00,pluto,of_date,298.3333333333333,-20.584166666666665,306.46251335452786,-23.03063224659564,-8.129180021194543,2.446465579928976,7.932401577495356
2025-06-26T12:00:00,pluto,j2000,298.32916666666665,-20.585555555555555,306.080744510761,-23.11460666345691,-7.751577844094356,2.5290511079013562,7.624732875159419
2025-06-26T12:00:00,pluto,of_date,298.32916666666665,-20.585555555555555,306.4573768335596,-23.03237508244705,-8.128210166892927,2.4468195268914954,7.931575732769426
2025-06-26T18:00:00,pluto,j2000,298.3208333333333,-20.586944444444445,306.0755608696239,-23.116343753545294,-7.754727536290602,2.5293993091008495,7.627530481225196
2025-06-26T18:00:00,pluto,of_date,298.3208333333333,-20.586944444444445,306.4522234753328,-23.034120149678625,-8.131390141999475,2.44717570523418,7.9344137511979325
2025-06-27T00:00:00,pluto,j2000,298.31666666666666,-20.58861111111111,306.0703613650468,-23.118082478421975,-7.753694698380116,2.5294713673108653,7.6265693048366545
2025-06-27T00:00:00,pluto,of_date,298.31666666666666,-20.58861111111111,306.44705330093495,-23.035867388559005,-8.130386634268291,2.447256277447895,7.9334669535512825
2025-06-27T06:00:00,pluto,j2000,298.3083333333333,-20.59,306.0651461282636,-23.119822801643547,-7.75681279493034,2.5298228016435473,7.629340171460831
2025-06-27T06:00:00,pluto,of_date,298.3083333333333,-20.59,306.44186635166596,-23.037616731981178,-8.133533018332685,2.447616731981178,7.936276441512844
2025-06-27T12:00:00,pluto,j2000,298.3041666666667,-20.591388888888886,306.05991529074265,-23.1215646867633,-7.755748624075977,2.5301757978744135,7.628451082373221
2025-06-27T12:00:00,pluto,of_date,298.3041666666667,-20.591388888888886,306.4366626896487,-23.039368106501655,-8.132496022982025,2.447979217612769,7.935393715909843
2025-06-27T18:00:00,pluto,j2000,298.3,-20.592777777777776,306.0546689840919,-23.123308097360148,-7.754668984091893,2.530530319582372,7.627549001301258
2025-06-27T18:00:00,pluto,of_date,298.3,-20.592777777777776,306.4314423977967,-23.04112143348679,-8.131442397796661,2.4483436557090137,7.934496934667964
2025-06-28T00:00:00,pluto,j2000,298.29166666666663,-20.594166666666666,306.04940734002776,-23.125052997046502,-7.757740673361127,2.530886330379836,7.630280482724057
2025-06-28T00:00:00,pluto,of_date,298.29166666666663,-20.594166666666666,306.42620557934055,-23.04287663027133,-8.134538912673918,2.4487099636046636,7.9372638858773
2025-06-28T06:00:00,pluto,j2000,298.2875,-20.59583333333333,306.04413049029137,-23.126799349494124,-7.756630490291343,2.530966016160793,7.629253986177587
2025-06-28T06:00:00,pluto,of_date,298.2875,-20.59583333333333,306.42095235686105,-23.044633611329115,-8.133452356861028,2.448800277995783,7.936246561389162
2025-06-28T12:00:00,pluto,j2000,298.27916666666664,-20.59722222222222,306.03883856666744,-23.128547118425956,-7.7596719000007965,2.531324896203735,7.631959768023393
2025-06-28T12:00:00,pluto,of_date,298.27916666666664,-20.59722222222222,306.4156828710568,-23.046392289367887,-8.136516204390148,2.4491700671456655,7.938985573669117
2025-06-28T18:00:00,pluto,j2000,298.275,-20.59861111111111,306.03353170091134,-23.13029626763891,-7.758531700911362,2.5316851565278,7.631006436546783
2025-06-28T18:00:00,pluto,of_date,298.275,-20.59861111111111,306.4103972791336,-23.048152576383426,-8.1353972791336,2.449541465272315,7.93803311348619
2025-06-29T00:00:00,pluto,j2000,298.26666666666665,-20.6,306.02821002473866,-23.132046761005835,-7.761543358072004,2.5320467610058337,7.6336869189505085
2025-06-29T00:00:00,pluto,of_date,298.26666666666665,-20.6,306.4050957530531,-23.049914384597216,-8.138429086386452,2.4499143845972142,7.940744627998159
2025-06-29T06:00:00,pluto,j2000,298.2625,-20.60138888888889,306.02287366976304,-23.13379856249537,-7.760373669763055,2.5324096736064803,7.6327086053441215
2025-06-29T06:00:00,pluto,of_date,298.2625,-20.60138888888889,306.3997784776084,-23.051677627299377,-8.13727847760839,2.4502887384104852,7.9397650510203945
2025-06-29T12:00:00,pluto,j2000,298.25416666666666,-20.603055555555557,306.0175227675343,-23.135551636158354,-7.763356100867611,2.5324960806027974,7.635265622477921
2025-06-29T12:00:00,pluto,of_date,298.25416666666666,-20.603055555555557,306.394445648553,-23.053442219535444,-8.140278981886354,2.450386663979888,7.942357109656426
2025-06-29T18:00:00,pluto,j2000,298.25,-20.604444444444447,306.01215744948456,-23.137305946145162,-7.762157449484562,2.5328615017007152,7.634262722770294
2025-06-29T18:00:00,pluto,of_date,298.25,-20.604444444444447,306.38909747066157,-23.055208078698225,-8.139097470661568,2.4507636342537786,7.941350990605514
2025-06-30T00:00:00,pluto,j2000,298.2416666666667,-20.605833333333333,306.0067778469362,-23.139061456702805,-7.765111180269514,2.5332281233694722,7.636893871953794
2025-06-30T00:00:00,pluto,of_date,298.2416666666667,-20.605833333333333,306.3837341559279,-23.056975124975953,-8.142067489261251,2.4511417916426197,7.944009258727149
2025-06-30T06:00:00,pluto,j2000,298.2375,-20.607222222222223,306.0013840910529,-23.140818132190493,-7.763884091052887,2.5335959099682697,7.635866830467177
2025-06-30T06:00:00,pluto,of_date,298.2375,-20.607222222222223,306.37835592182944,-23.05874328170348,-8.140855921829427,2.4515210594812586,7.942977281749882
2025-06-30T12:00:00,pluto,j2000,298.2291666666667,-20.60888888888889,305.9959763128955,-23.142575937061647,-7.766809646228808,2.533687048172755,7.638375336178145
2025-06-30T12:00:00,pluto,of_date,298.2291666666667,-20.60888888888889,306.3729629898458,-23.06051247557603,-8.143796323179117,2.4516235866871376,7.945517389814648
2025-06-30T18:00:00,pluto,j2000,298.225,-20.610277777777778,305.99055464337744,-23.14433483587822,-7.765554643377413,2.5340570581004407,7.637324547021083
2025-06-30T18:00:00,pluto,of_date,298.225,-20.610277777777778,306.3675555840481,-23.062282636806078,-8.142555584048068,2.4520048590282997,7.944460233125384
2025-07-01T00:00:00,pluto,j2000,298.21666666666664,-20.611666666666668,305.9851192132856,-23.146094793304275,-7.76845254661896,2.534428126637607,7.639908025486889
2025-07-01T00:00:00,pluto,of_date,298.21666666666664,-20.611666666666668,306.3621339299257,-23.064053699186427,-8.145467263259036,2.452387032519759,7.947067956784064
2025-07-01T06:00:00,pluto,j2000,298.21250000000003,-20.613055555555558,305.9796701284323,-23.147855779603667,-7.767170128432269,2.5348002240481087,7.638833912261136
2025-07-01T06:00:00,pluto,of_date,298.21250000000003,-20.613055555555558,306.3566982285426,-23.065825605650875,-8.144198228542564,2.4527700500953173,7.945986348185859
2025-07-01T12:00:00,pluto,j2000,298.20416666666665,-20.614722222222223,305.9742075447431,-23.14961775401102,-7.770040878076429,2.5348955317887985,7.641295544465795
2025-07-01T12:00:00,pluto,of_date,298.20416666666665,-20.614722222222223,306.3512487306711,-23.06759829146449,-8.14708206400445,2.452876069242265,7.948477314560039
2025-07-01T18:00:00,pluto,j2000,298.2,-20.616111111111113,305.96873159259565,-23.151380681508194,-7.768731592595657,2.5352695703970802,7.640198520175743
2025-07-01T18:00:00,pluto,of_date,298.2,-20.616111111111113,306.34578566048464,-23.069371701097957,-8.145785660484648,2.4532605899868436,7.947371983161863
2025-07-02T00:00:00,pluto,j2000,298.19166666666666,-20.6175,305.96324240225044,-23.153144527177286,-7.771575735583781,2.5356445271772863,7.642735967119224
2025-07-02T00:00:00,pluto,of_date,298.19166666666666,-20.6175,306.34030924034107,-23.071145782458135,-8.148642573674408,2.4536457824581355,7.949932037830047
2025-07-02T06:00:00,pluto,j2000,298.1875,-20.61916666666667,305.9577401038132,-23.154909256212804,-7.770240103813194,2.5357425895461354,7.641517839156821
2025-07-02T06:00:00,pluto,of_date,298.1875,-20.61916666666667,306.33481969021636,-23.072920486823147,-8.147319690216364,2.4537538201564786,7.948711165711148
2025-07-02T12:00:00,pluto,j2000,298.1791666666667,-20.620555555555555,305.9522248273007,-23.156674833900908,-7.7730581606340365,2.5361192783453532,7.64403290766426
2025-07-02T12:00:00,pluto,of_date,298.1791666666667,-20.620555555555555,306.3293172273078,-23.074695768744412,-8.150150560641123,2.4541402131888574,7.951248488301202
2025-07-02T18:00:00,pluto,j2000,298.175,-20.621944444444445,305.9466967026047,-23.158441225631474,-7.771696702604686,2.5364967811870294,7.642891337089917
2025-07-02T18:00:00,pluto,of_date,298.175,-20.621944444444445,306.3238020655809,-23.07647158598527,-8.148802065580867,2.454527141540826,7.950097912579988
2025-07-03T00:00:00,pluto,j2000,298.1666666666667,-20.62361111111111,305.941155859515,-23.160208396890617,-7.774489192848307,2.536597285779507,7.645285800128046
2025-07-03T00:00:00,pluto,of_date,298.1666666666667,-20.62361111111111,306.318274415405,-23.07824789944484,-8.151607748738343,2.4546367883337297,7.952520633859784
2025-07-03T06:00:00,pluto,j2000,298.1625,-20.625,305.93560242768336,-23.161976313272984,-7.773102427683341,2.5369763132729837,7.644122566878003
2025-07-03T06:00:00,pluto,of_date,298.1625,-20.625,306.3127344831456,-23.08002467310549,-8.150234483145596,2.455024673105491,7.951348484139615
2025-07-03T12:00:00,pluto,j2000,298.15416666666664,-20.62638888888889,305.93003653668654,-23.163744940461374,-7.775869870019903,2.537356051572484,7.646594102362901
2025-07-03T12:00:00,pluto,of_date,298.15416666666664,-20.62638888888889,306.3071824708646,-23.081801873949257,-8.153015804197935,2.4554129850603665,7.953842436334046
2025-07-03T18:00:00,pluto,j2000,298.15000000000003,-20.628055555555555,305.9244583159891,-23.16551424423927,-7.774458315989079,2.5374586886837136,7.645310990301795
2025-07-03T18:00:00,pluto,of_date,298.15000000000003,-20.628055555555555,306.30161857592464,-23.08357947190555,-8.151618575924601,2.4555239163499962,7.952556818576857
2025-07-04T00:00:00,pluto,j2000,298.14166666666665,-20.629444444444445,305.9188678949646,-23.167284190483983,-7.77720122829794,2.5378397460395377,7.647761383728456
2025-07-04T00:00:00,pluto,of_date,298.14166666666665,-20.629444444444445,306.2960429906593,-23.085357439774487,-8.154376323992665,2.455912995330042,7.95503009833253
2025-07-04T06:00:00,pluto,j2000,298.1375,-20.630833333333335,305.91326540285513,-23.169054745179643,-7.775765402855143,2.5382214118463082,7.646556096621138
2025-07-04T06:00:00,pluto,of_date,298.1375,-20.630833333333335,306.29045590198876,-23.087135753161547,-8.152955901988776,2.456302419828212,7.953816834719048
2025-07-04T12:00:00,pluto,j2000,298.12916666666666,-20.6325,305.90765096883393,-23.17082587439763,-7.778484302167271,2.5383258743976285,7.648887095263052
2025-07-04T12:00:00,pluto,of_date,298.12916666666666,-20.6325,306.2848574911531,-23.088914390368526,-8.155690824486442,2.4564143903685256,7.956177469609206
2025-07-04T18:00:00,pluto,j2000,298.125,-20.633888888888887,305.9020247219637,-23.172597544309816,-7.7770247219636985,2.5387086554209297,7.64766138882184
2025-07-04T18:00:00,pluto,of_date,298.125,-20.633888888888887,306.2792479333618,-23.09069333230418,-8.154247933361773,2.456804443415294,7.954944579745222
2025-07-05T00:00:00,pluto,j2000,298.1166666666667,-20.635277777777777,305.89638679121487,-23.174369721182718,-7.7797201245481915,2.539091943404941,7.650070718853244
2025-07-05T00:00:00,pluto,of_date,298.1166666666667,-20.635277777777777,306.2736273975286,-23.09247256236193,-8.156960730861954,2.4571947845841535,7.957378367866492
2025-07-05T06:00:00,pluto,j2000,298.1125,-20.636944444444445,305.8907373054225,-23.176142371391162,-7.778237305422465,2.5391979269467164,7.6487263485461385
2025-07-05T06:00:00,pluto,of_date,298.1125,-20.636944444444445,306.2679960459754,-23.09425206630299,-8.155496045975383,2.4573076218585435,7.956033829046822
2025-07-05T12:00:00,pluto,j2000,298.10416666666663,-20.638333333333332,305.88507639334574,-23.177915461399586,-7.780909726679113,2.539582128066254,7.651115768950316
2025-07-05T12:00:00,pluto,of_date,298.10416666666663,-20.638333333333332,306.2623540342717,-23.096031832094095,-8.15818736760508,2.457698498760763,7.958448732698792
2025-07-05T18:00:00,pluto,j2000,298.1,-20.639722222222222,305.8794041836233,-23.179688957776015,-7.779404183623285,2.5399667355537936,7.649850491308242
2025-07-05T18:00:00,pluto,of_date,298.1,-20.639722222222222,306.256701511005,-23.097811849766188,-8.156701511004997,2.4580896275439663,7.95717831498041
2025-07-06T00:00:00,pluto,j2000,298.09166666666664,-20.641388888888887,305.8737208047894,-23.18146282718696,-7.78205413812276,2.5400739382980717,7.65212171888642
2025-07-06T00:00:00,pluto,of_date,298.09166666666664,-20.641388888888887,306.2510386176448,-23.099592111244107,-8.15937195097814,2.4582032223552197,7.959482210959269
2025-07-06T06:00:00,pluto,j2000,298.0875,-20.642777777777777,305.8680263852282,-23.183237036411658,-7.7805263852282,2.540459258633881,7.650837260306884
2025-07-06T06:00:00,pluto,of_date,298.0875,-20.642777777777777,306.2453654883759,-23.101372610187198,-8.157865488375933,2.458594832409421,7.958193778254147
2025-07-06T12:00:00,pluto,j2000,298.07916666666665,-20.644444444444446,305.86232105323177,-23.18501155232375,-7.783154386565116,2.540567107879305,7.653089389542163
2025-07-06T12:00:00,pluto,of_date,298.07916666666665,-20.644444444444446,306.23968225006365,-23.103153341790193,-8.160515583397,2.4587088973457476,7.960479762339108
2025-07-06T18:00:00,pluto,j2000,298.0708333333334,-20.645833333333332,305.8566049369534,-23.186786341905957,-7.785771603619992,2.5409530085726253,7.65543083580332
2025-07-06T18:00:00,pluto,of_date,298.0708333333334,-20.645833333333332,306.2339890221371,-23.104934302610435,-8.163155688803727,2.4591009692771024,7.962849601702796
2025-07-07T00:00:00,pluto,j2000,298.06666666666666,-20.647222222222222,305.8508781644231,-23.18856137224492,-7.7842114977564165,2.541339150022697,7.654118298219563
2025-07-07T00:00:00,pluto,of_date,298.06666666666666,-20.647222222222222,306.2282859165568,-23.10671549036818,-8.161619249890123,2.459493268145959,7.961534895473324
2025-07-07T06:00:00,pluto,j2000,298.05833333333334,-20.648888888888887,305.8451408635014,-23.19033661054575,-7.786807530168062,2.541447721656862,7.656342568529411
2025-07-07T06:00:00,pluto,of_date,298.05833333333334,-20.648888888888887,306.22257303773875,-23.10849690375848,-8.164239704405418,2.459608014869591,7.963794794359837
2025-07-07T12:00:00,pluto,j2000,298.0541666666667,-20.650277777777777,305.8393931619373,-23.19211202411363,-7.785226495270649,2.5418342463358528,7.655011876745004
2025-07-07T12:00:00,pluto,of_date,298.0541666666667,-20.650277777777777,306.216850482604,-23.1102785422192,-8.162683815937328,2.4600007644414212,7.962463091457765
2025-07-07T18:00:00,pluto,j2000,298.04583333333335,-20.651944444444442,305.83363518732233,-23.19388758036824,-7.787801853988981,2.5419431359237983,7.657218067504476
2025-07-07T18:00:00,pluto,of_date,298.04583333333335,-20.651944444444442,306.21111834054676,-23.112060405718665,-8.165285007213413,2.460115961274223,7.964706028245654
2025-07-08T00:00:00,pluto,j2000,298.04166666666663,-20.653333333333332,305.827867067108,-23.19566324683812,-7.786200400441373,2.542329913504787,7.655869631037859
2025-07-08T00:00:00,pluto,of_date,298.04166666666663,-20.653333333333332,306.2053766934973,-23.113842494505903,-8.1637100268307,2.4605091611725705,7.96335764684956
2025-07-08T06:00:00,pluto,j2000,298.03333333333336,-20.654722222222222,305.82208892856,-23.19743899117483,-7.7887555952266325,2.5427167689526087,7.658156853702743
2025-07-08T06:00:00,pluto,of_date,298.03333333333336,-20.654722222222222,306.1996256159615,-23.1156248088602,-8.166292282628149,2.460902586637978,7.965676567899297
2025-07-08T12:00:00,pluto,j2000,298.02916666666664,-20.656388888888888,305.8163008988208,-23.199214781133623,-7.787134232154187,2.5428258922447355,7.65669237616974
2025-07-08T12:00:00,pluto,of_date,298.02916666666664,-20.656388888888888,306.1938651752218,-23.11740734878304,-8.164698508555148,2.4610184598941522,7.964219117708592
2025-07-08T18:00:00,pluto,j2000,298.02083333333337,-20.657777777777778,305.81050310486614,-23.20099058458686,-7.789669771532772,2.543212806809084,7.658962341322836
2025-07-08T18:00:00,pluto,of_date,298.02083333333337,-20.657777777777778,306.1880954315007,-23.119190113696355,-8.167262098167328,2.4614123359185776,7.966521615141829
2025-07-09T00:00:00,pluto,j2000,298.01666666666665,-20.659444444444443,305.80469567352685,-23.20276636951736,-7.788029006860199,2.5433219250729167,7.6574809255567615
2025-07-09T00:00:00,pluto,of_date,298.01666666666665,-20.659444444444443,306.1823164382747,-23.120973102092936,-8.16564977160806,2.4615286576484934,7.965047956928093
2025-07-09T06:00:00,pluto,j2000,298.0083333333333,-20.660833333333333,305.7988787314477,-23.204542104030864,-7.790545398114375,2.543708770697531,7.659734038455217
2025-07-09T06:00:00,pluto,of_date,298.0083333333333,-20.660833333333333,306.1765282426266,-23.12275631117833,-8.168194909293277,2.4619229778449956,7.967334218950384
2025-07-09T12:00:00,pluto,j2000,298.0,-20.662499999999998,305.7930524051564,-23.206317756335405,-7.793052405156402,2.5438177563354074,7.661880168057931
2025-07-09T12:00:00,pluto,of_date,298.0,-20.662499999999998,306.170730885825,-23.12453973645411,-8.17073088582498,2.4620397364541127,7.969519749112138
2025-07-09T18:00:00,pluto,j2000,297.9958333333334,-20.663888888888888,305.7872168210253,-23.20809329475278,-7.791383487691917,2.5442044058638906,7.660472755993216
2025-07-09T18:00:00,pluto,of_date,297.9958333333334,-20.663888888888888,306.1649244039286,-23.126323371312466,-8.169091070595186,2.4624344824235784,7.968114687044276
2025-07-10T00:00:00,pluto,j2000,297.9875,-20.665277777777778,305.7813721053013,-23.209868687709996,-7.793872105301261,2.544590909932218,7.662701354157777
2025-07-10T00:00:00,pluto,of_date,297.9875,-20.665277777777778,306.15910882859856,-23.12810720659602,-8.17160882859855,2.4628294288182424,7.970376848561172
2025-07-10T06:00:00,pluto,j2000,297.98333333333335,-20.666944444444447,305.77551838407175,-23.211643903749515,-7.7921850507383965,2.5446994593050682,7.661179303300831
2025-07-10T06:00:00,pluto,of_date,297.98333333333335,-20.666944444444447,306.1532841879942,-23.12989123017014,-8.16995085466084,2.462946785725695,7.968863245213677
2025-07-10T12:00:00,pluto,j2000,297.975,-20.668333333333333,305.76965578334125,-23.213418911506444,-7.794655783341227,2.5450855781731114,7.663392058704239
2025-07-10T12:00:00,pluto,of_date,297.975,-20.668333333333333,306.14745050792374,-23.131675426466835,-8.172450507923713,2.4633420931335017,7.971109456296017
2025-07-10T18:00:00,pluto,j2000,297.97083333333336,-20.67,305.76378442900295,-23.215193679717537,-7.7929510956695935,2.545193679717535,7.661854488355687
2025-07-10T18:00:00,pluto,of_date,297.97083333333336,-20.67,306.14160781303065,-23.13345977607627,-8.170774479697286,2.4634597760762666,7.969580057776015
2025-07-11T00:00:00,pluto,j2000,297.96250000000003,-20.67138888888889,305.75790444687647,-23.21696817721,-7.795404446876432,2.5455792883211075,7.664051803933963
2025-07-11T00:00:00,pluto,of_date,297.96250000000003,-20.67138888888889,306.13575612817147,-23.135244255347228,-8.173256128171431,2.4638553664583362,7.971810385570118
2025-07-11T06:00:00,pluto,j2000,297.95833333333337,-20.673055555555557,305.7520159135582,-23.2187423838336,-7.793682580224811,2.5456868282780434,7.662499078542072
2025-07-11T06:00:00,pluto,of_date,297.95833333333337,-20.673055555555557,306.12989543077003,-23.13702884707308,-8.171562097436663,2.4639732915175223,7.970265216191344
2025-07-11T12:00:00,pluto,j2000,297.95,-20.674444444444447,305.74611900437486,-23.22051625752304,-7.796119004374873,2.546071813078594,7.664681317665644
2025-07-11T12:00:00,pluto,of_date,297.95,-20.674444444444447,306.12402580013065,-23.13881350696222,-8.174025800130664,2.464369062517772,7.972479684863676
2025-07-11T18:00:00,pluto,j2000,297.9416666666667,-20.676111111111112,305.74021384500924,-23.222289767355083,-7.798547178342517,2.5461786562439706,7.666757443854161
2025-07-11T18:00:00,pluto,of_date,297.9416666666667,-20.676111111111112,306.1181472708143,-23.14059819677413,-8.17648060414757,2.4644870856630163,7.974593561734303
2025-07-12T00:00:00,pluto,j2000,297.9375,-20.677500000000002,305.7343005611611,-23.224062882471763,-7.796800561161092,2.546562882471761,7.665281486619454
2025-07-12T00:00:00,pluto,of_date,297.9375,-20.677500000000002,306.11225988384115,-23.14238287299699,-8.174759883841148,2.464882872996988,7.973117587926769
2025-07-12T06:00:00,pluto,j2000,297.9291666666667,-20.679166666666667,305.7283792785306,-23.225835572085685,-7.799212611863936,2.5466689054190184,7.667343167909904
2025-07-12T06:00:00,pluto,of_date,297.9291666666667,-20.679166666666667,306.1063636882528,-23.144167486796544,-8.177197021586153,2.4650008201298768,7.975215768247252
2025-07-12T12:00:00,pluto,j2000,297.925,-20.680555555555557,305.7224501229151,-23.227607805451772,-7.797450122915109,2.5470522498962147,7.665853117424749
2025-07-12T12:00:00,pluto,of_date,297.925,-20.680555555555557,306.1004587427303,-23.145951984025526,-8.175458742730314,2.465396428469969,7.9737243141461756
2025-07-12T18:00:00,pluto,j2000,297.91666666666674,-20.681944444444447,305.7165132201979,-23.229379551871226,-7.799846553531154,2.5474351074267787,7.667999531106556
2025-07-12T18:00:00,pluto,of_date,297.91666666666674,-20.681944444444447,306.0945451170093,-23.147736305364884,-8.177878450342575,2.4657918609204366,7.975899680199558
2025-07-13T00:00:00,pluto,j2000,297.9125,-20.683611111111112,305.7105686964034,-23.231150780675588,-7.798068696403391,2.5475396695644754,7.666397017771759
2025-07-13T00:00:00,pluto,of_date,297.9125,-20.683611111111112,306.0886228932304,-23.149520386545298,-8.1761228932304,2.4659092754341856,7.974300193963166
2025-07-13T06:00:00,pluto,j2000,297.9041666666667,-20.685,305.70461667768933,-23.23292146122987,-7.800450011022633,2.5479214612298726,7.668529805740893
2025-07-13T06:00:00,pluto,of_date,297.9041666666667,-20.685,306.0826921670621,-23.151304158687683,-8.17852550039538,2.4663041586876844,7.97646024342089
2025-07-13T12:00:00,pluto,j2000,297.89583333333337,-20.686666666666667,305.6986572904501,-23.234691562902317,-7.802823957116743,2.548024896235649,7.6705571584991254
2025-07-13T12:00:00,pluto,of_date,297.89583333333337,-20.686666666666667,306.07675304874067,-23.153087548705837,-8.180919715407299,2.46642088203917,7.9785200000549805
2025-07-13T18:00:00,pluto,j2000,297.8916666666667,-20.688055555555557,305.6926906613109,-23.236461055066865,-7.801023994644197,2.5484054995113077,7.669033564713695
2025-07-13T18:00:00,pluto,of_date,297.8916666666667,-20.688055555555557,306.0708056637828,-23.15487047983188,-8.17913899711607,2.466814924276324,7.976990750040438
2025-07-14T00:00:00,pluto,j2000,297.8833333333334,-20.689722222222223,305.6867169171886,-23.238229907085795,-7.803383583855236,2.548507684863573,7.671047887275392
2025-07-14T00:00:00,pluto,of_date,297.8833333333334,-20.689722222222223,306.06485015352575,-23.15665287220335,-8.181516820192371,2.4669306499811263,7.979035675790489
2025-07-14T06:00:00,pluto,j2000,297.8791666666667,-20.691111111111113,305.68073618528825,-23.23999808831137,-7.801569518621534,2.548886977200258,7.669511622120818
2025-07-14T06:00:00,pluto,of_date,297.8791666666667,-20.691111111111113,306.05888667535197,-23.158434643541135,-8.179720008685251,2.4673235324300222,7.977491968087631
2025-07-14T12:00:00,pluto,j2000,297.87083333333334,-20.692777777777778,305.674748593209,-23.241765568055133,-7.80391525987568,2.548987790277355,7.67151332245216
2025-07-14T12:00:00,pluto,of_date,297.87083333333334,-20.692777777777778,306.05291540276113,-23.160215709855656,-8.182082069427793,2.4674379320778783,7.979522526047637
2025-07-14T18:00:00,pluto,j2000,297.86666666666673,-20.694166666666668,305.66875426894126,-23.2435323155895,-7.802087602274526,2.5493656489228336,7.6699647962587605
2025-07-14T18:00:00,pluto,of_date,297.86666666666673,-20.694166666666668,306.0469365250685,-23.16199598623366,-8.180269858401743,2.4678293195669916,7.9779648794611076
2025-07-15T00:00:00,pluto,j2000,297.85833333333335,-20.695833333333333,305.66275334092904,-23.24529830012995,-7.804420007595695,2.5494649667966165,7.671954284913959
2025-07-15T00:00:00,pluto,of_date,297.85833333333335,-20.695833333333333,306.0409502469048,-23.163775387641454,-8.18261691357145,2.4679420543081214,7.979981641855931
2025-07-15T06:00:00,pluto,j2000,297.85,-20.697222222222223,305.6567459380655,-23.247063490836855,-7.8067459380654896,2.5498412686146317,7.674036657763871
2025-07-15T06:00:00,pluto,of_date,297.85,-20.697222222222223,306.0349567873902,-23.165553829770474,-8.18495678739015,2.468331607548251,7.982084546135302
2025-07-15T12:00:00,pluto,j2000,297.84583333333336,-20.698888888888888,305.6507321898006,-23.248827856784647,-7.804898856467219,2.549938967895759,7.672371601268332
2025-07-15T12:00:00,pluto,of_date,297.84583333333336,-20.698888888888888,306.02895637917015,-23.16733122985944,-8.183123045836794,2.468442340970551,7.980414327514686
2025-07-15T18:00:00,pluto,j2000,297.8375,-20.700277777777778,305.6447122261342,-23.25059136696412,-7.807212226134197,2.5503135891863415,7.6744423973342535
2025-07-15T18:00:00,pluto,of_date,297.8375,-20.700277777777778,306.02294926709874,-23.169107507546414,-8.185449267098761,2.468829729768636,7.982504502984513
2025-07-16T00:00:00,pluto,j2000,297.83333333333337,-20.701944444444443,305.63868617767787,-23.252353990265124,-7.8053528443444975,2.5504095458206812,7.672766104917411
2025-07-16T00:00:00,pluto,of_date,297.83333333333337,-20.701944444444443,306.01693570676736,-23.170882585684588,-8.183602373433985,2.4689381412401445,7.980822082710104
2025-07-16T06:00:00,pluto,j2000,297.825,-20.703333333333333,305.6326541756463,-23.25411569547947,-7.807654175646292,2.550782362146137,7.674825743465926
2025-07-16T06:00:00,pluto,of_date,297.825,-20.703333333333333,306.01091596275637,-23.17265639114925,-8.185915962756383,2.4693230578159167,7.982900343007294
2025-07-16T12:00:00,pluto,j2000,297.8208333333334,-20.705,305.62661635196037,-23.255876451271213,-7.8057830186269825,2.5508764512712148,7.673138636955407
2025-07-16T12:00:00,pluto,of_date,297.8208333333334,-20.705,306.00489030681274,-23.17442885556991,-8.184056973479358,2.4694288555699124,7.981206571084675
2025-07-16T18:00:00,pluto,j2000,297.8125,-20.70638888888889,305.6205728392363,-23.25763622618041,-7.808072839236274,2.551247337291521,7.6751875414998505
2025-07-16T18:00:00,pluto,of_date,297.8125,-20.70638888888889,305.99885901575,-23.176199916041693,-8.186359015749986,2.4698110271528044,7.9832737963072935
2025-07-17T00:00:00,pluto,j2000,297.80416666666673,-20.70777777777778,305.6145237708407,-23.25939498860749,-7.810357104173988,2.5516172108297113,7.677231241670772
2025-07-17T00:00:00,pluto,of_date,297.80416666666673,-20.70777777777778,305.99282236927456,-23.177969515750135,-8.188655702607832,2.470191737972357,7.985335843980103
2025-07-17T06:00:00,pluto,j2000,297.8,-20.709444444444443,305.60846928087534,-23.261152706817942,-7.808469280875329,2.5517082623734986,7.6755286458743575
2025-07-17T06:00:00,pluto,of_date,297.8,-20.709444444444443,305.98678064763254,-23.179737604536886,-8.186780647632531,2.4702931600924423,7.983626687877648
2025-07-17T12:00:00,pluto,j2000,297.7916666666667,-20.710833333333333,305.60240950427306,-23.26290934891494,-7.8107428376063694,2.552076015581605,7.677562256117287
2025-07-17T12:00:00,pluto,of_date,297.7916666666667,-20.710833333333333,305.9807341292883,-23.181504139341175,-8.189067462621608,2.470670806007842,7.985679087884104
2025-07-17T18:00:00,pluto,j2000,297.7875,-20.7125,305.5963445767786,-23.2646648828452,-7.808844576778597,2.552164882845201,7.6758499208341275
2025-07-17T18:00:00,pluto,of_date,297.7875,-20.7125,305.97468308844486,-23.18326908457047,-8.18718308844484,2.4707690845704704,7.9839608797321855
2025-07-18T00:00:00,pluto,j2000,297.7791666666667,-20.71388888888889,305.59027463500485,-23.266419276382823,-7.811107968338149,2.5525303874939347,7.677873877086561
2025-07-18T00:00:00,pluto,of_date,297.7791666666667,-20.71388888888889,305.9686277926365,-23.185032412333197,-8.189461125969785,2.471143523444308,7.986004557285129
2025-07-18T06:00:00,pluto,j2000,297.775,-20.715555555555554,305.58419981636325,-23.268172497149905,-7.809199816363275,2.5526169415943514,7.676152241181598
2025-07-18T06:00:00,pluto,of_date,297.775,-20.715555555555554,305.96256850023406,-23.186794102581935,-8.187568500234079,2.471238547026381,7.9842782071557705
2025-07-18T12:00:00,pluto,j2000,297.7666666666667,-20.716944444444444,305.57812025921646,-23.26992451257252,-7.8114535925497535,2.5529800681280754,7.6781669848271195
2025-07-18T12:00:00,pluto,of_date,297.7666666666667,-20.716944444444444,305.9565054582586,-23.188554143055143,-8.18983879159191,2.471609698610699,7.986314049250082
2025-07-18T18:00:00,pluto,j2000,297.7583333333333,-20.71861111111111,305.572036102801,-23.27167528990311,-7.813702769467682,2.5530641787920025,7.680078428172225
2025-07-18T18:00:00,pluto,of_date,297.7583333333333,-20.71861111111111,305.95043890010146,-23.190312529141966,-8.192105566768134,2.4717014180308574,7.9882534431172205
2025-07-19T00:00:00,pluto,j2000,297.7541666666667,-20.72,305.5659474872721,-23.273424796207934,-7.8117808206054065,2.553424796207935,7.678442470913475
2025-07-19T00:00:00,pluto,of_date,297.7541666666667,-20.72,305.9443690435525,-23.192069263562455,-8.190202376885793,2.4720692635624566,7.986609235556473
2025-07-19T06:00:00,pluto,j2000,297.74583333333334,-20.721666666666664,305.55985455366397,-23.275172998378448,-7.8140212203306305,2.553506331711784,7.680345360731357
2025-07-19T06:00:00,pluto,of_date,297.74583333333334,-20.721666666666664,305.93829608898415,-23.193824355920068,-8.192462755650809,2.472157689253404,7.988541968909749
2025-07-19T12:00:00,pluto,j2000,297.7416666666667,-20.723055555555554,305.55375744396036,-23.276919863111075,-7.81209077729369,2.5538643075555214,7.678701238432105
2025-07-19T12:00:00,pluto,of_date,297.7416666666667,-20.723055555555554,305.93222021793537,-23.195577822071666,-8.190553551268692,2.472522266516112,7.986891602042967
2025-07-19T18:00:00,pluto,j2000,297.7333333333333,-20.72472222222222,305.54765630104646,-23.27866535692113,-7.814322967713167,2.553943134698912,7.68059603067994
2025-07-19T18:00:00,pluto,of_date,297.7333333333333,-20.72472222222222,305.92614159191635,-23.197329683385938,-8.192808258583057,2.4726074611637188,7.988818332220373
2025-07-20T00:00:00,pluto,j2000,297.72499999999997,-20.72611111111111,305.5415512687257,-23.280409446138012,-7.816551268725732,2.5542983350269033,7.682585855945354
2025-07-20T00:00:00,pluto,of_date,297.72499999999997,-20.72611111111111,305.9200603516598,-23.199079965846412,-8.195060351659833,2.472968854735303,7.990835142961392
2025-07-20T06:00:00,pluto,j2000,297.7208333333333,-20.727777777777778,305.53544249166157,-23.282152096921614,-7.814609158328267,2.554374319143836,7.680831358655598
2025-07-20T06:00:00,pluto,of_date,297.7208333333333,-20.727777777777778,305.91397661671635,-23.200828699052934,-8.193143283383051,2.4730509212751564,7.989083651214747
2025-07-20T12:00:00,pluto,j2000,297.7125,-20.729166666666664,305.5293301154302,-23.283893275247483,-7.816830115430207,2.5547266085808182,7.682813795073274
2025-07-20T12:00:00,pluto,of_date,297.7125,-20.729166666666664,305.9078904856057,-23.202575915086896,-8.195390485605742,2.473409248420232,7.991095208017186
2025-07-20T18:00:00,pluto,j2000,297.7083333333333,-20.730833333333333,305.52321428645274,-23.2856329469258,-7.814880953119427,2.5547996135924684,7.681052276648295
2025-07-20T18:00:00,pluto,of_date,297.7083333333333,-20.730833333333333,305.90180203631024,-23.204321647328232,-8.19346870297693,2.473488313994899,7.989338764875018
2025-07-21T00:00:00,pluto,j2000,297.69999999999993,-20.73222222222222,305.5170951519918,-23.287371077602486,-7.81709515199185,2.555148855380267,7.6830277944964696
2025-07-21T00:00:00,pluto,of_date,297.69999999999993,-20.73222222222222,305.89571132729805,-23.206065929198232,-8.195711327298113,2.4738437069760124,7.991345381395131
